item,zone,mean_RT,word,n_subjects,story_id,word_id,freq_token,word_freq,word_length,log_freq
1,1,578.9642857142857,If,84,1,1,If,123141271,2,8.090403631839822
1,2,369.01190476190476,you,84,1,2,you,578117187,3,8.762015880823492
1,3,368.18390804597703,were,87,1,3,were,457504590,4,8.660395455564592
1,4,344.3181818181818,to,88,1,4,to,4223327232,2,9.62565473275005
1,5,354.63953488372096,journey,86,1,5,journey,6826751,7,6.83421406261466
1,6,349.6741573033708,to,89,1,6,to,4223327232,2,9.62565473275005
1,7,376.3707865168539,the,89,1,7,the,9819942513,3,9.992108945387768
1,8,327.3103448275862,North,87,1,8,North,24140988,5,7.382755040167612
1,9,365.4943820224719,of,89,1,9,of,6162371881,2,9.789747903165104
1,10,344.9310344827586,"England,",87,1,10,England,21443938,8,7.331304542896825
1,11,400.2696629213483,you,89,1,11,you,578117187,3,8.762015880823492
1,12,372.59090909090907,would,88,1,12,would,319551796,5,8.504541262788026
1,13,350.37931034482756,come,87,1,13,come,69378970,4,7.841227848019203
1,14,319.08045977011494,to,87,1,14,to,4223327232,2,9.62565473275005
1,15,355.9310344827586,a,87,1,15,a,3213754375,1,9.507012680872096
1,16,343.8588235294118,valley,85,1,16,valley,4303289,6,6.633800513382263
1,17,330.7325581395349,that,86,1,17,that,1746480437,4,9.24216372530116
1,18,346.77906976744185,is,86,1,18,is,1780724214,2,9.250596664206503
1,19,360.28735632183907,surrounded,87,1,19,surrounded,4468786,10,6.650189557783113
1,20,337.04651162790697,by,86,1,20,by,877228367,2,8.94311266704604
1,21,359.36470588235295,moors,85,1,21,moors,116892,5,5.067784789393289
1,22,395.43023255813955,as,86,1,22,as,1139819594,2,9.056836118415085
1,23,414.5977011494253,high,87,1,23,high,78531970,4,7.895046492007248
1,24,390.95348837209303,as,86,1,24,as,1139819594,2,9.056836118415085
1,25,434.03614457831327,mountains.,83,1,25,mountains,5322969,10,6.726153936928317
1,26,457.3452380952381,It,84,1,26,It,278516683,2,8.444851214295534
1,27,399.92857142857144,is,84,1,27,is,1780724214,2,9.250596664206503
1,28,325.2470588235294,in,85,1,28,in,3271087682,2,9.514692185610274
1,29,318.2674418604651,this,86,1,29,this,599554050,4,8.777828340993896
1,30,341.22352941176473,valley,85,1,30,valley,4303289,6,6.633800513382263
1,31,375.8,where,85,1,31,where,136128991,5,8.133950625501162
1,32,363.1294117647059,you,85,1,32,you,578117187,3,8.762015880823492
1,33,365.4367816091954,would,87,1,33,would,319551796,5,8.504541262788026
1,34,323.5581395348837,find,86,1,34,find,59792457,4,7.776646399876377
1,35,305.32941176470587,the,85,1,35,the,9819942513,3,9.992108945387768
1,36,355.85714285714283,city,84,1,36,city,32761553,4,7.515364480492056
1,37,320.2988505747126,of,87,1,37,of,6162371881,2,9.789747903165104
1,38,418.4367816091954,"Bradford,",87,1,38,Bradford,737565,9,5.86780029976532
1,39,440.5764705882353,where,85,1,39,where,136128991,5,8.133950625501162
1,40,377.3095238095238,once,84,1,40,once,44407851,4,7.647459757154232
1,41,353.95402298850576,a,87,1,41,a,3213754375,1,9.507012680872096
1,42,397.41379310344826,thousand,87,1,42,thousand,12131335,8,7.083908595691872
1,43,455.13953488372096,spinning,86,1,43,spinning,1400425,8,6.1462598550672425
1,44,459.0238095238095,jennies,84,1,44,jennies,4296,7,3.6330642726914992
1,45,539.3176470588236,that,85,1,45,that,1746480437,4,9.24216372530116
1,46,538.5348837209302,hummed,86,1,46,hummed,184482,6,5.26595399823475
1,47,432.3139534883721,and,86,1,47,and,4873010095,3,9.687797311073117
1,48,407.40697674418607,clattered,86,1,48,clattered,121477,9,5.084494058027808
1,49,414.81176470588235,spun,85,1,49,spun,1103549,4,6.042791621554907
1,50,453.9647058823529,wool,85,1,50,wool,1729913,4,6.238024262336883
1,51,426.8720930232558,into,86,1,51,into,254637739,4,8.40592276940739
1,52,392.5595238095238,money,84,1,52,money,37145420,5,7.569905273242022
1,53,384.2068965517241,for,87,1,53,for,1388290219,3,9.14248026391068
1,54,385.4712643678161,the,87,1,54,the,9819942513,3,9.992108945387768
1,55,462.6470588235294,long-bearded,85,1,55,long - bearded,3517,12,3.5461723683169426
1,56,441.19767441860466,mill,86,1,56,mill,2322536,4,6.3659624544117195
1,57,476.8690476190476,owners.,84,1,57,owners,5647846,7,6.751882846283473
1,58,480.58620689655174,That,87,1,58,That,61071875,4,7.7858412537055965
1,59,415.6896551724138,all,87,1,59,all,374139462,3,8.573033517406971
1,60,439.01149425287355,mill,87,1,60,mill,2322536,4,6.3659624544117195
1,61,429.5287356321839,owners,87,1,61,owners,5647846,6,6.751882846283473
1,62,381.5287356321839,were,87,1,62,were,457504590,4,8.660395455564592
1,63,387.19767441860466,generally,86,1,63,generally,25469457,9,7.406019686054409
1,64,378.5402298850575,busy,87,1,64,busy,5424151,4,6.734331771116005
1,65,369.51190476190476,as,84,1,65,as,1139819594,2,9.056836118415085
1,66,388.72093023255815,beavers,86,1,66,beavers,102268,7,5.009739762769156
1,67,359.7906976744186,and,86,1,67,and,4873010095,3,9.687797311073117
1,68,362.5057471264368,quite,87,1,68,quite,32424104,5,7.510867983731221
1,69,385.735632183908,pleased,87,1,69,pleased,4509512,7,6.654129546939127
1,70,343.93023255813955,with,86,1,70,with,1110064802,4,9.0453483322367
1,71,370.37931034482756,themselves,87,1,71,themselves,41765392,10,7.620816561945348
1,72,371.47058823529414,for,85,1,72,for,1388290219,3,9.14248026391068
1,73,349.0581395348837,being,86,1,73,being,117515747,5,8.070096065560838
1,74,339.4651162790698,so,86,1,74,so,252284174,2,8.401890007711213
1,75,345.9647058823529,successful,85,1,75,successful,15958427,10,7.20299008132002
1,76,380.4767441860465,and,86,1,76,and,4873010095,3,9.687797311073117
1,77,362.9529411764706,well,85,1,77,well,134592416,4,8.129020588995349
1,78,361.2738095238095,off,84,1,78,off,72362056,3,7.85951089783357
1,79,357.0919540229885,was,87,1,79,was,1140172617,3,9.056970606543045
1,80,353.41379310344826,known,87,1,80,known,48608768,5,7.686714613924117
1,81,357.0232558139535,to,86,1,81,to,4223327232,2,9.62565473275005
1,82,344.45348837209303,the,86,1,82,the,9819942513,3,9.992108945387768
1,83,381.80232558139534,residents,86,1,83,residents,5484982,9,6.739175206694048
1,84,365.5,of,86,1,84,of,6162371881,2,9.789747903165104
1,85,388.9651162790698,"Bradford,",86,1,85,Bradford,737565,9,5.86780029976532
1,86,399.61176470588236,and,85,1,86,and,4873010095,3,9.687797311073117
1,87,367.6309523809524,if,84,1,87,if,232130093,2,8.365731445396332
1,88,328.6860465116279,you,86,1,88,you,578117187,3,8.762015880823492
1,89,329.86206896551727,were,87,1,89,were,457504590,4,8.660395455564592
1,90,331.6046511627907,to,86,1,90,to,4223327232,2,9.62565473275005
1,91,315.4186046511628,go,86,1,91,go,74237337,2,7.870622384722818
1,92,344.7931034482759,into,87,1,92,into,254637739,4,8.40592276940739
1,93,332.2823529411765,the,85,1,93,the,9819942513,3,9.992108945387768
1,94,326.1294117647059,city,85,1,94,city,32761553,4,7.515364480492056
1,95,319.5833333333333,to,84,1,95,to,4223327232,2,9.62565473275005
1,96,319.0813953488372,visit,86,1,96,visit,13227667,5,7.121483253229658
1,97,330.9186046511628,the,86,1,97,the,9819942513,3,9.992108945387768
1,98,370.7325581395349,stately,86,1,98,stately,511561,7,5.708897427654913
1,99,393.69767441860466,City,86,1,99,City,18069959,4,7.256957167165583
1,100,385.6279069767442,"Hall,",86,1,100,Hall,8981738,5,6.953360382410751
1,101,395.39080459770116,you,87,1,101,you,578117187,3,8.762015880823492
1,102,334.367816091954,would,87,1,102,would,319551796,5,8.504541262788026
1,103,327.7931034482759,see,87,1,103,see,158936043,3,8.201222396269541
1,104,333.4418604651163,there,86,1,104,there,243799443,5,8.38703270906619
1,105,341.1162790697674,the,86,1,105,the,9819942513,3,9.992108945387768
1,106,391.2298850574713,Crest,87,1,106,Crest,154346,5,5.188495378875208
1,107,381.24418604651163,of,86,1,107,of,6162371881,2,9.789747903165104
1,108,333.6385542168675,the,83,1,108,the,9819942513,3,9.992108945387768
1,109,341.7142857142857,City,84,1,109,City,18069959,4,7.256957167165583
1,110,353.95348837209303,of,86,1,110,of,6162371881,2,9.789747903165104
1,111,357.91764705882355,"Bradford,",85,1,111,Bradford,737565,9,5.86780029976532
1,112,387.5882352941176,which,85,1,112,which,508000647,5,8.705864265410595
1,113,374.15294117647056,those,85,1,113,those,131352362,5,8.118437886747845
1,114,356.63529411764705,same,85,1,114,same,119751381,4,8.078280530497635
1,115,394.0919540229885,mill,87,1,115,mill,2322536,4,6.3659624544117195
1,116,350.5,owners,86,1,116,owners,5647846,6,6.751882846283473
1,117,380.0581395348837,created,86,1,117,created,22166125,7,7.345689777994632
1,118,360.83720930232556,to,86,1,118,to,4223327232,2,9.62565473275005
1,119,371.52941176470586,celebrate,85,1,119,celebrate,1801842,9,6.255716705879134
1,120,342.9529411764706,their,85,1,120,their,438887121,5,8.642352836801459
1,121,400.26190476190476,achievements.,84,1,121,achievements,2219623,13,6.346279216377004
1,122,419.1860465116279,It,86,1,122,It,278516683,2,8.444851214295534
1,123,388.62068965517244,shows,87,1,123,shows,27219973,5,7.434887690082715
1,124,338.9080459770115,a,87,1,124,a,3213754375,1,9.507012680872096
1,125,380.2906976744186,sinister,86,1,125,sinister,695295,8,5.842169106301742
1,126,426.8837209302326,looking,86,1,126,looking,26020896,7,7.415322246920269
1,127,407.5176470588235,boar's,85,1,127,boar 's,21230,6,4.326949994165998
1,128,406.3837209302326,head,86,1,128,head,48252042,4,7.683515697173422
1,129,424.8390804597701,sitting,87,1,129,sitting,10039381,7,7.0017069362580315
1,130,356.8488372093023,on,86,1,130,on,993594775,2,8.99720929902148
1,131,340.74418604651163,top,86,1,131,top,26274935,3,7.419541650326303
1,132,349.91954022988506,of,87,1,132,of,6162371881,2,9.789747903165104
1,133,350.04597701149424,a,87,1,133,a,3213754375,1,9.507012680872096
1,134,343.13953488372096,well,86,1,134,well,134592416,4,8.129020588995349
1,135,375.66279069767444,which,86,1,135,which,508000647,5,8.705864265410595
1,136,423.2352941176471,seems,85,1,136,seems,30033228,5,7.477602013092953
1,137,425.9647058823529,puzzling,85,1,137,puzzling,570021,8,5.755890855700773
1,138,375.2068965517241,at,87,1,138,at,654432238,2,8.815864684979672
1,139,353.5176470588235,"first,",85,1,139,first,172429084,6,8.236610521090785
1,140,343.74418604651163,but,86,1,140,but,422070748,3,8.625385254020305
1,141,331.1046511627907,the,86,1,141,the,9819942513,3,9.992108945387768
1,142,358.85057471264366,reason,87,1,142,reason,33557823,6,7.525793779041232
1,143,340.8735632183908,for,87,1,143,for,1388290219,3,9.14248026391068
1,144,341.3103448275862,this,87,1,144,this,599554050,4,8.777828340993896
1,145,340.5581395348837,symbol,86,1,145,symbol,5637294,6,6.751070685032735
1,146,348.88505747126436,is,87,1,146,is,1780724214,2,9.250596664206503
1,147,328.1511627906977,a,86,1,147,a,3213754375,1,9.507012680872096
1,148,355.44827586206895,matter,87,1,148,matter,36582008,6,7.563267540380018
1,149,327.264367816092,of,87,1,149,of,6162371881,2,9.789747903165104
1,150,372.4117647058824,legend.,85,1,150,legend,2154194,7,6.333284811931131
1,151,392.7241379310345,There,87,1,151,There,98749156,5,7.994533392439164
1,152,364.28735632183907,was,87,1,152,was,1140172617,3,9.056970606543045
1,153,331.6551724137931,"once,",87,1,153,once,44407851,5,7.647459757154232
1,154,342.8965517241379,legend,87,1,154,legend,2154194,6,6.333284811931131
1,155,455.28735632183907,has,87,1,155,has,336617760,3,8.527137025681766
1,156,376.02298850574715,"it,",87,1,156,it,908536386,3,8.958342325064617
1,157,358.2068965517241,a,87,1,157,a,3213754375,1,9.507012680872096
1,158,369.04597701149424,fearsome,87,1,158,fearsome,218485,8,5.339421626016529
1,159,369.9767441860465,"boar,",86,1,159,boar,309920,5,5.491249603375036
1,160,375.0232558139535,which,86,1,160,which,508000647,5,8.705864265410595
1,161,363.3837209302326,lived,86,1,161,lived,16317525,5,7.212654286748969
1,162,324.90588235294115,in,85,1,162,in,3271087682,2,9.514692185610274
1,163,302.56976744186045,a,86,1,163,a,3213754375,1,9.507012680872096
1,164,363.19767441860466,wood,86,1,164,wood,8613398,4,6.9351745151611714
1,165,357.7674418604651,located,86,1,165,located,11818537,7,7.072563719172026
1,166,424.8735632183908,just,87,1,166,just,113263289,4,8.054089168749202
1,167,342.74117647058824,outside,85,1,167,outside,28641062,7,7.456989117413357
1,168,323.74418604651163,the,86,1,168,the,9819942513,3,9.992108945387768
1,169,350.36046511627904,manor,86,1,169,manor,448032,5,5.651309033924725
1,170,353.3333333333333,of,87,1,170,of,6162371881,2,9.789747903165104
1,171,407.0232558139535,Bradford.,86,1,171,Bradford,737565,9,5.86780029976532
1,172,391.6162790697674,A,86,1,172,A,276130546,1,8.441114451642763
1,173,365.5348837209302,source,86,1,173,source,25399984,6,7.404833443048525
1,174,345.7931034482759,of,87,1,174,of,6162371881,2,9.789747903165104
1,175,333.8045977011494,great,87,1,175,great,69441756,5,7.84162069447644
1,176,358.3103448275862,trouble,87,1,176,trouble,9674701,7,6.985637551876307
1,177,338.4651162790698,to,86,1,177,to,4223327232,2,9.62565473275005
1,178,319.2093023255814,the,86,1,178,the,9819942513,3,9.992108945387768
1,179,308.9418604651163,local,86,1,179,local,44984524,5,7.653063129388575
1,180,307.4470588235294,folk,85,1,180,folk,3479440,4,6.541509351854576
1,181,336.04651162790697,the,86,1,181,the,9819942513,3,9.992108945387768
1,182,346.2352941176471,boar,85,1,182,boar,309920,4,5.491249603375036
1,183,342.5529411764706,"was,",85,1,183,was,1140172617,4,9.056970606543045
1,184,374.7142857142857,bringing,84,1,184,bringing,6402128,8,6.806324352897455
1,185,374.5,terror,86,1,185,terror,3031171,6,6.48161043727874
1,186,347.4235294117647,to,85,1,186,to,4223327232,2,9.62565473275005
1,187,320.5,the,86,1,187,the,9819942513,3,9.992108945387768
1,188,332.1511627906977,peaceful,86,1,188,peaceful,2870661,8,6.457981909138072
1,189,336.86046511627904,flocks,86,1,189,flocks,500389,6,5.6993077540753205
1,190,329.51162790697674,and,86,1,190,and,4873010095,3,9.687797311073117
1,191,341.6860465116279,ravaging,86,1,191,ravaging,68248,8,4.834089928948096
1,192,359.86046511627904,the,86,1,192,the,9819942513,3,9.992108945387768
1,193,397.1162790697674,countryside,86,1,193,countryside,2140605,11,6.33053653551169
1,194,414.54761904761904,around.,84,1,194,around,66671286,7,7.823938832166472
1,195,429.8048780487805,Even,82,1,195,Even,24724315,4,7.393124268081507
1,196,385.1309523809524,"worse,",84,1,196,worse,7891988,6,6.897186416223115
1,197,364.8255813953488,"however,",86,1,197,however,63540861,8,7.803053095367042
1,198,360.6511627906977,the,86,1,198,the,9819942513,3,9.992108945387768
1,199,324.4186046511628,boar,86,1,199,boar,309920,4,5.491249603375036
1,200,337.50588235294117,most,85,1,200,most,165240742,4,8.21811713647268
1,201,356.4767441860465,liked,86,1,201,liked,6186837,5,6.791468674136524
1,202,343.0232558139535,to,86,1,202,to,4223327232,2,9.62565473275005
1,203,331.9651162790698,go,86,1,203,go,74237337,2,7.870622384722818
1,204,309.56470588235294,to,85,1,204,to,4223327232,2,9.62565473275005
1,205,318.4186046511628,the,86,1,205,the,9819942513,3,9.992108945387768
1,206,323.8953488372093,well,86,1,206,well,134592416,4,8.129020588995349
1,207,349.56976744186045,that,86,1,207,that,1746480437,4,9.24216372530116
1,208,338.2906976744186,was,86,1,208,was,1140172617,3,9.056970606543045
1,209,324.5232558139535,in,86,1,209,in,3271087682,2,9.514692185610274
1,210,300.6511627906977,the,86,1,210,the,9819942513,3,9.992108945387768
1,211,311.7906976744186,wood,86,1,211,wood,8613398,4,6.9351745151611714
1,212,356.7093023255814,and,86,1,212,and,4873010095,3,9.687797311073117
1,213,338.35714285714283,drink,84,1,213,drink,7737324,5,6.888590783294973
1,214,352.45882352941175,its,85,1,214,its,259806050,3,8.414649260097374
1,215,326.78823529411767,fresh,85,1,215,fresh,9401087,5,6.973178071770845
1,216,324.3764705882353,"water,",85,1,216,water,64469088,6,7.809351526588196
1,217,366.78823529411767,so,85,1,217,so,252284174,2,8.401890007711213
1,218,339.8139534883721,that,86,1,218,that,1746480437,4,9.24216372530116
1,219,313.45882352941175,the,85,1,219,the,9819942513,3,9.992108945387768
1,220,301.56626506024094,people,83,1,220,people,149869947,6,8.175714553724845
1,221,331.0,of,84,1,221,of,6162371881,2,9.789747903165104
1,222,313.91764705882355,Bradford,85,1,222,Bradford,737565,8,5.86780029976532
1,223,318.9294117647059,had,85,1,223,had,537932901,3,8.730728107371226
1,224,353.8720930232558,second,86,1,224,second,56709426,6,7.753655251477602
1,225,350.16470588235296,thoughts,85,1,225,thoughts,10545702,8,7.023075494893781
1,226,335.3837209302326,about,86,1,226,about,265782619,5,8.424526576609713
1,227,337.67816091954023,visiting,87,1,227,visiting,3299094,8,6.518394689931433
1,228,319.4418604651163,the,86,1,228,the,9819942513,3,9.992108945387768
1,229,335.3139534883721,well.,86,1,229,well,134592416,5,8.129020588995349
1,230,445.2093023255814,That,86,1,230,That,61071875,4,7.7858412537055965
1,231,350.47058823529414,the,85,1,231,the,9819942513,3,9.992108945387768
1,232,341.0,people,86,1,232,people,149869947,6,8.175714553724845
1,233,335.54651162790697,of,86,1,233,of,6162371881,2,9.789747903165104
1,234,319.5238095238095,Bradford,84,1,234,Bradford,737565,8,5.86780029976532
1,235,337.0813953488372,bore,86,1,235,bore,2751591,4,6.439583880274318
1,236,351.56470588235294,the,85,1,236,the,9819942513,3,9.992108945387768
1,237,370.6588235294118,brunt,85,1,237,brunt,235149,5,5.371343136195407
1,238,358.1162790697674,of,86,1,238,of,6162371881,2,9.789747903165104
1,239,336.21176470588233,the,85,1,239,the,9819942513,3,9.992108945387768
1,240,333.70238095238096,beast's,84,1,240,beast 's,42999,7,4.633458355590472
1,241,382.64285714285717,ferocity,84,1,241,ferocity,278431,8,5.444717587186481
1,242,402.26190476190476,was,84,1,242,was,1140172617,3,9.056970606543045
1,243,386.8333333333333,unfair,84,1,243,unfair,1826688,6,6.261664375787433
1,244,343.4651162790698,in,86,1,244,in,3271087682,2,9.514692185610274
1,245,314.95348837209303,the,86,1,245,the,9819942513,3,9.992108945387768
1,246,308.15294117647056,eyes,85,1,246,eyes,42210806,4,7.62542364492888
1,247,323.2906976744186,of,86,1,247,of,6162371881,2,9.789747903165104
1,248,312.72093023255815,the,86,1,248,the,9819942513,3,9.992108945387768
1,249,348.8255813953488,people,86,1,249,people,149869947,6,8.175714553724845
1,250,325.2,of,85,1,250,of,6162371881,2,9.789747903165104
1,251,305.2352941176471,the,85,1,251,the,9819942513,3,9.992108945387768
1,252,380.4470588235294,region.,85,1,252,region,22280073,7,7.347916609457044
1,253,415.66279069767444,"Eventually,",86,1,253,Eventually,2218786,11,6.346115416922893
1,254,342.66279069767444,the,86,1,254,the,9819942513,3,9.992108945387768
1,255,326.6860465116279,issue,86,1,255,issue,26967886,5,7.430846903645384
1,256,341.36046511627904,reached,86,1,256,reached,18512983,7,7.267476402332688
1,257,336.66279069767444,the,86,1,257,the,9819942513,3,9.992108945387768
1,258,346.6279069767442,ears,86,1,258,ears,4866350,4,6.687203341257832
1,259,320.8488372093023,of,86,1,259,of,6162371881,2,9.789747903165104
1,260,307.40697674418607,the,86,1,260,the,9819942513,3,9.992108945387768
1,261,328.0,kindly,86,1,261,kindly,1664380,6,6.2212524884584335
1,262,325.3255813953488,Lord,86,1,262,Lord,22162117,4,7.345611243308406
1,263,326.48837209302326,of,86,1,263,of,6162371881,2,9.789747903165104
1,264,302.01162790697674,the,86,1,264,the,9819942513,3,9.992108945387768
1,265,322.2906976744186,Manor,86,1,265,Manor,398133,5,5.6000281763882445
1,266,317.5813953488372,who,86,1,266,who,294018466,3,8.46837460738514
1,267,349.2674418604651,the,86,1,267,the,9819942513,3,9.992108945387768
1,268,327.36046511627904,people,86,1,268,people,149869947,6,8.175714553724845
1,269,334.8941176470588,had,85,1,269,had,537932901,3,8.730728107371226
1,270,321.0348837209302,often,86,1,270,often,74180388,5,7.870289100572778
1,271,326.1046511627907,asked,86,1,271,asked,46175331,5,7.664410017289502
1,272,317.8837209302326,for,86,1,272,for,1388290219,3,9.14248026391068
1,273,310.5348837209302,help.,86,1,273,help,53942915,5,7.73193441141996
1,274,334.95348837209303,The,86,1,274,The,1217211729,3,9.085366128549287
1,275,323.5813953488372,Lord,86,1,275,Lord,22162117,4,7.345611243308406
1,276,311.0813953488372,saw,86,1,276,saw,36746641,3,7.565217646499487
1,277,322.4418604651163,the,86,1,277,the,9819942513,3,9.992108945387768
1,278,334.83529411764704,severity,85,1,278,severity,2389980,8,6.378394266669485
1,279,340.0352941176471,of,85,1,279,of,6162371881,2,9.789747903165104
1,280,317.5764705882353,the,85,1,280,the,9819942513,3,9.992108945387768
1,281,324.74117647058824,problem,85,1,281,problem,49011206,7,7.6902953891623165
1,282,310.2,the,85,1,282,the,9819942513,3,9.992108945387768
1,283,330.5232558139535,people,86,1,283,people,149869947,6,8.175714553724845
1,284,317.2674418604651,faced,86,1,284,faced,7102446,5,6.851407940460278
1,285,327.22093023255815,and,86,1,285,and,4873010095,3,9.687797311073117
1,286,325.06976744186045,suggested,86,1,286,suggested,15644892,9,7.194372569465853
1,287,348.59302325581393,a,86,1,287,a,3213754375,1,9.507012680872096
1,288,331.5348837209302,contest,86,1,288,contest,2238178,7,6.349894622560395
1,289,328.54117647058825,could,85,1,289,could,205904563,5,8.313665971017075
1,290,332.6,solve,85,1,290,solve,5061342,5,6.704265684017853
1,291,295.4642857142857,the,84,1,291,the,9819942513,3,9.992108945387768
1,292,308.2470588235294,problem.,85,1,292,problem,49011206,8,7.6902953891623165
1,293,331.8705882352941,He,85,1,293,He,239125461,2,8.378625820294372
1,294,315.7529411764706,said,85,1,294,said,171981082,4,8.235480676937357
1,295,313.47058823529414,that,85,1,295,that,1746480437,4,9.24216372530116
1,296,306.61176470588236,whoever,85,1,296,whoever,1317362,7,6.119705131833344
1,297,338.47058823529414,could,85,1,297,could,205904563,5,8.313665971017075
1,298,308.45348837209303,kill,86,1,298,kill,7599359,4,6.8807769614251
1,299,310.83720930232556,the,86,1,299,the,9819942513,3,9.992108945387768
1,300,297.8235294117647,boar,85,1,300,boar,309920,4,5.491249603375036
1,301,303.6470588235294,and,85,1,301,and,4873010095,3,9.687797311073117
1,302,286.7294117647059,bring,85,1,302,bring,21687869,5,7.336216881336125
1,303,288.52941176470586,as,85,1,303,as,1139819594,2,9.056836118415085
1,304,331.61176470588236,proof,85,1,304,proof,6786238,5,6.831629086708181
1,305,340.7294117647059,its,85,1,305,its,259806050,3,8.414649260097374
1,306,300.5529411764706,head,85,1,306,head,48252042,4,7.683515697173422
1,307,300.0235294117647,to,85,1,307,to,4223327232,2,9.62565473275005
1,308,294.4470588235294,the,85,1,308,the,9819942513,3,9.992108945387768
1,309,320.7647058823529,Manor,85,1,309,Manor,398133,5,5.6000281763882445
1,310,316.90588235294115,House,85,1,310,House,19438505,5,7.288662860630521
1,311,328.8809523809524,would,84,1,311,would,319551796,5,8.504541262788026
1,312,317.3333333333333,be,84,1,312,be,964072174,2,8.984109548007202
1,313,321.42857142857144,rewarded,84,1,313,rewarded,1263320,8,6.1015133716413
1,314,305.49411764705883,with,85,1,314,with,1110064802,4,9.0453483322367
1,315,314.09411764705885,land,85,1,315,land,36688838,4,7.564533957104014
1,316,328.32142857142856,and,84,1,316,and,4873010095,3,9.687797311073117
1,317,335.9761904761905,fame.,84,1,317,fame,2125715,5,6.327505037127864
1,318,318.2261904761905,It,84,1,318,It,278516683,2,8.444851214295534
1,319,329.32941176470587,was,85,1,319,was,1140172617,3,9.056970606543045
1,320,316.2705882352941,the,85,1,320,the,9819942513,3,9.992108945387768
1,321,309.5301204819277,people,83,1,321,people,149869947,6,8.175714553724845
1,322,316.0722891566265,of,83,1,322,of,6162371881,2,9.789747903165104
1,323,328.90361445783134,Bradford,83,1,323,Bradford,737565,8,5.86780029976532
1,324,324.0,and,84,1,324,and,4873010095,3,9.687797311073117
1,325,331.0352941176471,the,85,1,325,the,9819942513,3,9.992108945387768
1,326,293.82142857142856,people,84,1,326,people,149869947,6,8.175714553724845
1,327,299.86746987951807,who,83,1,327,who,294018466,3,8.46837460738514
1,328,332.90588235294115,knew,85,1,328,knew,37182349,4,7.570336822916057
1,329,340.2823529411765,them,85,1,329,them,240201864,4,8.380576373265777
1,330,318.54651162790697,who,86,1,330,who,294018466,3,8.46837460738514
1,331,361.98823529411766,rejoiced,85,1,331,rejoiced,346775,8,5.540047780403344
1,332,347.77647058823527,at,85,1,332,at,654432238,2,8.815864684979672
1,333,325.1904761904762,this,84,1,333,this,599554050,4,8.777828340993896
1,334,367.22352941176473,proclamation,85,1,334,proclamation,914548,12,5.961206504331919
1,335,365.70588235294116,but,85,1,335,but,422070748,3,8.625385254020305
1,336,356.18823529411765,one,85,1,336,one,398913374,3,8.600878596743621
1,337,349.3809523809524,question,84,1,337,question,44123698,8,7.644671903443856
1,338,381.2705882352941,remained:,85,1,338,remained,15552573,9,7.1918022484923005
1,339,383.3452380952381,who,84,1,339,who,294018466,3,8.46837460738514
1,340,331.78823529411767,would,85,1,340,would,319551796,5,8.504541262788026
1,341,317.91764705882355,kill,85,1,341,kill,7599359,4,6.8807769614251
1,342,317.4117647058824,the,85,1,342,the,9819942513,3,9.992108945387768
1,343,295.1058823529412,boar?,85,1,343,boar,309920,5,5.491249603375036
1,344,324.3058823529412,By,85,1,344,By,38834595,2,7.589218780324019
1,345,309.3529411764706,the,85,1,345,the,9819942513,3,9.992108945387768
1,346,331.38823529411764,handsome,85,1,346,handsome,2651402,8,6.423475579542164
1,347,355.4823529411765,reward,85,1,347,reward,3549720,6,6.550194097491495
1,348,399.8,many,85,1,348,many,138917121,4,8.142755774158092
1,349,416.5529411764706,felt,85,1,349,felt,35889439,4,7.554966669781874
1,350,368.1294117647059,"tempted,",85,1,350,tempted,1549098,8,6.190078893235605
1,351,354.0352941176471,but,85,1,351,but,422070748,3,8.625385254020305
1,352,340.91764705882355,the,85,1,352,the,9819942513,3,9.992108945387768
1,353,354.75,thought,84,1,353,thought,64294078,7,7.808170972763039
1,354,305.20238095238096,of,84,1,354,of,6162371881,2,9.789747903165104
1,355,306.8588235294118,the,85,1,355,the,9819942513,3,9.992108945387768
1,356,306.5952380952381,boar,84,1,356,boar,309920,4,5.491249603375036
1,357,326.83529411764704,with,85,1,357,with,1110064802,4,9.0453483322367
1,358,320.88235294117646,its,85,1,358,its,259806050,3,8.414649260097374
1,359,312.9404761904762,deadly,84,1,359,deadly,1695296,6,6.229245537313982
1,360,312.6,tusks,85,1,360,tusks,141882,5,5.151927301753964
1,361,328.23809523809524,and,84,1,361,and,4873010095,3,9.687797311073117
1,362,316.23809523809524,face,84,1,362,face,45765806,4,7.660541115300077
1,363,306.5833333333333,like,84,1,363,like,167991828,4,8.225288155887608
1,364,326.8095238095238,thunder,84,1,364,thunder,1122965,7,6.050366220603629
1,365,325.1058823529412,soon,85,1,365,soon,26497323,4,7.423201999783804
1,366,331.61176470588236,put,85,1,366,put,49376612,3,7.693521287293289
1,367,312.42857142857144,an,84,1,367,an,576832090,2,8.761049412810996
1,368,293.29411764705884,end,85,1,368,end,66509685,3,7.822884890954196
1,369,292.32941176470587,to,85,1,369,to,4223327232,2,9.62565473275005
1,370,285.8705882352941,their,85,1,370,their,438887121,5,8.642352836801459
1,371,341.81176470588235,ambitions.,85,1,371,ambitions,1197056,10,6.078114467801652
1,372,400.89285714285717,"However,",84,1,372,However,53726413,8,7.730187846220871
1,373,374.7469879518072,there,83,1,373,there,243799443,5,8.38703270906619
1,374,343.42857142857144,was,84,1,374,was,1140172617,3,9.056970606543045
1,375,316.0,one,83,1,375,one,398913374,3,8.600878596743621
1,376,361.16470588235296,"huntsman,",85,1,376,huntsman,60870,9,4.7844033017530085
1,377,386.18823529411765,who,85,1,377,who,294018466,3,8.46837460738514
1,378,322.11764705882354,was,85,1,378,was,1140172617,3,9.056970606543045
1,379,297.6,still,85,1,379,still,82706155,5,7.917537830992306
1,380,308.57142857142856,wet,84,1,380,wet,5090834,3,6.706788935957124
1,381,344.0357142857143,behind,84,1,381,behind,28598426,6,7.456342131089687
1,382,312.75,the,84,1,382,the,9819942513,3,9.992108945387768
1,383,298.67857142857144,"ears,",84,1,383,ears,4866350,5,6.687203341257832
1,384,318.2823529411765,who,85,1,384,who,294018466,3,8.46837460738514
1,385,317.3764705882353,decided,85,1,385,decided,17207383,7,7.235714825290881
1,386,293.8452380952381,the,84,1,386,the,9819942513,3,9.992108945387768
1,387,302.0,prize,85,1,387,prize,1999559,5,6.300934223171416
1,388,304.9759036144578,was,83,1,388,was,1140172617,3,9.056970606543045
1,389,300.2857142857143,worth,84,1,389,worth,12274006,5,7.088986331247591
1,390,308.8333333333333,a,84,1,390,a,3213754375,1,9.507012680872096
1,391,305.3855421686747,"shot,",83,1,391,shot,10073717,5,7.00318974609835
1,392,315.4938271604938,in,81,1,392,in,3271087682,2,9.514692185610274
1,393,333.21176470588233,spite,85,1,393,spite,5588003,5,6.747256630599463
1,394,294.2352941176471,of,85,1,394,of,6162371881,2,9.789747903165104
1,395,293.1707317073171,the,82,1,395,the,9819942513,3,9.992108945387768
1,396,299.65060240963857,boar's,83,1,396,boar 's,21230,6,4.326949994165998
1,397,325.6666666666667,reputation.,81,1,397,reputation,5223356,11,6.717949626366713
1,398,362.34939759036143,The,83,1,398,The,1217211729,3,9.085366128549287
1,399,383.9047619047619,huntsman,84,1,399,huntsman,60870,8,4.7844033017530085
1,400,353.32142857142856,discovered,84,1,400,discovered,10134571,10,7.005805369578015
1,401,333.6470588235294,the,85,1,401,the,9819942513,3,9.992108945387768
1,402,337.8705882352941,boar,85,1,402,boar,309920,4,5.491249603375036
1,403,351.0238095238095,preferred,84,1,403,preferred,6241124,9,6.795262811323196
1,404,337.8292682926829,to,82,1,404,to,4223327232,2,9.62565473275005
1,405,323.4404761904762,come,84,1,405,come,69378970,4,7.841227848019203
1,406,305.8433734939759,out,83,1,406,out,242417228,3,8.384563480838569
1,407,302.32142857142856,in,84,1,407,in,3271087682,2,9.514692185610274
1,408,293.04761904761904,the,84,1,408,the,9819942513,3,9.992108945387768
1,409,299.43529411764706,middle,85,1,409,middle,19971508,6,7.300410858628966
1,410,297.51190476190476,of,84,1,410,of,6162371881,2,9.789747903165104
1,411,284.26190476190476,the,84,1,411,the,9819942513,3,9.992108945387768
1,412,305.6823529411765,day.,85,1,412,day,88338993,4,7.946152444310691
1,413,349.2261904761905,So,84,1,413,So,40649409,2,7.6090542357872915
1,414,321.1309523809524,he,84,1,414,he,602878183,2,8.780229567869084
1,415,321.925,went,80,1,415,went,48598135,4,7.686619603115173
1,416,274.0,to,83,1,416,to,4223327232,2,9.62565473275005
1,417,280.9166666666667,the,84,1,417,the,9819942513,3,9.992108945387768
1,418,292.4404761904762,wood,84,1,418,wood,8613398,4,6.9351745151611714
1,419,303.3333333333333,by,84,1,419,by,877228367,2,8.94311266704604
1,420,300.67857142857144,the,84,1,420,the,9819942513,3,9.992108945387768
1,421,291.9529411764706,well,85,1,421,well,134592416,4,8.129020588995349
1,422,310.56626506024094,with,83,1,422,with,1110064802,4,9.0453483322367
1,423,314.0,his,85,1,423,his,632876249,3,8.80131879748875
1,424,319.70588235294116,good,85,1,424,good,99518711,4,7.997904742254174
1,425,350.9759036144578,"bow,",83,1,425,bow,2850894,4,6.454981069967862
1,426,344.5595238095238,to,84,1,426,to,4223327232,2,9.62565473275005
1,427,349.4117647058824,bide,85,1,427,bide,79091,4,4.898127066649166
1,428,370.8313253012048,his,83,1,428,his,632876249,3,8.80131879748875
1,429,342.33734939759034,time.,83,1,429,time,252986157,5,8.403096757922885
1,430,356.79761904761904,Around,84,1,430,Around,1654019,6,6.218540494060399
1,431,354.2470588235294,"noontime,",85,1,431,noontime,43965,9,4.6431070774941166
1,432,360.4642857142857,the,84,1,432,the,9819942513,3,9.992108945387768
1,433,322.83529411764704,"boar,",85,1,433,boar,309920,5,5.491249603375036
1,434,317.2,feared,85,1,434,feared,3268205,6,6.514309290080846
1,435,329.36046511627904,by,86,1,435,by,877228367,2,8.94311266704604
1,436,337.16279069767444,the,86,1,436,the,9819942513,3,9.992108945387768
1,437,304.3488372093023,"locals,",86,1,437,locals,813912,7,5.910577451596339
1,438,346.6235294117647,came,85,1,438,came,61302439,4,7.787477753852336
1,439,326.5882352941176,"out,",85,1,439,out,242417228,4,8.384563480838569
1,440,309.0235294117647,as,85,1,440,as,1139819594,2,9.056836118415085
1,441,319.7176470588235,slow,85,1,441,slow,9550031,4,6.98000478133318
1,442,317.9268292682927,as,82,1,442,as,1139819594,2,9.056836118415085
1,443,297.9390243902439,a,82,1,443,a,3213754375,1,9.507012680872096
1,444,360.8941176470588,"snail,",85,1,444,snail,333225,6,5.522737576632571
1,445,352.63529411764705,from,85,1,445,from,708532803,4,8.850359961615387
1,446,340.9764705882353,among,85,1,446,among,56872364,5,7.754901280842588
1,447,331.08235294117645,the,85,1,447,the,9819942513,3,9.992108945387768
1,448,309.15294117647056,"trees,",85,1,448,trees,12681082,6,7.10315631084711
1,449,317.7294117647059,just,85,1,449,just,113263289,4,8.054089168749202
1,450,324.9156626506024,as,83,1,450,as,1139819594,2,9.056836118415085
1,451,320.26190476190476,the,84,1,451,the,9819942513,3,9.992108945387768
1,452,321.6470588235294,huntsman,85,1,452,huntsman,60870,8,4.7844033017530085
1,453,333.21176470588233,had,85,1,453,had,537932901,3,8.730728107371226
1,454,344.0722891566265,predicted.,83,1,454,predicted,3979644,10,6.599844223895136
1,455,404.23809523809524,The,84,1,455,The,1217211729,3,9.085366128549287
1,456,365.0,huntsman,85,1,456,huntsman,60870,8,4.7844033017530085
1,457,323.3095238095238,leaped,84,1,457,leaped,771890,6,5.887555414588578
1,458,339.9642857142857,from,84,1,458,from,708532803,4,8.850359961615387
1,459,322.1411764705882,his,85,1,459,his,632876249,3,8.80131879748875
1,460,313.3764705882353,hiding,85,1,460,hiding,2401429,6,6.380469750931659
1,461,314.26506024096386,place,83,1,461,place,78015798,5,7.892182555120126
1,462,309.08641975308643,and,81,1,462,and,4873010095,3,9.687797311073117
1,463,316.45882352941175,through,85,1,463,through,147254130,7,8.168067484179392
1,464,334.04651162790697,the,86,1,464,the,9819942513,3,9.992108945387768
1,465,363.1860465116279,heart,86,1,465,heart,32678215,5,7.514258325803391
1,466,388.1411764705882,with,85,1,466,with,1110064802,4,9.0453483322367
1,467,367.3176470588235,his,85,1,467,his,632876249,3,8.80131879748875
1,468,343.4470588235294,fine,85,1,468,fine,15623119,4,7.193767740761986
1,469,342.45238095238096,arrows,84,1,469,arrows,1877184,6,6.273506843888356
1,470,356.7738095238095,shot,84,1,470,shot,10073717,4,7.00318974609835
1,471,351.4096385542169,the,83,1,471,the,9819942513,3,9.992108945387768
1,472,364.3614457831325,boar.,83,1,472,boar,309920,5,5.491249603375036
1,473,387.1927710843373,Now,83,1,473,Now,27643142,3,7.4415874046829735
1,474,332.7738095238095,the,84,1,474,the,9819942513,3,9.992108945387768
1,475,325.6823529411765,problem,85,1,475,problem,49011206,7,7.6902953891623165
1,476,308.64285714285717,was,84,1,476,was,1140172617,3,9.056970606543045
1,477,318.45882352941175,no,85,1,477,no,236436100,2,8.373713787073193
1,478,310.2261904761905,longer,84,1,478,longer,28040212,6,7.447781292821087
1,479,331.7529411764706,to,85,1,479,to,4223327232,2,9.62565473275005
1,480,325.2261904761905,kill,84,1,480,kill,7599359,4,6.8807769614251
1,481,305.35714285714283,the,84,1,481,the,9819942513,3,9.992108945387768
1,482,315.3855421686747,boar.,83,1,482,boar,309920,5,5.491249603375036
1,483,338.13253012048193,It,83,1,483,It,278516683,2,8.444851214295534
1,484,310.1666666666667,was,84,1,484,was,1140172617,3,9.056970606543045
1,485,306.50588235294117,to,85,1,485,to,4223327232,2,9.62565473275005
1,486,313.7951807228916,find,83,1,486,find,59792457,4,7.776646399876377
1,487,329.8072289156627,a,83,1,487,a,3213754375,1,9.507012680872096
1,488,308.0357142857143,way,84,1,488,way,133443039,3,8.125295923925421
1,489,291.6588235294118,to,85,1,489,to,4223327232,2,9.62565473275005
1,490,304.52941176470586,carry,85,1,490,carry,12615369,5,7.1008999581687
1,491,313.09411764705885,the,85,1,491,the,9819942513,3,9.992108945387768
1,492,312.91764705882355,boar,85,1,492,boar,309920,4,5.491249603375036
1,493,330.70238095238096,back.,84,1,493,back,107859495,5,8.032858382582713
1,494,411.66265060240966,The,83,1,494,The,1217211729,3,9.085366128549287
1,495,347.63529411764705,head,85,1,495,head,48252042,4,7.683515697173422
1,496,357.94117647058823,was,85,1,496,was,1140172617,3,9.056970606543045
1,497,337.4,too,85,1,497,too,82143809,3,7.9145748371751425
1,498,342.2470588235294,heavy,85,1,498,heavy,13424014,5,7.127882396413676
1,499,345.29411764705884,for,85,1,499,for,1388290219,3,9.14248026391068
1,500,315.8,the,85,1,500,the,9819942513,3,9.992108945387768
1,501,319.42857142857144,little,84,1,501,little,78869880,6,7.89691118005035
1,502,346.3095238095238,huntsman,84,1,502,huntsman,60870,8,4.7844033017530085
1,503,338.4578313253012,to,83,1,503,to,4223327232,2,9.62565473275005
1,504,318.98809523809524,carry,84,1,504,carry,12615369,5,7.1008999581687
1,505,332.11764705882354,back,85,1,505,back,107859495,4,8.032858382582713
1,506,308.4117647058824,to,85,1,506,to,4223327232,2,9.62565473275005
1,507,312.3095238095238,the,84,1,507,the,9819942513,3,9.992108945387768
1,508,324.91764705882355,Manor,85,1,508,Manor,398133,5,5.6000281763882445
1,509,354.9529411764706,"House,",85,1,509,House,19438505,6,7.288662860630521
1,510,374.1190476190476,but,84,1,510,but,422070748,3,8.625385254020305
1,511,341.43373493975906,the,83,1,511,the,9819942513,3,9.992108945387768
1,512,327.85714285714283,"huntsman,",84,1,512,huntsman,60870,9,4.7844033017530085
1,513,314.73809523809524,who,84,1,513,who,294018466,3,8.46837460738514
1,514,310.27710843373495,was,83,1,514,was,1140172617,3,9.056970606543045
1,515,328.4235294117647,as,85,1,515,as,1139819594,2,9.056836118415085
1,516,331.89285714285717,quick-witted,84,1,516,quick - witted,34006,12,4.531555550483368
1,517,372.9166666666667,and,84,1,517,and,4873010095,3,9.687797311073117
1,518,349.11764705882354,cunning,85,1,518,cunning,777409,7,5.890649564115819
1,519,326.70238095238096,as,84,1,519,as,1139819594,2,9.056836118415085
1,520,319.66265060240966,"ever,",83,1,520,ever,39805996,5,7.599948495027969
1,521,317.18823529411765,asked,85,1,521,asked,46175331,5,7.664410017289502
1,522,340.4166666666667,"himself,",84,1,522,himself,51056413,8,7.708050299911476
1,523,319.83529411764704,'What,85,1,523,What,87561320,5,7.9423122999995375
1,524,327.25882352941176,else,85,1,524,else,23413085,4,7.3694586418129955
1,525,323.1927710843373,can,83,1,525,can,416290431,3,8.619396428153989
1,526,308.04761904761904,I,84,1,526,I,926120510,1,8.96666750225725
1,527,300.0470588235294,do,85,1,527,do,256960172,2,8.409865814299964
1,528,316.8235294117647,to,85,1,528,to,4223327232,2,9.62565473275005
1,529,348.27710843373495,prove,83,1,529,prove,8557322,5,6.932337874187739
1,530,300.7469879518072,I,83,1,530,I,926120510,1,8.96666750225725
1,531,334.04761904761904,killed,84,1,531,killed,11238786,6,7.050719401804611
1,532,306.0238095238095,the,84,1,532,the,9819942513,3,9.992108945387768
1,533,331.89285714285717,boar?',84,1,533,boar,309920,6,5.491249603375036
1,534,348.7647058823529,The,85,1,534,The,1217211729,3,9.085366128549287
1,535,334.77647058823527,next,85,1,535,next,47961300,4,7.6808909462194475
1,536,318.29411764705884,instance,85,1,536,instance,18016127,8,7.255661434628002
1,537,336.93023255813955,he,86,1,537,he,602878183,2,8.780229567869084
1,538,340.32941176470587,opened,85,1,538,opened,14564232,6,7.163287588383116
1,539,345.8,the,85,1,539,the,9819942513,3,9.992108945387768
1,540,343.2,boar's,85,1,540,boar 's,21230,6,4.326949994165998
1,541,329.3529411764706,mouth,85,1,541,mouth,13275186,5,7.123040614740907
1,542,358.0833333333333,and,84,1,542,and,4873010095,3,9.687797311073117
1,543,340.4,cut,85,1,543,cut,19831304,3,7.297351272015939
1,544,356.23809523809524,out,84,1,544,out,242417228,3,8.384563480838569
1,545,327.47058823529414,its,85,1,545,its,259806050,3,8.414649260097374
1,546,346.11764705882354,"tongue,",85,1,546,tongue,5228274,7,6.718358339729057
1,547,389.4470588235294,taking,85,1,547,taking,25974145,6,7.4145412606414025
1,548,368.0348837209302,that,86,1,548,that,1746480437,4,9.24216372530116
1,549,349.6046511627907,as,86,1,549,as,1139819594,2,9.056836118415085
1,550,338.8,proof,85,1,550,proof,6786238,5,6.831629086708181
1,551,311.43023255813955,for,86,1,551,for,1388290219,3,9.14248026391068
1,552,293.7093023255814,the,86,1,552,the,9819942513,3,9.992108945387768
1,553,314.5952380952381,Lord.,84,1,553,Lord,22162117,5,7.345611243308406
1,554,307.51190476190476,He,84,1,554,He,239125461,2,8.378625820294372
1,555,318.9764705882353,set,85,1,555,set,70534745,3,7.848403100603437
1,556,308.90588235294115,out,85,1,556,out,242417228,3,8.384563480838569
1,557,309.3690476190476,for,84,1,557,for,1388290219,3,9.14248026391068
1,558,315.45882352941175,the,85,1,558,the,9819942513,3,9.992108945387768
1,559,285.8139534883721,Manor,86,1,559,Manor,398133,5,5.6000281763882445
1,560,304.40697674418607,House,86,1,560,House,19438505,5,7.288662860630521
1,561,312.2857142857143,as,84,1,561,as,1139819594,2,9.056836118415085
1,562,297.23809523809524,quickly,84,1,562,quickly,18146835,7,7.258800890424716
1,563,308.50602409638554,as,83,1,563,as,1139819594,2,9.056836118415085
1,564,284.0357142857143,he,84,1,564,he,602878183,2,8.780229567869084
1,565,295.2705882352941,could,85,1,565,could,205904563,5,8.313665971017075
1,566,296.7176470588235,and,85,1,566,and,4873010095,3,9.687797311073117
1,567,287.7951807228916,he,83,1,567,he,602878183,2,8.780229567869084
1,568,288.76190476190476,had,84,1,568,had,537932901,3,8.730728107371226
1,569,295.14285714285717,only,84,1,569,only,224965302,4,8.352115538946988
1,570,293.96385542168673,been,83,1,570,been,310806848,4,8.492490579034436
1,571,291.64285714285717,gone,84,1,571,gone,17937353,4,7.253758354967242
1,572,285.6190476190476,a,84,1,572,a,3213754375,1,9.507012680872096
1,573,288.09638554216866,few,83,1,573,few,64575815,3,7.810069896034192
1,574,303.8095238095238,minutes,84,1,574,minutes,19913825,7,7.2991546862878645
1,575,312.0,when,84,1,575,when,249000060,4,8.396199451744996
1,576,303.72093023255815,a,86,1,576,a,3213754375,1,9.507012680872096
1,577,296.5,second,86,1,577,second,56709426,6,7.753655251477602
1,578,320.80232558139534,"huntsman,",86,1,578,huntsman,60870,9,4.7844033017530085
1,579,319.6588235294118,not,85,1,579,not,1006314753,3,9.002733839677335
1,580,321.6941176470588,so,85,1,580,so,252284174,2,8.401890007711213
1,581,320.56470588235294,bold,85,1,581,bold,2562505,4,6.4086647214668515
1,582,350.25882352941176,as,85,1,582,as,1139819594,2,9.056836118415085
1,583,317.01162790697674,the,86,1,583,the,9819942513,3,9.992108945387768
1,584,292.61176470588236,first,85,1,584,first,172429084,5,8.236610521090785
1,585,303.36470588235295,but,85,1,585,but,422070748,3,8.625385254020305
1,586,297.1511627906977,a,86,1,586,a,3213754375,1,9.507012680872096
1,587,312.76190476190476,little,84,1,587,little,78869880,6,7.89691118005035
1,588,312.45882352941175,more,85,1,588,more,329429635,4,8.517762665076773
1,589,303.1309523809524,"cunning,",84,1,589,cunning,777409,8,5.890649564115819
1,590,323.84705882352944,came,85,1,590,came,61302439,4,7.787477753852336
1,591,317.4470588235294,on,85,1,591,on,993594775,2,8.99720929902148
1,592,302.78823529411767,the,85,1,592,the,9819942513,3,9.992108945387768
1,593,339.29761904761904,scene.,84,1,593,scene,12232135,6,7.0875022655232565
1,594,386.29761904761904,Seeing,84,1,594,Seeing,1191200,6,6.07598468474412
1,595,314.91764705882355,the,85,1,595,the,9819942513,3,9.992108945387768
1,596,316.09411764705885,slain,85,1,596,slain,723487,5,5.859430731890456
1,597,327.6162790697674,carcass,86,1,597,carcass,335947,7,5.526270767202021
1,598,335.98837209302326,of,86,1,598,of,6162371881,2,9.789747903165104
1,599,296.2352941176471,the,85,1,599,the,9819942513,3,9.992108945387768
1,600,320.6470588235294,"boar,",85,1,600,boar,309920,5,5.491249603375036
1,601,314.84705882352944,the,85,1,601,the,9819942513,3,9.992108945387768
1,602,323.9529411764706,huntsman,85,1,602,huntsman,60870,8,4.7844033017530085
1,603,327.1058823529412,rejoiced,85,1,603,rejoiced,346775,8,5.540047780403344
1,604,325.0352941176471,in,85,1,604,in,3271087682,2,9.514692185610274
1,605,299.2352941176471,his,85,1,605,his,632876249,3,8.80131879748875
1,606,302.38823529411764,good,85,1,606,good,99518711,4,7.997904742254174
1,607,299.5529411764706,fortune.,85,1,607,fortune,3300609,8,6.518594079555978
1,608,321.8705882352941,The,85,1,608,The,1217211729,3,9.085366128549287
1,609,338.7176470588235,second,85,1,609,second,56709426,6,7.753655251477602
1,610,310.54117647058825,huntsman,85,1,610,huntsman,60870,8,4.7844033017530085
1,611,312.2823529411765,knew,85,1,611,knew,37182349,4,7.570336822916057
1,612,308.92857142857144,a,84,1,612,a,3213754375,1,9.507012680872096
1,613,298.1904761904762,shortcut,84,1,613,shortcut,655198,8,5.816372563065107
1,614,326.3411764705882,to,85,1,614,to,4223327232,2,9.62565473275005
1,615,327.6235294117647,the,85,1,615,the,9819942513,3,9.992108945387768
1,616,294.2048192771084,Manor,83,1,616,Manor,398133,5,5.6000281763882445
1,617,297.6744186046512,House,86,1,617,House,19438505,5,7.288662860630521
1,618,299.6511627906977,was,86,1,618,was,1140172617,3,9.056970606543045
1,619,315.6235294117647,just,85,1,619,just,113263289,4,8.054089168749202
1,620,298.9761904761905,around,84,1,620,around,66671286,6,7.823938832166472
1,621,295.87951807228916,the,83,1,621,the,9819942513,3,9.992108945387768
1,622,301.7857142857143,nearby,84,1,622,nearby,4756208,6,6.677260839066285
1,623,304.0,"pond,",84,1,623,pond,1463397,5,6.165362160383871
1,624,322.21176470588233,"and,",85,1,624,and,4873010095,4,9.687797311073117
1,625,329.1904761904762,being,84,1,625,being,117515747,5,8.070096065560838
1,626,312.60714285714283,a,84,1,626,a,3213754375,1,9.507012680872096
1,627,305.90588235294115,bigger,85,1,627,bigger,3025646,6,6.480818114288611
1,628,305.84705882352944,man,85,1,628,man,97465290,3,7.988849979336074
1,629,296.90588235294115,than,85,1,629,than,248883542,4,8.395996178830753
1,630,287.77647058823527,the,85,1,630,the,9819942513,3,9.992108945387768
1,631,287.9047619047619,"first,",84,1,631,first,172429084,6,8.236610521090785
1,632,299.2261904761905,was,84,1,632,was,1140172617,3,9.056970606543045
1,633,293.26506024096386,able,83,1,633,able,42495598,4,7.628343945030945
1,634,270.56626506024094,to,83,1,634,to,4223327232,2,9.62565473275005
1,635,281.0,pick,84,1,635,pick,6368929,4,6.804066407453711
1,636,283.3690476190476,up,84,1,636,up,232348461,2,8.366139800200205
1,637,274.81176470588235,the,85,1,637,the,9819942513,3,9.992108945387768
1,638,302.77647058823527,boar's,85,1,638,boar 's,21230,6,4.326949994165998
1,639,307.74117647058824,head,85,1,639,head,48252042,4,7.683515697173422
1,640,312.6,and,85,1,640,and,4873010095,3,9.687797311073117
1,641,308.29411764705884,carry,85,1,641,carry,12615369,5,7.1008999581687
1,642,293.2857142857143,it,84,1,642,it,908536386,2,8.958342325064617
1,643,286.1309523809524,through,84,1,643,through,147254130,7,8.168067484179392
1,644,288.82142857142856,the,84,1,644,the,9819942513,3,9.992108945387768
1,645,287.9879518072289,wood,83,1,645,wood,8613398,4,6.9351745151611714
1,646,305.6463414634146,towards,82,1,646,towards,20140341,7,7.304066819403529
1,647,318.08235294117645,the,85,1,647,the,9819942513,3,9.992108945387768
1,648,298.2857142857143,prize,84,1,648,prize,1999559,5,6.300934223171416
1,649,314.43529411764706,that,85,1,649,that,1746480437,4,9.24216372530116
1,650,333.81176470588235,awaited,85,1,650,awaited,856594,7,5.932775028061931
1,651,324.3333333333333,him.,84,1,651,him,230330497,4,8.362351444703018
1,652,354.10843373493975,The,83,1,652,The,1217211729,3,9.085366128549287
1,653,299.8588235294118,Lord,85,1,653,Lord,22162117,4,7.345611243308406
1,654,293.9764705882353,of,85,1,654,of,6162371881,2,9.789747903165104
1,655,285.855421686747,the,83,1,655,the,9819942513,3,9.992108945387768
1,656,267.225,Manor,80,1,656,Manor,398133,5,5.6000281763882445
1,657,291.609756097561,was,82,1,657,was,1140172617,3,9.056970606543045
1,658,284.2560975609756,seated,82,1,658,seated,2983271,6,6.474692706415629
1,659,300.7831325301205,in,83,1,659,in,3271087682,2,9.514692185610274
1,660,318.9047619047619,his,84,1,660,his,632876249,3,8.80131879748875
1,661,283.3764705882353,hall,85,1,661,hall,5857441,4,6.7677079227912404
1,662,281.67058823529413,when,85,1,662,when,249000060,4,8.396199451744996
1,663,286.6823529411765,the,85,1,663,the,9819942513,3,9.992108945387768
1,664,293.10714285714283,second,84,1,664,second,56709426,6,7.753655251477602
1,665,296.3176470588235,huntsman,85,1,665,huntsman,60870,8,4.7844033017530085
1,666,295.05882352941177,burst,85,1,666,burst,3346798,5,6.524629500785402
1,667,302.23809523809524,through,84,1,667,through,147254130,7,8.168067484179392
1,668,303.16470588235296,the,85,1,668,the,9819942513,3,9.992108945387768
1,669,284.4823529411765,door,85,1,669,door,28468168,4,7.454359520076683
1,670,287.48809523809524,and,84,1,670,and,4873010095,3,9.687797311073117
1,671,281.2261904761905,began,84,1,671,began,38623128,5,7.586847443398012
1,672,292.47058823529414,to,85,1,672,to,4223327232,2,9.62565473275005
1,673,292.7261904761905,spin,84,1,673,spin,2746279,4,6.438744655990825
1,674,284.81176470588235,a,85,1,674,a,3213754375,1,9.507012680872096
1,675,292.32941176470587,line.,85,1,675,line,47965608,5,7.680929953848659
1,676,333.6666666666667,'The,84,1,676,The,1217211729,4,9.085366128549287
1,677,352.77647058823527,woes,85,1,677,woes,282863,4,5.451576143120711
1,678,319.4047619047619,of,84,1,678,of,6162371881,2,9.789747903165104
1,679,325.10843373493975,Bradford,83,1,679,Bradford,737565,8,5.86780029976532
1,680,316.6941176470588,are,85,1,680,are,817391287,3,8.912430004028879
1,681,309.83529411764704,ended!',85,1,681,ended,8015011,7,6.903904122727097
1,682,326.9759036144578,he,83,1,682,he,602878183,2,8.780229567869084
1,683,328.32142857142856,announced.,84,1,683,announced,5630117,10,6.7505174200603
1,684,366.6470588235294,'With,85,1,684,With,35965854,5,7.55589037697058
1,685,335.35714285714283,my,84,1,685,my,230745730,2,8.363133673058314
1,686,323.4470588235294,own,85,1,686,own,109739389,3,8.04036253782956
1,687,302.29411764705884,hand,85,1,687,hand,63081980,4,7.799905316387664
1,688,286.2289156626506,I,83,1,688,I,926120510,1,8.96666750225725
1,689,349.65060240963857,have,83,1,689,have,593092485,4,8.773122421177646
1,690,285.0120481927711,slain,83,1,690,slain,723487,5,5.859430731890456
1,691,283.82142857142856,the,84,1,691,the,9819942513,3,9.992108945387768
1,692,293.45238095238096,boar!',84,1,692,boar,309920,6,5.491249603375036
1,693,303.8192771084337,"And,",83,1,693,And,105274919,4,8.022324915940162
1,694,301.2738095238095,with,84,1,694,with,1110064802,4,9.0453483322367
1,695,276.4166666666667,"that,",84,1,695,that,1746480437,5,9.24216372530116
1,696,282.20238095238096,at,84,1,696,at,654432238,2,8.815864684979672
1,697,298.5238095238095,the,84,1,697,the,9819942513,3,9.992108945387768
1,698,301.5903614457831,feet,83,1,698,feet,23073556,4,7.3631145313293755
1,699,287.39285714285717,of,84,1,699,of,6162371881,2,9.789747903165104
1,700,288.17857142857144,his,84,1,700,his,632876249,3,8.80131879748875
1,701,281.45238095238096,lord,84,1,701,lord,2862991,4,6.456819982790554
1,702,310.9761904761905,he,84,1,702,he,602878183,2,8.780229567869084
1,703,296.9647058823529,dropped,85,1,703,dropped,7178101,7,6.856009564812779
1,704,289.68674698795184,the,83,1,704,the,9819942513,3,9.992108945387768
1,705,297.6,boar's,85,1,705,boar 's,21230,6,4.326949994165998
1,706,315.5952380952381,enormous,84,1,706,enormous,5284735,8,6.723023214742184
1,707,329.6,head.,85,1,707,head,48252042,5,7.683515697173422
1,708,371.2738095238095,'Then,84,1,708,Then,39430787,5,7.59583544525345
1,709,338.8235294117647,you,85,1,709,you,578117187,3,8.762015880823492
1,710,301.6666666666667,will,84,1,710,will,314222543,4,8.497237339040392
1,711,285.0352941176471,be,85,1,711,be,964072174,2,8.984109548007202
1,712,308.2705882352941,"rewarded,",85,1,712,rewarded,1263320,9,6.1015133716413
1,713,311.05882352941177,as,85,1,713,as,1139819594,2,9.056836118415085
1,714,288.1058823529412,I,85,1,714,I,926120510,1,8.96666750225725
1,715,298.25882352941176,promised.',85,1,715,promised,5574370,10,6.746195791723053
1,716,326.29761904761904,'But,84,1,716,But,139866870,4,8.14571485616373
1,717,341.77647058823527,"first,",85,1,717,first,172429084,6,8.236610521090785
1,718,306.5357142857143,let,84,1,718,let,35077105,3,7.545023742778182
1,719,304.0843373493976,me,83,1,719,me,196933753,2,8.294320157404627
1,720,295.7261904761905,examine,84,1,720,examine,7511339,7,6.875717362899797
1,721,306.17857142857144,the,84,1,721,the,9819942513,3,9.992108945387768
1,722,304.89285714285717,head,84,1,722,head,48252042,4,7.683515697173422
1,723,302.3095238095238,of,84,1,723,of,6162371881,2,9.789747903165104
1,724,298.1547619047619,this,84,1,724,this,599554050,4,8.777828340993896
1,725,359.9166666666667,"monster,'",84,1,725,monster,1450114,9,6.161402145424493
1,726,312.6309523809524,said,84,1,726,said,171981082,4,8.235480676937357
1,727,299.20238095238096,the,84,1,727,the,9819942513,3,9.992108945387768
1,728,307.60714285714283,Lord,84,1,728,Lord,22162117,4,7.345611243308406
1,729,300.5529411764706,of,85,1,729,of,6162371881,2,9.789747903165104
1,730,291.52941176470586,the,85,1,730,the,9819942513,3,9.992108945387768
1,731,306.6024096385542,Manor.,83,1,731,Manor,398133,6,5.6000281763882445
1,732,322.7647058823529,To,85,1,732,To,69417655,2,7.841469938667553
1,733,306.51190476190476,not,84,1,733,not,1006314753,3,9.002733839677335
1,734,318.66265060240966,examine,83,1,734,examine,7511339,7,6.875717362899797
1,735,345.21176470588233,the,85,1,735,the,9819942513,3,9.992108945387768
1,736,304.6904761904762,head,84,1,736,head,48252042,4,7.683515697173422
1,737,300.88235294117646,in,85,1,737,in,3271087682,2,9.514692185610274
1,738,305.0,advance,84,1,738,advance,8091306,7,6.908018625792318
1,739,318.9642857142857,had,84,1,739,had,537932901,3,8.730728107371226
1,740,314.1309523809524,not,84,1,740,not,1006314753,3,9.002733839677335
1,741,323.8690476190476,been,84,1,741,been,310806848,4,8.492490579034436
1,742,329.8095238095238,very,84,1,742,very,134366972,4,8.128292530318264
1,743,337.17857142857144,clever,84,1,743,clever,1870677,6,6.27199880661951
1,744,335.76190476190476,on,84,1,744,on,993594775,2,8.99720929902148
1,745,333.04651162790697,the,86,1,745,the,9819942513,3,9.992108945387768
1,746,323.75,part,84,1,746,part,92088752,4,7.964206587388475
1,747,291.3614457831325,of,83,1,747,of,6162371881,2,9.789747903165104
1,748,280.07142857142856,the,84,1,748,the,9819942513,3,9.992108945387768
1,749,331.4761904761905,huntsman.,84,1,749,huntsman,60870,9,4.7844033017530085
1,750,387.4823529411765,Right,85,1,750,Right,6699265,5,6.826027157334529
1,751,350.5421686746988,"away,",83,1,751,away,56906743,5,7.7551637299132725
1,752,325.0357142857143,the,84,1,752,the,9819942513,3,9.992108945387768
1,753,318.04761904761904,Lord,84,1,753,Lord,22162117,4,7.345611243308406
1,754,315.5595238095238,noticed,84,1,754,noticed,6953790,7,6.8422215711303425
1,755,317.08235294117645,the,85,1,755,the,9819942513,3,9.992108945387768
1,756,302.16470588235296,tongue,85,1,756,tongue,5228274,6,6.718358339729057
1,757,304.45882352941175,of,85,1,757,of,6162371881,2,9.789747903165104
1,758,287.2738095238095,the,84,1,758,the,9819942513,3,9.992108945387768
1,759,288.10714285714283,boar,84,1,759,boar,309920,4,5.491249603375036
1,760,300.0,was,85,1,760,was,1140172617,3,9.056970606543045
1,761,295.2261904761905,missing,84,1,761,missing,5863582,7,6.768163002976204
1,762,322.1904761904762,and,84,1,762,and,4873010095,3,9.687797311073117
1,763,315.25882352941176,"exclaimed,",85,1,763,exclaimed,2353102,10,6.371640752963121
1,764,341.57142857142856,'What,84,1,764,What,87561320,5,7.9423122999995375
1,765,335.64285714285717,is,84,1,765,is,1780724214,2,9.250596664206503
1,766,327.6235294117647,this?,85,1,766,this,599554050,5,8.777828340993896
1,767,308.1764705882353,A,85,1,767,A,276130546,1,8.441114451642763
1,768,324.74117647058824,boar,85,1,768,boar,309920,4,5.491249603375036
1,769,284.2,with,85,1,769,with,1110064802,4,9.0453483322367
1,770,297.3452380952381,no,84,1,770,no,236436100,2,8.373713787073193
1,771,307.3058823529412,tongue?',85,1,771,tongue,5228274,8,6.718358339729057
1,772,329.78823529411767,He,85,1,772,He,239125461,2,8.378625820294372
1,773,311.7647058823529,looked,85,1,773,looked,37086942,6,7.569221025097896
1,774,306.09411764705885,at,85,1,774,at,654432238,2,8.815864684979672
1,775,291.60714285714283,the,84,1,775,the,9819942513,3,9.992108945387768
1,776,315.90588235294115,"huntsman,",85,1,776,huntsman,60870,9,4.7844033017530085
1,777,359.08235294117645,dubiously.,85,1,777,dubiously,68711,10,4.837026269183051
1,778,344.47058823529414,'How,85,1,778,How,42231777,4,7.625639355757318
1,779,338.48809523809524,come,84,1,779,come,69378970,4,7.841227848019203
1,780,331.8690476190476,this,84,1,780,this,599554050,4,8.777828340993896
1,781,308.6823529411765,creature,85,1,781,creature,3163415,8,6.500156169591151
1,782,301.05882352941177,has,85,1,782,has,336617760,3,8.527137025681766
1,783,294.1190476190476,no,84,1,783,no,236436100,2,8.373713787073193
1,784,331.94117647058823,tongue?',85,1,784,tongue,5228274,8,6.718358339729057
1,785,342.74117647058824,he,85,1,785,he,602878183,2,8.780229567869084
1,786,295.76190476190476,demanded.,84,1,786,demanded,5016316,9,6.700384886820587
1,787,315.0235294117647,All,85,1,787,All,45246223,3,7.65558233163579
1,788,312.56470588235294,eyes,85,1,788,eyes,42210806,4,7.62542364492888
1,789,305.67857142857144,were,84,1,789,were,457504590,4,8.660395455564592
1,790,289.79761904761904,on,84,1,790,on,993594775,2,8.99720929902148
1,791,282.47058823529414,the,85,1,791,the,9819942513,3,9.992108945387768
1,792,302.2,huntsman.,85,1,792,huntsman,60870,9,4.7844033017530085
1,793,313.92857142857144,The,84,1,793,The,1217211729,3,9.085366128549287
1,794,309.0352941176471,huntsman,85,1,794,huntsman,60870,8,4.7844033017530085
1,795,296.36470588235295,questioned,85,1,795,questioned,2703531,10,6.431931353771732
1,796,320.1764705882353,by,85,1,796,by,877228367,2,8.94311266704604
1,797,310.07142857142856,the,84,1,797,the,9819942513,3,9.992108945387768
1,798,317.6235294117647,Lord,85,1,798,Lord,22162117,4,7.345611243308406
1,799,327.5238095238095,"replied,",84,1,799,replied,9141323,8,6.961009054598101
1,800,317.08235294117645,'I,85,1,800,I,926120510,2,8.96666750225725
1,801,315.3333333333333,cannot,84,1,801,can not,66819566,6,7.824903650523644
1,802,304.1666666666667,"say,",84,1,802,say,65187655,4,7.814165358415893
1,803,312.0,my,84,1,803,my,230745730,2,8.363133673058314
1,804,297.1309523809524,Lord.',84,1,804,Lord,22162117,6,7.345611243308406
1,805,313.3411764705882,He,85,1,805,He,239125461,2,8.378625820294372
1,806,307.77647058823527,was,85,1,806,was,1140172617,3,9.056970606543045
1,807,298.15294117647056,suddenly,85,1,807,suddenly,10432550,8,7.018390474828468
1,808,339.67857142857144,realizing,84,1,808,realizing,1482798,9,6.171081991580921
1,809,326.1666666666667,his,84,1,809,his,632876249,3,8.80131879748875
1,810,352.65060240963857,tricky,83,1,810,tricky,550618,6,5.740850404610702
1,811,334.8235294117647,situation,85,1,811,situation,29153658,9,7.464693054791234
1,812,338.5813953488372,could,86,1,812,could,205904563,5,8.313665971017075
1,813,316.9647058823529,end,85,1,813,end,66509685,3,7.822884890954196
1,814,307.3452380952381,badly,84,1,814,badly,3287455,5,6.516859816741786
1,815,317.5833333333333,for,84,1,815,for,1388290219,3,9.14248026391068
1,816,309.9047619047619,him.,84,1,816,him,230330497,4,8.362351444703018
1,817,391.2142857142857,Through,84,1,817,Through,6176647,7,6.790752781792153
1,818,338.0,the,83,1,818,the,9819942513,3,9.992108945387768
1,819,336.4096385542169,door,83,1,819,door,28468168,4,7.454359520076683
1,820,290.8292682926829,at,82,1,820,at,654432238,2,8.815864684979672
1,821,297.4268292682927,this,82,1,821,this,599554050,4,8.777828340993896
1,822,300.6829268292683,"moment,",82,1,822,moment,29123824,7,7.464248397875378
1,823,321.5595238095238,the,84,1,823,the,9819942513,3,9.992108945387768
1,824,296.73809523809524,first,84,1,824,first,172429084,5,8.236610521090785
1,825,307.5238095238095,huntsman,84,1,825,huntsman,60870,8,4.7844033017530085
1,826,311.6941176470588,burst.,85,1,826,burst,3346798,6,6.524629500785402
1,827,319.10714285714283,'The,84,1,827,The,1217211729,4,9.085366128549287
1,828,340.9277108433735,woes,83,1,828,woes,282863,4,5.451576143120711
1,829,330.45238095238096,of,84,1,829,of,6162371881,2,9.789747903165104
1,830,301.8705882352941,Bradford,85,1,830,Bradford,737565,8,5.86780029976532
1,831,302.1411764705882,are,85,1,831,are,817391287,3,8.912430004028879
1,832,292.9642857142857,ended!',84,1,832,ended,8015011,7,6.903904122727097
1,833,299.5542168674699,he,83,1,833,he,602878183,2,8.780229567869084
1,834,303.81176470588235,cried.,85,1,834,cried,5416949,6,6.73375474676999
1,835,295.18823529411765,'I,85,1,835,I,926120510,2,8.96666750225725
1,836,317.0,have,85,1,836,have,593092485,4,8.773122421177646
1,837,289.39285714285717,slain,84,1,837,slain,723487,5,5.859430731890456
1,838,286.49397590361446,the,83,1,838,the,9819942513,3,9.992108945387768
1,839,275.8690476190476,boar,84,1,839,boar,309920,4,5.491249603375036
1,840,289.77647058823527,the,85,1,840,the,9819942513,3,9.992108945387768
1,841,289.7738095238095,people,84,1,841,people,149869947,6,8.175714553724845
1,842,284.1190476190476,of,84,1,842,of,6162371881,2,9.789747903165104
1,843,289.21176470588233,Bradford,85,1,843,Bradford,737565,8,5.86780029976532
1,844,301.98823529411766,dreaded!',85,1,844,dreaded,674403,9,5.828919493527344
1,845,361.5764705882353,All,85,1,845,All,45246223,3,7.65558233163579
1,846,354.6823529411765,eyes,85,1,846,eyes,42210806,4,7.62542364492888
1,847,310.5882352941176,turned,85,1,847,turned,31575372,6,7.499348475825803
1,848,289.2048192771084,to,83,1,848,to,4223327232,2,9.62565473275005
1,849,296.5833333333333,the,84,1,849,the,9819942513,3,9.992108945387768
1,850,280.20238095238096,man,84,1,850,man,97465290,3,7.988849979336074
1,851,276.43373493975906,who,83,1,851,who,294018466,3,8.46837460738514
1,852,288.5595238095238,now,84,1,852,now,112827853,3,8.05241632403567
1,853,297.6309523809524,stood,84,1,853,stood,17437380,5,7.241481231914181
1,854,298.5529411764706,in,85,1,854,in,3271087682,2,9.514692185610274
1,855,284.56626506024094,the,83,1,855,the,9819942513,3,9.992108945387768
1,856,291.9390243902439,doorway.,82,1,856,doorway,1916234,8,6.282448541644182
1,857,302.69879518072287,'The,83,1,857,The,1217211729,4,9.085366128549287
1,858,315.32530120481925,reward,83,1,858,reward,3549720,6,6.550194097491495
1,859,310.42857142857144,is,84,1,859,is,1780724214,2,9.250596664206503
1,860,323.75,already,84,1,860,already,40871799,7,7.611423753898969
1,861,310.0609756097561,"given,'",82,1,861,given,66612125,7,7.82355328834915
1,862,357.4096385542169,said,83,1,862,said,171981082,4,8.235480676937357
1,863,310.3048780487805,the,82,1,863,the,9819942513,3,9.992108945387768
1,864,298.4235294117647,Lord,85,1,864,Lord,22162117,4,7.345611243308406
1,865,298.2705882352941,of,85,1,865,of,6162371881,2,9.789747903165104
1,866,293.0235294117647,the,85,1,866,the,9819942513,3,9.992108945387768
1,867,281.0352941176471,Manor.,85,1,867,Manor,398133,6,5.6000281763882445
1,868,301.1309523809524,'The,84,1,868,The,1217211729,4,9.085366128549287
1,869,311.45882352941175,man,85,1,869,man,97465290,3,7.988849979336074
1,870,322.4166666666667,here,84,1,870,here,77002046,4,7.886502264843974
1,871,312.95238095238096,has,84,1,871,has,336617760,3,8.527137025681766
1,872,295.38823529411764,brought,85,1,872,brought,29618021,7,7.47155603671413
1,873,280.83529411764704,to,85,1,873,to,4223327232,2,9.62565473275005
1,874,269.4404761904762,me,84,1,874,me,196933753,2,8.294320157404627
1,875,285.98823529411766,the,85,1,875,the,9819942513,3,9.992108945387768
1,876,298.9166666666667,boar's,84,1,876,boar 's,21230,6,4.326949994165998
1,877,306.7176470588235,head.',85,1,877,head,48252042,6,7.683515697173422
1,878,316.1190476190476,'Then,84,1,878,Then,39430787,5,7.59583544525345
1,879,318.2823529411765,where,85,1,879,where,136128991,5,8.133950625501162
1,880,322.7142857142857,is,84,1,880,is,1780724214,2,9.250596664206503
1,881,306.8690476190476,its,84,1,881,its,259806050,3,8.414649260097374
1,882,361.0352941176471,tongue?',85,1,882,tongue,5228274,8,6.718358339729057
1,883,355.84705882352944,the,85,1,883,the,9819942513,3,9.992108945387768
1,884,314.7857142857143,first,84,1,884,first,172429084,5,8.236610521090785
1,885,331.5238095238095,huntsman,84,1,885,huntsman,60870,8,4.7844033017530085
1,886,327.29761904761904,replied.,84,1,886,replied,9141323,8,6.961009054598101
1,887,356.0352941176471,"And,",85,1,887,And,105274919,4,8.022324915940162
1,888,360.9529411764706,so,85,1,888,so,252284174,2,8.401890007711213
1,889,321.54761904761904,"saying,",84,1,889,saying,16371671,7,7.214093008614314
1,890,318.6904761904762,he,84,1,890,he,602878183,2,8.780229567869084
1,891,323.61176470588236,drew,85,1,891,drew,6347750,4,6.802619814151103
1,892,308.47058823529414,out,85,1,892,out,242417228,3,8.384563480838569
1,893,308.11764705882354,the,85,1,893,the,9819942513,3,9.992108945387768
1,894,306.3809523809524,boar's,84,1,894,boar 's,21230,6,4.326949994165998
1,895,312.77647058823527,tongue,85,1,895,tongue,5228274,6,6.718358339729057
1,896,331.6588235294118,he,85,1,896,he,602878183,2,8.780229567869084
1,897,316.76190476190476,had,84,1,897,had,537932901,3,8.730728107371226
1,898,308.2674418604651,put,86,1,898,put,49376612,3,7.693521287293289
1,899,300.42857142857144,in,84,1,899,in,3271087682,2,9.514692185610274
1,900,306.26190476190476,his,84,1,900,his,632876249,3,8.80131879748875
1,901,293.76190476190476,hunting,84,1,901,hunting,3880630,7,6.588902236757399
1,902,309.6666666666667,pouch,84,1,902,pouch,579050,5,5.762716065949462
1,903,318.8941176470588,and,85,1,903,and,4873010095,3,9.687797311073117
1,904,335.56470588235294,related,85,1,904,related,32471782,7,7.5115061226737625
1,905,335.6235294117647,how,85,1,905,how,128607031,3,8.109264712297628
1,906,313.2705882352941,he,85,1,906,he,602878183,2,8.780229567869084
1,907,300.1294117647059,had,85,1,907,had,537932901,3,8.730728107371226
1,908,335.2352941176471,ambushed,85,1,908,ambushed,138658,8,5.141944931653694
1,909,313.4235294117647,the,85,1,909,the,9819942513,3,9.992108945387768
1,910,305.49411764705883,creature,85,1,910,creature,3163415,8,6.500156169591151
1,911,298.6235294117647,in,85,1,911,in,3271087682,2,9.514692185610274
1,912,288.13253012048193,the,83,1,912,the,9819942513,3,9.992108945387768
1,913,293.9642857142857,wood,84,1,913,wood,8613398,4,6.9351745151611714
1,914,289.94117647058823,and,85,1,914,and,4873010095,3,9.687797311073117
1,915,284.2823529411765,cut,85,1,915,cut,19831304,3,7.297351272015939
1,916,290.28915662650604,out,83,1,916,out,242417228,3,8.384563480838569
1,917,272.4404761904762,its,84,1,917,its,259806050,3,8.414649260097374
1,918,288.1058823529412,tongue,85,1,918,tongue,5228274,6,6.718358339729057
1,919,288.49411764705883,as,85,1,919,as,1139819594,2,9.056836118415085
1,920,284.1294117647059,proof,85,1,920,proof,6786238,5,6.831629086708181
1,921,306.56470588235294,of,85,1,921,of,6162371881,2,9.789747903165104
1,922,274.25882352941176,his,85,1,922,his,632876249,3,8.80131879748875
1,923,292.8705882352941,victory.,85,1,923,victory,5565155,8,6.74547726475469
1,924,317.0843373493976,Listening,83,1,924,Listening,670303,9,5.8262711631212065
1,925,338.2073170731707,to,82,1,925,to,4223327232,2,9.62565473275005
1,926,293.54761904761904,the,84,1,926,the,9819942513,3,9.992108945387768
1,927,283.2142857142857,"tale,",84,1,927,tale,3569661,5,6.552626974425935
1,928,318.75,the,84,1,928,the,9819942513,3,9.992108945387768
1,929,290.75,Lord,84,1,929,Lord,22162117,4,7.345611243308406
1,930,276.6470588235294,of,85,1,930,of,6162371881,2,9.789747903165104
1,931,283.1058823529412,the,85,1,931,the,9819942513,3,9.992108945387768
1,932,290.4,Manor,85,1,932,Manor,398133,5,5.6000281763882445
1,933,281.23809523809524,tried,84,1,933,tried,20190743,5,7.3051523008585875
1,934,277.2261904761905,to,84,1,934,to,4223327232,2,9.62565473275005
1,935,286.68674698795184,discern,83,1,935,discern,1055330,7,6.023388284059461
1,936,303.1463414634146,which,82,1,936,which,508000647,5,8.705864265410595
1,937,297.48192771084337,huntsman,83,1,937,huntsman,60870,8,4.7844033017530085
1,938,308.3764705882353,was,85,1,938,was,1140172617,3,9.056970606543045
1,939,292.4470588235294,telling,85,1,939,telling,8529549,7,6.930926068448945
1,940,291.91764705882355,him,85,1,940,him,230330497,3,8.362351444703018
1,941,295.77647058823527,the,85,1,941,the,9819942513,3,9.992108945387768
1,942,285.18823529411765,truth,85,1,942,truth,21212229,5,7.326586306967151
1,943,287.7647058823529,and,85,1,943,and,4873010095,3,9.687797311073117
1,944,279.82142857142856,what,84,1,944,what,218817723,4,8.340082494486747
1,945,295.3058823529412,the,85,1,945,the,9819942513,3,9.992108945387768
1,946,288.5176470588235,two,85,1,946,two,201126338,3,8.303468946275931
1,947,299.0357142857143,huntsmen,84,1,947,huntsmen,31747,8,4.501702691990101
1,948,308.0238095238095,were,84,1,948,were,457504590,4,8.660395455564592
1,949,301.144578313253,thinking,83,1,949,thinking,21994320,8,7.342310539406181
1,950,321.4404761904762,as,84,1,950,as,1139819594,2,9.056836118415085
1,951,309.36470588235295,they,85,1,951,they,418953705,4,8.622166035439204
1,952,302.63529411764705,waited,85,1,952,waited,5178307,6,6.7141877943517745
1,953,297.29411764705884,for,85,1,953,for,1388290219,3,9.14248026391068
1,954,290.74117647058824,him,85,1,954,him,230330497,3,8.362351444703018
1,955,276.8809523809524,to,84,1,955,to,4223327232,2,9.62565473275005
1,956,276.64285714285717,make,84,1,956,make,111219711,4,8.046181762245393
1,957,276.7142857142857,a,84,1,957,a,3213754375,1,9.507012680872096
1,958,279.06024096385545,decision.,83,1,958,decision,27152106,9,7.433803520433427
1,959,325.2048192771084,Almost,83,1,959,Almost,2698955,6,6.4311956435729645
1,960,329.67058823529413,"instantly,",85,1,960,instantly,2145741,10,6.331577299615448
1,961,318.6235294117647,the,85,1,961,the,9819942513,3,9.992108945387768
1,962,300.16470588235296,Lord,85,1,962,Lord,22162117,4,7.345611243308406
1,963,278.7294117647059,saw,85,1,963,saw,36746641,3,7.565217646499487
1,964,285.4047619047619,that,84,1,964,that,1746480437,4,9.24216372530116
1,965,297.1566265060241,the,83,1,965,the,9819942513,3,9.992108945387768
1,966,279.3690476190476,second,84,1,966,second,56709426,6,7.753655251477602
1,967,295.4823529411765,huntsman,85,1,967,huntsman,60870,8,4.7844033017530085
1,968,327.6309523809524,had,84,1,968,had,537932901,3,8.730728107371226
1,969,319.75,fed,84,1,969,fed,3765916,3,6.575870628706845
1,970,343.63529411764705,him,85,1,970,him,230330497,3,8.362351444703018
1,971,335.88235294117646,a,85,1,971,a,3213754375,1,9.507012680872096
1,972,309.82142857142856,pack,84,1,972,pack,2918823,4,6.465207759786238
1,973,309.0705882352941,of,85,1,973,of,6162371881,2,9.789747903165104
1,974,334.18823529411765,lies,85,1,974,lies,9119275,4,6.959960312449559
1,975,320.98823529411766,and,85,1,975,and,4873010095,3,9.687797311073117
1,976,304.3764705882353,it,85,1,976,it,908536386,2,8.958342325064617
1,977,291.66265060240966,was,83,1,977,was,1140172617,3,9.056970606543045
1,978,277.9047619047619,the,84,1,978,the,9819942513,3,9.992108945387768
1,979,274.9642857142857,first,84,1,979,first,172429084,5,8.236610521090785
1,980,299.6309523809524,huntsman,84,1,980,huntsman,60870,8,4.7844033017530085
1,981,296.6707317073171,who,82,1,981,who,294018466,3,8.46837460738514
1,982,276.0843373493976,was,83,1,982,was,1140172617,3,9.056970606543045
1,983,268.67469879518075,the,83,1,983,the,9819942513,3,9.992108945387768
1,984,286.6309523809524,true,84,1,984,true,37153771,4,7.5700028999640585
1,985,311.6588235294118,savior,85,1,985,savior,252326,6,5.401962003092906
1,986,295.3333333333333,of,84,1,986,of,6162371881,2,9.789747903165104
1,987,293.8313253012048,Bradford.,83,1,987,Bradford,737565,9,5.86780029976532
1,988,321.8048780487805,The,82,1,988,The,1217211729,3,9.085366128549287
1,989,306.29411764705884,Lord,85,1,989,Lord,22162117,4,7.345611243308406
1,990,295.1309523809524,believed,84,1,990,believed,14506062,8,7.161549529336973
1,991,303.70238095238096,the,84,1,991,the,9819942513,3,9.992108945387768
1,992,290.29411764705884,second,85,1,992,second,56709426,6,7.753655251477602
1,993,307.4117647058824,huntsman,85,1,993,huntsman,60870,8,4.7844033017530085
1,994,308.21176470588233,had,85,1,994,had,537932901,3,8.730728107371226
1,995,317.5529411764706,tried,85,1,995,tried,20190743,5,7.3051523008585875
1,996,292.3058823529412,to,85,1,996,to,4223327232,2,9.62565473275005
1,997,271.03614457831327,steal,83,1,997,steal,1503787,5,6.177186326098953
1,998,285.2261904761905,the,84,1,998,the,9819942513,3,9.992108945387768
1,999,280.61176470588236,first,85,1,999,first,172429084,5,8.236610521090785
1,1000,329.4,huntsman's,85,1,1000,huntsman 's,5248,10,3.719993826367604
1,1001,338.8452380952381,prize,84,1,1001,prize,1999559,5,6.300934223171416
1,1002,305.9294117647059,and,85,1,1002,and,4873010095,3,9.687797311073117
1,1003,303.51190476190476,so,84,1,1003,so,252284174,2,8.401890007711213
1,1004,308.1309523809524,proclaimed,84,1,1004,proclaimed,1901252,10,6.27903968391234
1,1005,316.54117647058825,the,85,1,1005,the,9819942513,3,9.992108945387768
1,1006,311.61176470588236,first,85,1,1006,first,172429084,5,8.236610521090785
1,1007,303.86746987951807,huntsman,83,1,1007,huntsman,60870,8,4.7844033017530085
1,1008,297.8072289156627,the,83,1,1008,the,9819942513,3,9.992108945387768
1,1009,291.855421686747,true,83,1,1009,true,37153771,4,7.5700028999640585
1,1010,333.5176470588235,victor.,85,1,1010,victor,303467,7,5.482111471368069
1,1011,311.8941176470588,The,85,1,1011,The,1217211729,3,9.085366128549287
1,1012,306.3734939759036,Lord,83,1,1012,Lord,22162117,4,7.345611243308406
1,1013,324.14285714285717,wondered,84,1,1013,wondered,5177466,8,6.714117255598157
1,1014,298.65060240963857,for,83,1,1014,for,1388290219,3,9.14248026391068
1,1015,312.0238095238095,a,84,1,1015,a,3213754375,1,9.507012680872096
1,1016,308.3529411764706,moment,85,1,1016,moment,29123824,6,7.464248397875378
1,1017,309.0238095238095,why,84,1,1017,why,37439826,3,7.573333821705612
1,1018,303.14285714285717,he,84,1,1018,he,602878183,2,8.780229567869084
1,1019,305.79761904761904,always,84,1,1019,always,61220587,6,7.786897489417453
1,1020,294.10714285714283,encountered,84,1,1020,encountered,4172025,11,6.62034690218247
1,1021,364.29761904761904,so,84,1,1021,so,252284174,2,8.401890007711213
1,1022,324.8658536585366,much,82,1,1022,much,116385957,4,8.065900581986279
1,1023,370.9761904761905,chicanery,84,1,1023,chicanery,52872,9,4.723225738862373
1,1024,440.1764705882353,in,85,1,1024,in,3271087682,2,9.514692185610274
1,1025,366.2823529411765,his,85,1,1025,his,632876249,3,8.80131879748875
1,1026,371.4642857142857,everyday,84,1,1026,everyday,4565185,8,6.659458381618661
1,1027,399.8095238095238,interactions.,84,1,1027,interactions,6686819,13,6.825219567799109
1,1028,377.8095238095238,The,84,1,1028,The,1217211729,3,9.085366128549287
1,1029,409.5833333333333,huntsman,84,1,1029,huntsman,60870,8,4.7844033017530085
1,1030,341.5882352941176,who,85,1,1030,who,294018466,3,8.46837460738514
1,1031,309.32941176470587,had,85,1,1031,had,537932901,3,8.730728107371226
1,1032,354.7951807228916,earned,83,1,1032,earned,3868494,6,6.587541927607239
1,1033,351.87951807228916,his,83,1,1033,his,632876249,3,8.80131879748875
1,1034,346.87951807228916,prize,83,1,1034,prize,1999559,5,6.300934223171416
1,1035,326.3095238095238,fair,84,1,1035,fair,10168232,4,7.00724544659103
1,1036,336.20238095238096,and,84,1,1036,and,4873010095,3,9.687797311073117
1,1037,302.85714285714283,square,84,1,1037,square,9853529,6,6.993591799100884
1,1038,312.65060240963857,received,83,1,1038,received,24664326,8,7.392069252030868
1,1039,312.01176470588234,as,85,1,1039,as,1139819594,2,9.056836118415085
1,1040,331.7647058823529,his,85,1,1040,his,632876249,3,8.80131879748875
1,1041,303.8809523809524,reward,84,1,1041,reward,3549720,6,6.550194097491495
1,1042,311.0833333333333,a,84,1,1042,a,3213754375,1,9.507012680872096
1,1043,333.8452380952381,piece,84,1,1043,piece,13321986,5,7.1245689729234565
1,1044,323.3809523809524,of,84,1,1044,of,6162371881,2,9.789747903165104
1,1045,318.8809523809524,land,84,1,1045,land,36688838,4,7.564533957104014
1,1046,339.17857142857144,just,84,1,1046,just,113263289,4,8.054089168749202
1,1047,334.3690476190476,outside,84,1,1047,outside,28641062,7,7.456989117413357
1,1048,285.3529411764706,the,85,1,1048,the,9819942513,3,9.992108945387768
1,1049,289.90588235294115,"town,",85,1,1049,town,21082393,5,7.323919904819015
1,1050,310.8690476190476,known,84,1,1050,known,48608768,5,7.686714613924117
1,1051,350.79761904761904,thereafter,84,1,1051,thereafter,2309442,10,6.363507059721232
1,1052,355.5529411764706,as,85,1,1052,as,1139819594,2,9.056836118415085
1,1053,335.1411764705882,Hunt,85,1,1053,Hunt,1641880,4,6.215341412684605
1,1054,461.6470588235294,Yard.,85,1,1054,Yard,419358,5,5.622584932372472
1,1055,442.5833333333333,His,84,1,1055,His,52032654,3,7.716275978272724
1,1056,362.7093023255814,fame,86,1,1056,fame,2125715,4,6.327505037127864
1,1057,338.17241379310343,was,87,1,1057,was,1140172617,3,9.056970606543045
1,1058,362.57471264367814,indeed,87,1,1058,indeed,17667180,6,7.247167233820478
1,1059,338.6511627906977,"assured,",86,1,1059,assured,3714327,8,6.569880135279935
1,1060,336.95348837209303,but,86,1,1060,but,422070748,3,8.625385254020305
1,1061,335.5,it,86,1,1061,it,908536386,2,8.958342325064617
1,1062,323.0689655172414,was,87,1,1062,was,1140172617,3,9.056970606543045
1,1063,307.32183908045977,not,87,1,1063,not,1006314753,3,9.002733839677335
1,1064,304.8735632183908,nearly,87,1,1064,nearly,15730154,6,7.1967329744365625
1,1065,358.17241379310343,as,87,1,1065,as,1139819594,2,9.056836118415085
1,1066,355.04597701149424,lasting,87,1,1066,lasting,2601928,7,6.415295274687009
1,1067,330.3448275862069,as,87,1,1067,as,1139819594,2,9.056836118415085
1,1068,319.7011494252874,that,87,1,1068,that,1746480437,4,9.24216372530116
1,1069,327.2413793103448,of,87,1,1069,of,6162371881,2,9.789747903165104
1,1070,327.5402298850575,the,87,1,1070,the,9819942513,3,9.992108945387768
1,1071,357.8045977011494,fearsome,87,1,1071,fearsome,218485,8,5.339421626016529
1,1072,424.2528735632184,Bradford,87,1,1072,Bradford,737565,8,5.86780029976532
1,1073,614.735632183908,Boar.,87,1,1073,Boar,70022,5,4.845234511121376
2,1,553.8777777777777,A,90,2,1,A,276130546,1,8.441114451642763
2,2,405.8369565217391,clear,92,2,2,clear,35415613,5,7.5491947632941825
2,3,351.0111111111111,and,90,2,3,and,4873010095,3,9.687797311073117
2,4,396.97802197802196,joyous,91,2,4,joyous,518199,6,5.714496570566245
2,5,376.02197802197804,day,91,2,5,day,88338993,3,7.946152444310691
2,6,356.2608695652174,it,92,2,6,it,908536386,2,8.958342325064617
2,7,343.51612903225805,was,93,2,7,was,1140172617,3,9.056970606543045
2,8,373.39130434782606,and,92,2,8,and,4873010095,3,9.687797311073117
2,9,386.72222222222223,out,90,2,9,out,242417228,3,8.384563480838569
2,10,349.0989010989011,on,91,2,10,on,993594775,2,8.99720929902148
2,11,332.3626373626374,the,91,2,11,the,9819942513,3,9.992108945387768
2,12,327.14130434782606,wide,92,2,12,wide,18934643,4,7.277257121202731
2,13,364.5326086956522,open,92,2,13,open,40299926,4,7.605304248676564
2,14,389.39772727272725,"sea,",88,2,14,sea,15805476,4,7.198807579647948
2,15,459.3152173913044,thousands,92,2,15,thousands,7408000,9,6.869700973673878
2,16,360.1847826086956,upon,92,2,16,upon,63368120,4,7.8018708227045765
2,17,357.7802197802198,thousands,91,2,17,thousands,7408000,9,6.869700973673878
2,18,344.8369565217391,of,92,2,18,of,6162371881,2,9.789747903165104
2,19,360.19565217391306,sparkling,92,2,19,sparkling,702011,9,5.846343917260678
2,20,363.78409090909093,water,88,2,20,water,64469088,5,7.809351526588196
2,21,378.45454545454544,"drops,",88,2,21,drops,2565401,6,6.409155259691735
2,22,430.03370786516854,excited,89,2,22,excited,3675168,7,6.565277196428464
2,23,406.31111111111113,by,90,2,23,by,877228367,2,8.94311266704604
2,24,394.0,getting,90,2,24,getting,18555552,7,7.268473878490146
2,25,372.1573033707865,to,89,2,25,to,4223327232,2,9.62565473275005
2,26,359.77272727272725,play,88,2,26,play,29832939,4,7.474696040107226
2,27,356.07865168539325,in,89,2,27,in,3271087682,2,9.514692185610274
2,28,334.1111111111111,the,90,2,28,the,9819942513,3,9.992108945387768
2,29,377.57954545454544,"ocean,",88,2,29,ocean,4545633,6,6.657594369244463
2,30,406.5164835164835,danced,91,2,30,danced,1212113,6,6.083543109094993
2,31,375.1098901098901,all,91,2,31,all,374139462,3,8.573033517406971
2,32,360.8369565217391,around.,92,2,32,around,66671286,7,7.823938832166472
2,33,380.0989010989011,One,91,2,33,One,58567021,3,7.767653134286377
2,34,383.8791208791209,of,91,2,34,of,6162371881,2,9.789747903165104
2,35,328.4111111111111,these,90,2,35,these,212323984,5,8.326999054601854
2,36,364.18279569892474,was,93,2,36,was,1140172617,3,9.056970606543045
2,37,337.2888888888889,a,90,2,37,a,3213754375,1,9.507012680872096
2,38,345.97752808988764,merry,89,2,38,merry,725960,5,5.860912691970266
2,39,349.56043956043953,little,91,2,39,little,78869880,6,7.89691118005035
2,40,348.70786516853934,fellow,89,2,40,fellow,7640878,6,6.883143265466581
2,41,389.9230769230769,named,91,2,41,named,12183636,5,7.085776915479591
2,42,451.39080459770116,"Aqua,",87,2,42,Aqua,93158,5,4.969220156136928
2,43,436.13483146067415,who,89,2,43,who,294018466,3,8.46837460738514
2,44,385.2087912087912,danced,91,2,44,danced,1212113,6,6.083543109094993
2,45,385.91011235955057,on,89,2,45,on,993594775,2,8.99720929902148
2,46,391.4347826086956,the,92,2,46,the,9819942513,3,9.992108945387768
2,47,396.0769230769231,silver,91,2,47,silver,6488905,6,6.812171415971392
2,48,406.76666666666665,backs,90,2,48,backs,1537622,5,6.186849584170886
2,49,403.4725274725275,of,91,2,49,of,6162371881,2,9.789747903165104
2,50,379.31868131868134,the,91,2,50,the,9819942513,3,9.992108945387768
2,51,393.8695652173913,fishes,92,2,51,fishes,885735,6,5.947303806252306
2,52,423.0879120879121,as,91,2,52,as,1139819594,2,9.056836118415085
2,53,384.08045977011494,they,87,2,53,they,418953705,4,8.622166035439204
2,54,371.032967032967,plunged,91,2,54,plunged,922053,7,5.964755885203301
2,55,357.2608695652174,up,92,2,55,up,232348461,2,8.366139800200205
2,56,340.27472527472526,and,91,2,56,and,4873010095,3,9.687797311073117
2,57,346.4725274725275,down,91,2,57,down,98751710,4,7.99454462467454
2,58,352.6,in,90,2,58,in,3271087682,2,9.514692185610274
2,59,327.15555555555557,the,90,2,59,the,9819942513,3,9.992108945387768
2,60,386.30434782608694,"waves,",92,2,60,waves,6088299,6,6.78449597274764
2,61,395.6373626373626,"and,",91,2,61,and,4873010095,4,9.687797311073117
2,62,363.8901098901099,no,91,2,62,no,236436100,2,8.373713787073193
2,63,349.1868131868132,matter,91,2,63,matter,36582008,6,7.563267540380018
2,64,341.8131868131868,how,91,2,64,how,128607031,3,8.109264712297628
2,65,344.2,high,90,2,65,high,78531970,4,7.895046492007248
2,66,318.6292134831461,he,89,2,66,he,602878183,2,8.780229567869084
2,67,373.75824175824175,"sprung,",91,2,67,sprung,590246,7,5.771033052618509
2,68,373.8478260869565,he,92,2,68,he,602878183,2,8.780229567869084
2,69,361.4175824175824,always,91,2,69,always,61220587,6,7.786897489417453
2,70,355.53333333333336,came,90,2,70,came,61302439,4,7.787477753852336
2,71,355.94505494505495,down,91,2,71,down,98751710,4,7.99454462467454
2,72,359.27777777777777,again,90,2,72,again,64543110,5,7.80984988798604
2,73,371.96629213483146,into,89,2,73,into,254637739,4,8.40592276940739
2,74,344.5934065934066,his,91,2,74,his,632876249,3,8.80131879748875
2,75,365.3888888888889,mother's,90,2,75,mother 's,4692061,8,6.671363649605296
2,76,414.7692307692308,lap.,91,2,76,lap,1856598,4,6.268717878278539
2,77,426.8,His,90,2,77,His,52032654,3,7.716275978272724
2,78,383.3,"mother,",90,2,78,mother,39696579,7,7.598753081437183
2,79,387.84444444444443,you,90,2,79,you,578117187,3,8.762015880823492
2,80,369.2857142857143,"know,",91,2,80,know,103090059,5,8.013216788177813
2,81,364.7362637362637,was,91,2,81,was,1140172617,3,9.056970606543045
2,82,342.5444444444444,the,90,2,82,the,9819942513,3,9.992108945387768
2,83,378.4065934065934,"ocean,",91,2,83,ocean,4545633,6,6.657594369244463
2,84,404.6333333333333,and,90,2,84,and,4873010095,3,9.687797311073117
2,85,374.8021978021978,very,91,2,85,very,134366972,4,8.128292530318264
2,86,388.0659340659341,beautiful,91,2,86,beautiful,12851183,9,7.108943107957128
2,87,380.5652173913044,she,92,2,87,she,278699382,3,8.445136005691102
2,88,351.0879120879121,looked,91,2,88,looked,37086942,6,7.569221025097896
2,89,366.57142857142856,that,91,2,89,that,1746480437,4,9.24216372530116
2,90,398.0978260869565,summer,92,2,90,summer,13037148,6,7.115182595741674
2,91,395.4175824175824,day,91,2,91,day,88338993,3,7.946152444310691
2,92,353.13186813186815,in,91,2,92,in,3271087682,2,9.514692185610274
2,93,354.1758241758242,her,91,2,93,her,415597541,3,8.61867296926702
2,94,384.07608695652175,dark,92,2,94,dark,17668371,4,7.2471965099864635
2,95,392.70652173913044,blue,92,2,95,blue,13285921,4,7.123391665735662
2,96,378.7912087912088,dress,91,2,96,dress,6577482,5,6.818059668264944
2,97,382.7032967032967,and,91,2,97,and,4873010095,3,9.687797311073117
2,98,367.1098901098901,white,91,2,98,white,37948322,5,7.579192577010096
2,99,406.2282608695652,ruffles.,92,2,99,ruffles,73134,8,4.864119327429718
2,100,456.10869565217394,By,92,2,100,By,38834595,2,7.589218780324019
2,101,471.31111111111113,and,90,2,101,and,4873010095,3,9.687797311073117
2,102,436.96629213483146,"by,",89,2,102,by,877228367,3,8.94311266704604
2,103,372.14444444444445,the,90,2,103,the,9819942513,3,9.992108945387768
2,104,342.84615384615387,happy,91,2,104,happy,12121639,5,7.083561345946676
2,105,403.72222222222223,water,90,2,105,water,64469088,5,7.809351526588196
2,106,416.43956043956047,drop,91,2,106,drop,7963603,4,6.901109601530304
2,107,434.1304347826087,tired,92,2,107,tired,4899147,5,6.690120470754768
2,108,407.19565217391306,of,92,2,108,of,6162371881,2,9.789747903165104
2,109,370.13186813186815,his,91,2,109,his,632876249,3,8.80131879748875
2,110,373.0659340659341,"play,",91,2,110,play,29832939,5,7.474696040107226
2,111,371.24175824175825,and,91,2,111,and,4873010095,3,9.687797311073117
2,112,361.7391304347826,looking,92,2,112,looking,26020896,7,7.415322246920269
2,113,359.64130434782606,up,92,2,113,up,232348461,2,8.366139800200205
2,114,346.0,to,91,2,114,to,4223327232,2,9.62565473275005
2,115,326.27472527472526,the,91,2,115,the,9819942513,3,9.992108945387768
2,116,344.94565217391306,clear,92,2,116,clear,35415613,5,7.5491947632941825
2,117,339.85869565217394,sky,92,2,117,sky,7458490,3,6.872650911782822
2,118,343.9340659340659,above,91,2,118,above,47783304,5,7.679276175957147
2,119,361.54945054945057,"him,",91,2,119,him,230330497,4,8.362351444703018
2,120,366.6,thought,90,2,120,thought,64294078,7,7.808170972763039
2,121,348.45054945054943,he,91,2,121,he,602878183,2,8.780229567869084
2,122,336.9120879120879,would,91,2,122,would,319551796,5,8.504541262788026
2,123,342.46666666666664,like,90,2,123,like,167991828,4,8.225288155887608
2,124,308.75824175824175,to,91,2,124,to,4223327232,2,9.62565473275005
2,125,315.95652173913044,have,92,2,125,have,593092485,4,8.773122421177646
2,126,305.2608695652174,a,92,2,126,a,3213754375,1,9.507012680872096
2,127,315.05494505494505,sail,91,2,127,sail,1920964,4,6.283519226002845
2,128,368.86813186813185,on,91,2,128,on,993594775,2,8.99720929902148
2,129,371.5869565217391,one,92,2,129,one,398913374,3,8.600878596743621
2,130,344.3695652173913,of,92,2,130,of,6162371881,2,9.789747903165104
2,131,337.65934065934067,the,91,2,131,the,9819942513,3,9.992108945387768
2,132,352.4065934065934,"white,",91,2,132,white,37948322,6,7.579192577010096
2,133,476.4175824175824,marshmallow-like,91,2,133,marshmallow - like,150,16,2.1760912590556813
2,134,519.438202247191,"clouds,",89,2,134,clouds,3380244,7,6.528948050582061
2,135,454.9891304347826,instead,92,2,135,instead,19406033,7,7.2879367655640115
2,136,371.64130434782606,of,92,2,136,of,6162371881,2,9.789747903165104
2,137,358.92391304347825,spending,92,2,137,spending,5669486,8,6.753543687202893
2,138,362.6043956043956,his,91,2,138,his,632876249,3,8.80131879748875
2,139,355.83516483516485,whole,91,2,139,whole,42803829,5,7.631482620396147
2,140,357.35164835164835,life,91,2,140,life,120194864,4,8.079885910394554
2,141,329.84615384615387,in,91,2,141,in,3271087682,2,9.514692185610274
2,142,327.4673913043478,the,92,2,142,the,9819942513,3,9.992108945387768
2,143,337.64444444444445,ocean.,90,2,143,ocean,4545633,6,6.657594369244463
2,144,386.27777777777777,Of,90,2,144,Of,22930239,2,7.3604085813692866
2,145,344.7802197802198,the,91,2,145,the,9819942513,3,9.992108945387768
2,146,354.5934065934066,"sky,",91,2,146,sky,7458490,4,6.872650911782822
2,147,524.7888888888889,little,90,2,147,little,78869880,6,7.89691118005035
2,148,481.967032967033,Aqua,91,2,148,Aqua,93158,4,4.969220156136928
2,149,401.75,had,92,2,149,had,537932901,3,8.730728107371226
2,150,376.967032967033,always,91,2,150,always,61220587,6,7.786897489417453
2,151,350.6043956043956,been,91,2,151,been,310806848,4,8.492490579034436
2,152,374.3076923076923,"afraid,",91,2,152,afraid,7681021,7,6.885418952478681
2,153,428.67391304347825,but,92,2,153,but,422070748,3,8.625385254020305
2,154,364.0888888888889,he,90,2,154,he,602878183,2,8.780229567869084
2,155,367.7032967032967,decided,91,2,155,decided,17207383,7,7.235714825290881
2,156,342.20652173913044,to,92,2,156,to,4223327232,2,9.62565473275005
2,157,339.5652173913044,finally,92,2,157,finally,17208239,7,7.235736429205323
2,158,349.5652173913044,face,92,2,158,face,45765806,4,7.660541115300077
2,159,332.3369565217391,his,92,2,159,his,632876249,3,8.80131879748875
2,160,358.9782608695652,demons,92,2,160,demons,1100088,6,6.041427427327109
2,161,361.53846153846155,and,91,2,161,and,4873010095,3,9.687797311073117
2,162,355.5111111111111,suggested,90,2,162,suggested,15644892,9,7.194372569465853
2,163,358.4945054945055,a,91,2,163,a,3213754375,1,9.507012680872096
2,164,368.8901098901099,solution,91,2,164,solution,19087669,8,7.280752895274302
2,165,409.4222222222222,involving,90,2,165,involving,7881037,9,6.896583366442176
2,166,388.69565217391306,the,92,2,166,the,9819942513,3,9.992108945387768
2,167,372.5326086956522,sun,92,2,167,sun,12492350,3,7.096644143420737
2,168,399.7717391304348,carrying,92,2,168,carrying,7736371,8,6.888537288296942
2,169,363.0989010989011,him,91,2,169,him,230330497,3,8.362351444703018
2,170,347.5824175824176,up,91,2,170,up,232348461,2,8.366139800200205
2,171,340.4021739130435,to,92,2,171,to,4223327232,2,9.62565473275005
2,172,341.69565217391306,the,92,2,172,the,9819942513,3,9.992108945387768
2,173,343.5934065934066,sky,91,2,173,sky,7458490,3,6.872650911782822
2,174,390.17391304347825,would,92,2,174,would,319551796,5,8.504541262788026
2,175,391.032967032967,be,91,2,175,be,964072174,2,8.984109548007202
2,176,394.8021978021978,ideal.,91,2,176,ideal,9395146,6,6.972903533398938
2,177,403.4021739130435,The,92,2,177,The,1217211729,3,9.085366128549287
2,178,384.0879120879121,sun,91,2,178,sun,12492350,3,7.096644143420737
2,179,413.2826086956522,understood,92,2,179,understood,13568850,10,7.132543041483021
2,180,376.7826086956522,Aqua's,92,2,180,Aqua 's,658,6,2.8182258936139557
2,181,374.1978021978022,request,91,2,181,request,9269744,7,6.967067740517468
2,182,367.1978021978022,came,91,2,182,came,61302439,4,7.787477753852336
2,183,401.69565217391306,from,92,2,183,from,708532803,4,8.850359961615387
2,184,347.80434782608694,his,92,2,184,his,632876249,3,8.80131879748875
2,185,367.6263736263736,"heart,",91,2,185,heart,32678215,6,7.514258325803391
2,186,394.2197802197802,so,91,2,186,so,252284174,2,8.401890007711213
2,187,378.75,he,92,2,187,he,602878183,2,8.780229567869084
2,188,479.35164835164835,acquiesced,91,2,188,acquiesced,193970,10,5.287734565796488
2,189,427.010989010989,and,91,2,189,and,4873010095,3,9.687797311073117
2,190,369.57608695652175,also,92,2,190,also,248861077,4,8.395956976295276
2,191,356.69565217391306,took,92,2,191,took,50478963,4,7.703110424524437
2,192,350.05494505494505,ever,91,2,192,ever,39805996,4,7.599948495027969
2,193,398.35164835164835,so,91,2,193,so,252284174,2,8.401890007711213
2,194,393.0967741935484,many,93,2,194,many,138917121,4,8.142755774158092
2,195,358.6703296703297,other,91,2,195,other,281661595,5,8.449727634289163
2,196,387.4623655913978,"drops,",93,2,196,drops,2565401,6,6.409155259691735
2,197,374.16483516483515,so,91,2,197,so,252284174,2,8.401890007711213
2,198,371.42391304347825,that,92,2,198,that,1746480437,4,9.24216372530116
2,199,364.97802197802196,Aqua,91,2,199,Aqua,93158,4,4.969220156136928
2,200,355.8369565217391,might,92,2,200,might,86236716,5,7.935692209690595
2,201,333.71590909090907,not,88,2,201,not,1006314753,3,9.002733839677335
2,202,319.74444444444447,be,90,2,202,be,964072174,2,8.984109548007202
2,203,370.5,lonesome,92,2,203,lonesome,163844,8,5.214430542058934
2,204,402.25,on,92,2,204,on,993594775,2,8.99720929902148
2,205,344.45054945054943,the,91,2,205,the,9819942513,3,9.992108945387768
2,206,328.032967032967,way.,91,2,206,way,133443039,4,8.125295923925421
2,207,378.6304347826087,It,92,2,207,It,278516683,2,8.444851214295534
2,208,327.55056179775283,was,89,2,208,was,1140172617,3,9.056970606543045
2,209,331.2888888888889,only,90,2,209,only,224965302,4,8.352115538946988
2,210,349.4555555555556,the,90,2,210,the,9819942513,3,9.992108945387768
2,211,369.2857142857143,sun,91,2,211,sun,12492350,3,7.096644143420737
2,212,336.6703296703297,that,91,2,212,that,1746480437,4,9.24216372530116
2,213,357.9230769230769,knew,91,2,213,knew,37182349,4,7.570336822916057
2,214,336.4111111111111,"this,",90,2,214,this,599554050,5,8.777828340993896
2,215,367.75555555555553,"however,",90,2,215,however,63540861,8,7.803053095367042
2,216,358.68131868131866,for,91,2,216,for,1388290219,3,9.14248026391068
2,217,341.010989010989,all,91,2,217,all,374139462,3,8.573033517406971
2,218,326.04347826086956,the,92,2,218,the,9819942513,3,9.992108945387768
2,219,340.4021739130435,other,92,2,219,other,281661595,5,8.449727634289163
2,220,342.7362637362637,drops,91,2,220,drops,2565401,5,6.409155259691735
2,221,340.8131868131868,had,91,2,221,had,537932901,3,8.730728107371226
2,222,346.0869565217391,been,92,2,222,been,310806848,4,8.492490579034436
2,223,351.19565217391306,changed,92,2,223,changed,16742569,7,7.223822097439933
2,224,378.010989010989,into,91,2,224,into,254637739,4,8.40592276940739
2,225,382.9673913043478,fine,92,2,225,fine,15623119,4,7.193767740761986
2,226,375.4021739130435,mist,92,2,226,mist,1148616,4,6.060174861625901
2,227,382.5054945054945,or,91,2,227,or,793525686,2,8.899560989197376
2,228,366.5869565217391,vapor,92,2,228,vapor,1560865,5,6.1933653423382395
2,229,355.7608695652174,and,92,2,229,and,4873010095,3,9.687797311073117
2,230,372.4175824175824,Aqua,91,2,230,Aqua,93158,4,4.969220156136928
2,231,379.57142857142856,could,91,2,231,could,205904563,5,8.313665971017075
2,232,385.4347826086956,not,92,2,232,not,1006314753,3,9.002733839677335
2,233,352.7391304347826,see,92,2,233,see,158936043,3,8.201222396269541
2,234,355.7888888888889,them.,90,2,234,them,240201864,5,8.380576373265777
2,235,394.97802197802196,Do,91,2,235,Do,33048543,2,7.5191523176489445
2,236,367.1630434782609,you,92,2,236,you,578117187,3,8.762015880823492
2,237,342.8695652173913,know,92,2,237,know,103090059,4,8.013216788177813
2,238,333.2967032967033,what,91,2,238,what,218817723,4,8.340082494486747
2,239,330.25274725274727,vapor,91,2,239,vapor,1560865,5,6.1933653423382395
2,240,402.89130434782606,is?,92,2,240,is,1780724214,3,9.250596664206503
2,241,387.30434782608694,If,92,2,241,If,123141271,2,8.090403631839822
2,242,343.3956043956044,you,91,2,242,you,578117187,3,8.762015880823492
2,243,375.9673913043478,breathe,92,2,243,breathe,1829018,7,6.262217979539953
2,244,370.35955056179773,into,89,2,244,into,254637739,4,8.40592276940739
2,245,333.9021739130435,the,92,2,245,the,9819942513,3,9.992108945387768
2,246,348.17391304347825,"air,",92,2,246,air,31277584,4,7.49523319911954
2,247,352.25274725274727,when,91,2,247,when,249000060,4,8.396199451744996
2,248,336.61538461538464,it,91,2,248,it,908536386,2,8.958342325064617
2,249,323.4945054945055,is,91,2,249,is,1780724214,2,9.250596664206503
2,250,318.64444444444445,cold,90,2,250,cold,14949741,4,7.174633668697561
2,251,378.8131868131868,"enough,",91,2,251,enough,42301468,7,7.6263554390827695
2,252,345.7608695652174,you,92,2,252,you,578117187,3,8.762015880823492
2,253,324.3333333333333,will,90,2,253,will,314222543,4,8.497237339040392
2,254,312.25555555555553,see,90,2,254,see,158936043,3,8.201222396269541
2,255,318.2197802197802,it,91,2,255,it,908536386,2,8.958342325064617
2,256,355.032967032967,coming,91,2,256,coming,20383546,6,7.309279737779936
2,257,327.5280898876405,out,89,2,257,out,242417228,3,8.384563480838569
2,258,313.74444444444447,of,90,2,258,of,6162371881,2,9.789747903165104
2,259,301.2857142857143,your,91,2,259,your,205261264,4,8.312306998964765
2,260,301.94505494505495,mouth,91,2,260,mouth,13275186,5,7.123040614740907
2,261,352.56666666666666,thick,90,2,261,thick,7423431,5,6.870604676164673
2,262,332.6629213483146,and,89,2,262,and,4873010095,3,9.687797311073117
2,263,342.84444444444443,fast,90,2,263,fast,11581233,4,7.063754799166018
2,264,314.7,like,90,2,264,like,167991828,4,8.225288155887608
2,265,349.4782608695652,steam.,92,2,265,steam,3152975,6,6.498720527232177
2,266,413.97802197802196,When,91,2,266,When,89217452,4,7.950449815877786
2,267,374.3695652173913,the,92,2,267,the,9819942513,3,9.992108945387768
2,268,331.7802197802198,vapor,91,2,268,vapor,1560865,5,6.1933653423382395
2,269,328.5274725274725,is,91,2,269,is,1780724214,2,9.250596664206503
2,270,359.8021978021978,quite,91,2,270,quite,32424104,5,7.510867983731221
2,271,357.8478260869565,near,92,2,271,near,26915276,4,7.429998837603775
2,272,338.53846153846155,the,91,2,272,the,9819942513,3,9.992108945387768
2,273,328.74444444444447,"earth,",90,2,273,earth,16796169,6,7.225210235780036
2,274,372.1222222222222,we,90,2,274,we,340770885,2,8.532462482151033
2,275,314.0989010989011,call,91,2,275,call,32401764,4,7.510568654484761
2,276,301.89130434782606,it,92,2,276,it,908536386,2,8.958342325064617
2,277,347.4347826086956,'fog'.,92,2,277,fog,1361343,6,6.133967562557908
2,278,409.4725274725275,Into,91,2,278,Into,1004096,4,6.001775236989412
2,279,361.85714285714283,vapor,91,2,279,vapor,1560865,5,6.1933653423382395
2,280,404.6847826086956,the,92,2,280,the,9819942513,3,9.992108945387768
2,281,365.5869565217391,water,92,2,281,water,64469088,5,7.809351526588196
2,282,349.6630434782609,drops,92,2,282,drops,2565401,5,6.409155259691735
2,283,345.56043956043953,that,91,2,283,that,1746480437,4,9.24216372530116
2,284,405.85869565217394,danced,92,2,284,danced,1212113,6,6.083543109094993
2,285,339.42391304347825,in,92,2,285,in,3271087682,2,9.514692185610274
2,286,333.04347826086956,the,92,2,286,the,9819942513,3,9.992108945387768
2,287,320.68131868131866,ocean,91,2,287,ocean,4545633,5,6.657594369244463
2,288,337.39130434782606,had,92,2,288,had,537932901,3,8.730728107371226
2,289,348.14130434782606,been,92,2,289,been,310806848,4,8.492490579034436
2,290,366.24175824175825,"changed,",91,2,290,changed,16742569,8,7.223822097439933
2,291,391.8021978021978,because,91,2,291,because,136741894,7,8.135901590980518
2,292,330.54347826086956,in,92,2,292,in,3271087682,2,9.514692185610274
2,293,320.0652173913044,their,92,2,293,their,438887121,5,8.642352836801459
2,294,312.4891304347826,own,92,2,294,own,109739389,3,8.04036253782956
2,295,319.0869565217391,shape,92,2,295,shape,13600507,5,7.133555098311262
2,296,333.85869565217394,they,92,2,296,they,418953705,4,8.622166035439204
2,297,324.42857142857144,were,91,2,297,were,457504590,4,8.660395455564592
2,298,332.85869565217394,too,92,2,298,too,82143809,3,7.9145748371751425
2,299,331.82608695652175,heavy,92,2,299,heavy,13424014,5,7.127882396413676
2,300,338.86813186813185,for,91,2,300,for,1388290219,3,9.14248026391068
2,301,316.0869565217391,the,92,2,301,the,9819942513,3,9.992108945387768
2,302,369.4021739130435,sunbeams,92,2,302,sunbeams,51352,8,4.710557362676221
2,303,409.84615384615387,that,91,2,303,that,1746480437,4,9.24216372530116
2,304,347.0659340659341,the,91,2,304,the,9819942513,3,9.992108945387768
2,305,372.6304347826087,sun,92,2,305,sun,12492350,3,7.096644143420737
2,306,337.04347826086956,let,92,2,306,let,35077105,3,7.545023742778182
2,307,328.9120879120879,out,91,2,307,out,242417228,3,8.384563480838569
2,308,329.0869565217391,to,92,2,308,to,4223327232,2,9.62565473275005
2,309,343.1195652173913,carry.,92,2,309,carry,12615369,6,7.1008999581687
2,310,404.0777777777778,Higher,90,2,310,Higher,2286590,6,6.359188299849279
2,311,395.0217391304348,and,92,2,311,and,4873010095,3,9.687797311073117
2,312,345.5054945054945,higher,91,2,312,higher,32907416,6,7.517293781382791
2,313,352.9891304347826,they,92,2,313,they,418953705,4,8.622166035439204
2,314,325.5652173913044,"sailed,",92,2,314,sailed,1502792,7,6.176898874463544
2,315,333.85869565217394,and,92,2,315,and,4873010095,3,9.687797311073117
2,316,347.2197802197802,though,91,2,316,though,52696046,6,7.721778029542639
2,317,377.45652173913044,it,92,2,317,it,908536386,2,8.958342325064617
2,318,370.4673913043478,was,92,2,318,was,1140172617,3,9.056970606543045
2,319,345.8021978021978,"grand,",91,2,319,grand,4808581,6,6.682016936084887
2,320,370.14285714285717,Aqua,91,2,320,Aqua,93158,4,4.969220156136928
2,321,363.6373626373626,and,91,2,321,and,4873010095,3,9.687797311073117
2,322,369.6521739130435,his,92,2,322,his,632876249,3,8.80131879748875
2,323,334.14130434782606,friends,92,2,323,friends,22974473,7,7.361245558107465
2,324,350.2608695652174,were,92,2,324,were,457504590,4,8.660395455564592
2,325,306.8804347826087,like,92,2,325,like,167991828,4,8.225288155887608
2,326,297.3695652173913,fish,92,2,326,fish,11132902,4,7.0466083861054924
2,327,331.0217391304348,out,92,2,327,out,242417228,3,8.384563480838569
2,328,310.85714285714283,of,91,2,328,of,6162371881,2,9.789747903165104
2,329,314.15384615384613,"water,",91,2,329,water,64469088,6,7.809351526588196
2,330,328.38461538461536,so,91,2,330,so,252284174,2,8.401890007711213
2,331,331.1304347826087,they,92,2,331,they,418953705,4,8.622166035439204
2,332,331.17391304347825,grew,92,2,332,grew,9240118,4,6.9656775173696355
2,333,317.16483516483515,quite,91,2,333,quite,32424104,5,7.510867983731221
2,334,361.9347826086956,dizzy.,92,2,334,dizzy,421097,6,5.624382147409135
2,335,365.2826086956522,They,92,2,335,They,113155335,4,8.053675034706483
2,336,390.05434782608694,enjoyed,92,2,336,enjoyed,5898243,7,6.770722660956564
2,337,332.6,looking,90,2,337,looking,26020896,7,7.415322246920269
2,338,329.30434782608694,down,92,2,338,down,98751710,4,7.99454462467454
2,339,311.1630434782609,on,92,2,339,on,993594775,2,8.99720929902148
2,340,316.8804347826087,the,92,2,340,the,9819942513,3,9.992108945387768
2,341,304.3369565217391,world,92,2,341,world,90456522,5,7.956439885363845
2,342,312.4725274725275,"below,",91,2,342,below,25562587,6,7.407604803436723
2,343,342.14130434782606,while,92,2,343,while,83722224,5,7.922840756433239
2,344,322.10869565217394,the,92,2,344,the,9819942513,3,9.992108945387768
2,345,336.0217391304348,wind,92,2,345,wind,10825311,4,7.034440382036369
2,346,337.75555555555553,scattered,90,2,346,scattered,3486918,9,6.542441734423224
2,347,338.19565217391306,them,92,2,347,them,240201864,4,8.380576373265777
2,348,339.7391304347826,across,92,2,348,across,33682916,6,7.527409682230524
2,349,326.1304347826087,the,92,2,349,the,9819942513,3,9.992108945387768
2,350,334.82608695652175,four,92,2,350,four,49087752,4,7.690973143805921
2,351,352.3695652173913,corners,92,2,351,corners,2145300,7,6.331488032760532
2,352,328.3736263736264,of,91,2,352,of,6162371881,2,9.789747903165104
2,353,302.2717391304348,the,92,2,353,the,9819942513,3,9.992108945387768
2,354,318.4782608695652,"earth,",92,2,354,earth,16796169,6,7.225210235780036
2,355,339.6195652173913,but,92,2,355,but,422070748,3,8.625385254020305
2,356,333.9673913043478,after,92,2,356,after,131123106,5,8.117679228105795
2,357,297.17391304347825,a,92,2,357,a,3213754375,1,9.507012680872096
2,358,297.9021739130435,while,92,2,358,while,83722224,5,7.922840756433239
2,359,294.3804347826087,it,92,2,359,it,908536386,2,8.958342325064617
2,360,293.5,grew,92,2,360,grew,9240118,4,6.9656775173696355
2,361,296.92391304347825,nearly,92,2,361,nearly,15730154,6,7.1967329744365625
2,362,320.57608695652175,time,92,2,362,time,252986157,4,8.403096757922885
2,363,383.35869565217394,for,92,2,363,for,1388290219,3,9.14248026391068
2,364,320.8222222222222,the,90,2,364,the,9819942513,3,9.992108945387768
2,365,298.04347826086956,sun,92,2,365,sun,12492350,3,7.096644143420737
2,366,298.8695652173913,to,92,2,366,to,4223327232,2,9.62565473275005
2,367,292.6630434782609,go,92,2,367,go,74237337,2,7.870622384722818
2,368,303.1630434782609,to,92,2,368,to,4223327232,2,9.62565473275005
2,369,321.89130434782606,bed.,92,2,369,bed,17264116,4,7.2371443454337525
2,370,359.65934065934067,He,91,2,370,He,239125461,2,8.378625820294372
2,371,329.34065934065933,became,91,2,371,became,41999262,6,7.6232416591563865
2,372,306.5978260869565,very,92,2,372,very,134366972,4,8.128292530318264
2,373,345.5217391304348,red,92,2,373,red,19233374,3,7.284055476700727
2,374,323.19565217391306,in,92,2,374,in,3271087682,2,9.514692185610274
2,375,309.8804347826087,the,92,2,375,the,9819942513,3,9.992108945387768
2,376,322.70652173913044,"face,",92,2,376,face,45765806,5,7.660541115300077
2,377,311.6630434782609,and,92,2,377,and,4873010095,3,9.687797311073117
2,378,344.7608695652174,began,92,2,378,began,38623128,5,7.586847443398012
2,379,314.5652173913044,to,92,2,379,to,4223327232,2,9.62565473275005
2,380,318.0978260869565,sink,92,2,380,sink,2411471,4,6.382282043526944
2,381,312.989010989011,lower,91,2,381,lower,28478850,5,7.454522448141155
2,382,327.9782608695652,and,92,2,382,and,4873010095,3,9.687797311073117
2,383,314.1098901098901,"lower,",91,2,383,lower,28478850,6,7.454522448141155
2,384,328.8791208791209,until,91,2,384,until,54630510,5,7.737435254864791
2,385,324.4725274725275,suddenly,91,2,385,suddenly,10432550,8,7.018390474828468
2,386,315.83516483516485,he,91,2,386,he,602878183,2,8.780229567869084
2,387,315.68131868131866,went,91,2,387,went,48598135,4,7.686619603115173
2,388,327.6521739130435,clear,92,2,388,clear,35415613,5,7.5491947632941825
2,389,349.1847826086956,out,92,2,389,out,242417228,3,8.384563480838569
2,390,336.7826086956522,of,92,2,390,of,6162371881,2,9.789747903165104
2,391,338.67391304347825,sight!,92,2,391,sight,9606496,6,6.982565006256923
2,392,375.29347826086956,Poor,92,2,392,Poor,2991936,4,6.475952299371529
2,393,343.97802197802196,little,91,2,393,little,78869880,6,7.89691118005035
2,394,320.15384615384613,"Aqua,",91,2,394,Aqua,93158,5,4.969220156136928
2,395,353.9021739130435,frightened,92,2,395,frightened,2413075,10,6.382570820284234
2,396,349.4725274725275,by,91,2,396,by,877228367,2,8.94311266704604
2,397,323.7692307692308,the,91,2,397,the,9819942513,3,9.992108945387768
2,398,335.05434782608694,impending,92,2,398,impending,918622,9,5.963136842087992
2,399,346.35555555555555,cold,90,2,399,cold,14949741,4,7.174633668697561
2,400,337.9130434782609,and,92,2,400,and,4873010095,3,9.687797311073117
2,401,333.7717391304348,"darkness,",92,2,401,darkness,5404942,9,6.732791037935009
2,402,346.0769230769231,wished,91,2,402,wished,4999448,6,6.698922055578397
2,403,332.67391304347825,he,92,2,403,he,602878183,2,8.780229567869084
2,404,330.9021739130435,could,92,2,404,could,205904563,5,8.313665971017075
2,405,316.3736263736264,sleep,91,2,405,sleep,12082335,5,7.082150872995374
2,406,318.64130434782606,not,92,2,406,not,1006314753,3,9.002733839677335
2,407,321.4065934065934,in,91,2,407,in,3271087682,2,9.514692185610274
2,408,324.5164835164835,the,91,2,408,the,9819942513,3,9.992108945387768
2,409,322.57142857142856,"sky,",91,2,409,sky,7458490,4,6.872650911782822
2,410,313.6304347826087,but,92,2,410,but,422070748,3,8.625385254020305
2,411,330.9010989010989,somewhere,91,2,411,somewhere,5349297,9,6.72829671116485
2,412,342.2111111111111,closer,90,2,412,closer,8390061,6,6.923765118381393
2,413,307.4945054945055,to,91,2,413,to,4223327232,2,9.62565473275005
2,414,310.13186813186815,earth.,91,2,414,earth,16796169,6,7.225210235780036
2,415,367.5978260869565,Then,92,2,415,Then,39430787,4,7.59583544525345
2,416,349.16483516483515,Aqua,91,2,416,Aqua,93158,4,4.969220156136928
2,417,351.95652173913044,heard,92,2,417,heard,26357604,5,7.4209059288023616
2,418,313.9782608695652,the,92,2,418,the,9819942513,3,9.992108945387768
2,419,316.8369565217391,wind,92,2,419,wind,10825311,4,7.034440382036369
2,420,310.7608695652174,blow,92,2,420,blow,3983689,4,6.600285426424375
2,421,328.3626373626374,and,91,2,421,and,4873010095,3,9.687797311073117
2,422,386.2608695652174,conjectured,92,2,422,conjectured,154349,11,5.188503820109732
2,423,381.20652173913044,that,92,2,423,that,1746480437,4,9.24216372530116
2,424,344.0,maybe,92,2,424,maybe,8076865,5,6.907242823967742
2,425,335.2826086956522,the,92,2,425,the,9819942513,3,9.992108945387768
2,426,320.7282608695652,wind,92,2,426,wind,10825311,4,7.034440382036369
2,427,330.18888888888887,could,90,2,427,could,205904563,5,8.313665971017075
2,428,312.30434782608694,take,92,2,428,take,83145589,4,7.9198392141836385
2,429,311.9347826086956,him,92,2,429,him,230330497,3,8.362351444703018
2,430,309.83516483516485,back,91,2,430,back,107859495,4,8.032858382582713
2,431,295.6304347826087,down,92,2,431,down,98751710,4,7.99454462467454
2,432,309.6043956043956,to,91,2,432,to,4223327232,2,9.62565473275005
2,433,302.0217391304348,the,92,2,433,the,9819942513,3,9.992108945387768
2,434,322.07608695652175,ocean.,92,2,434,ocean,4545633,6,6.657594369244463
2,435,364.010989010989,"Indeed,",91,2,435,Indeed,11036743,7,7.042840929750088
2,436,328.5111111111111,the,90,2,436,the,9819942513,3,9.992108945387768
2,437,317.0769230769231,wind,91,2,437,wind,10825311,4,7.034440382036369
2,438,315.6,took,90,2,438,took,50478963,4,7.703110424524437
2,439,322.3478260869565,pity,92,2,439,pity,2180399,4,6.338535974174508
2,440,303.2111111111111,on,90,2,440,on,993594775,2,8.99720929902148
2,441,306.7912087912088,him,91,2,441,him,230330497,3,8.362351444703018
2,442,290.2282608695652,and,92,2,442,and,4873010095,3,9.687797311073117
2,443,303.7802197802198,fanned,91,2,443,fanned,256187,6,5.4085570880491485
2,444,340.34065934065933,"him,",91,2,444,him,230330497,4,8.362351444703018
2,445,355.3076923076923,together,91,2,445,together,43957560,8,7.643033577565246
2,446,325.1521739130435,with,92,2,446,with,1110064802,4,9.0453483322367
2,447,317.4021739130435,all,92,2,447,all,374139462,3,8.573033517406971
2,448,299.5217391304348,of,92,2,448,of,6162371881,2,9.789747903165104
2,449,287.7142857142857,his,91,2,449,his,632876249,3,8.80131879748875
2,450,338.7692307692308,brothers,91,2,450,brothers,5599302,8,6.748133891927289
2,451,315.74444444444447,and,90,2,451,and,4873010095,3,9.687797311073117
2,452,297.8181818181818,"sisters,",88,2,452,sisters,3625682,8,6.559389710487143
2,453,335.8333333333333,into,90,2,453,into,254637739,4,8.40592276940739
2,454,296.31111111111113,a,90,2,454,a,3213754375,1,9.507012680872096
2,455,295.4725274725275,heavy,91,2,455,heavy,13424014,5,7.127882396413676
2,456,299.97777777777776,gray,90,2,456,gray,4964758,4,6.695898084286378
2,457,342.54945054945057,"cloud,",91,2,457,cloud,3174456,6,6.501669311851501
2,458,337.032967032967,after,91,2,458,after,131123106,5,8.117679228105795
2,459,373.7362637362637,which,91,2,459,which,508000647,5,8.705864265410595
2,460,321.86813186813185,he,91,2,460,he,602878183,2,8.780229567869084
2,461,338.64835164835165,blew,91,2,461,blew,1613540,4,6.207779736126009
2,462,308.79347826086956,them,92,2,462,them,240201864,4,8.380576373265777
2,463,304.44565217391306,apart,92,2,463,apart,8514887,5,6.930178888869132
2,464,340.60869565217394,and,92,2,464,and,4873010095,3,9.687797311073117
2,465,322.5217391304348,told,92,2,465,told,43901950,4,7.642483810798649
2,466,308.23333333333335,them,90,2,466,them,240201864,4,8.380576373265777
2,467,292.02197802197804,to,91,2,467,to,4223327232,2,9.62565473275005
2,468,312.82608695652175,hurry,92,2,468,hurry,1864167,5,6.270484815705588
2,469,293.73333333333335,"down,",90,2,469,down,98751710,5,7.99454462467454
2,470,320.7912087912088,fast,91,2,470,fast,11581233,4,7.063754799166018
2,471,317.42857142857144,and,91,2,471,and,4873010095,3,9.687797311073117
2,472,322.1098901098901,furious,91,2,472,furious,1285256,7,6.108989639974053
2,473,317.1195652173913,to,92,2,473,to,4223327232,2,9.62565473275005
2,474,289.3296703296703,the,91,2,474,the,9819942513,3,9.992108945387768
2,475,288.42857142857144,"earth,",91,2,475,earth,16796169,6,7.225210235780036
2,476,307.6847826086956,so,92,2,476,so,252284174,2,8.401890007711213
2,477,297.2717391304348,they,92,2,477,they,418953705,4,8.622166035439204
2,478,287.92391304347825,could,92,2,478,could,205904563,5,8.313665971017075
2,479,292.4725274725275,have,91,2,479,have,593092485,4,8.773122421177646
2,480,295.20652173913044,a,92,2,480,a,3213754375,1,9.507012680872096
2,481,327.79347826086956,fighting,92,2,481,fighting,6930258,8,6.840749402849995
2,482,305.4673913043478,chance,92,2,482,chance,13447740,6,7.128649303818025
2,483,305.9891304347826,of,92,2,483,of,6162371881,2,9.789747903165104
2,484,308.8666666666667,reaching,90,2,484,reaching,5456390,8,6.736905404316071
2,485,290.02222222222224,the,90,2,485,the,9819942513,3,9.992108945387768
2,486,305.2637362637363,ocean.,91,2,486,ocean,4545633,6,6.657594369244463
2,487,354.967032967033,Down,91,2,487,Down,2507181,4,6.399185687952522
2,488,333.0444444444444,they,90,2,488,they,418953705,4,8.622166035439204
2,489,327.22222222222223,"went,",90,2,489,went,48598135,5,7.686619603115173
2,490,298.54945054945057,rolling,91,2,490,rolling,2876355,7,6.45884248568392
2,491,305.1521739130435,over,92,2,491,over,162192656,4,8.210031185689672
2,492,322.2087912087912,each,91,2,492,each,121902893,4,8.086014012419263
2,493,311.65555555555557,other,90,2,493,other,281661595,5,8.449727634289163
2,494,318.1847826086956,until,92,2,494,until,54630510,5,7.737435254864791
2,495,311.10869565217394,with,92,2,495,with,1110064802,4,9.0453483322367
2,496,304.15555555555557,a,90,2,496,a,3213754375,1,9.507012680872096
2,497,300.46666666666664,patter,90,2,497,patter,116775,6,5.06734987595982
2,498,309.64835164835165,and,91,2,498,and,4873010095,3,9.687797311073117
2,499,324.3777777777778,clatter,90,2,499,clatter,229741,7,5.3612385071010396
2,500,315.20652173913044,and,92,2,500,and,4873010095,3,9.687797311073117
2,501,328.2173913043478,spatter,92,2,501,spatter,46990,7,4.672005445022952
2,502,317.83516483516485,they,91,2,502,they,418953705,4,8.622166035439204
2,503,346.14285714285717,touched,91,2,503,touched,4567529,7,6.659681313441103
2,504,310.7977528089888,the,89,2,504,the,9819942513,3,9.992108945387768
2,505,314.7032967032967,"ground,",91,2,505,ground,25370252,7,7.4043247810438
2,506,334.6703296703297,and,91,2,506,and,4873010095,3,9.687797311073117
2,507,316.44444444444446,all,90,2,507,all,374139462,3,8.573033517406971
2,508,309.85555555555555,the,90,2,508,the,9819942513,3,9.992108945387768
2,509,322.14606741573033,people,89,2,509,people,149869947,6,8.175714553724845
2,510,310.1777777777778,that,90,2,510,that,1746480437,4,9.24216372530116
2,511,295.6703296703297,the,91,2,511,the,9819942513,3,9.992108945387768
2,512,331.0888888888889,raindrops,90,2,512,raindrops,119580,9,5.0776585490841315
2,513,325.74725274725273,fell,91,2,513,fell,12415770,4,7.093973658758182
2,514,333.4782608695652,on,92,2,514,on,993594775,2,8.99720929902148
2,515,328.6195652173913,"cried,",92,2,515,cried,5416949,6,6.73375474676999
2,516,388.8666666666667,'It's,90,2,516,It 's,26468411,5,7.422727869724249
2,517,359.9021739130435,"raining',",92,2,517,raining,450302,9,5.653503875870405
2,518,344.53846153846155,and,91,2,518,and,4873010095,3,9.687797311073117
2,519,333.0888888888889,took,90,2,519,took,50478963,4,7.703110424524437
2,520,323.4347826086956,out,92,2,520,out,242417228,3,8.384563480838569
2,521,343.2307692307692,their,91,2,521,their,438887121,5,8.642352836801459
2,522,318.34065934065933,umbrellas.,91,2,522,umbrellas,176490,10,5.2467201031071085
2,523,332.31868131868134,Some,91,2,523,Some,38265923,4,7.582812193269087
2,524,318.4021739130435,of,92,2,524,of,6162371881,2,9.789747903165104
2,525,301.44565217391306,the,92,2,525,the,9819942513,3,9.992108945387768
2,526,300.95652173913044,drops,92,2,526,drops,2565401,5,6.409155259691735
2,527,331.6923076923077,that,91,2,527,that,1746480437,4,9.24216372530116
2,528,289.6777777777778,were,90,2,528,were,457504590,4,8.660395455564592
2,529,308.43956043956047,the,91,2,529,the,9819942513,3,9.992108945387768
2,530,314.4782608695652,most,92,2,530,most,165240742,4,8.21811713647268
2,531,345.6777777777778,"fortunate,",90,2,531,fortunate,1781675,10,6.250828486132273
2,532,402.75824175824175,including,91,2,532,including,45597635,9,7.658942317816067
2,533,343.9347826086956,"Aqua,",92,2,533,Aqua,93158,5,4.969220156136928
2,534,360.9673913043478,fell,92,2,534,fell,12415770,4,7.093973658758182
2,535,336.95652173913044,on,92,2,535,on,993594775,2,8.99720929902148
2,536,320.0,a,92,2,536,a,3213754375,1,9.507012680872096
2,537,433.1208791208791,"mountainside,",91,2,537,mountainside,150221,13,5.176730648690897
2,538,392.1195652173913,and,92,2,538,and,4873010095,3,9.687797311073117
2,539,355.2608695652174,down,92,2,539,down,98751710,4,7.99454462467454
2,540,323.4065934065934,the,91,2,540,the,9819942513,3,9.992108945387768
2,541,323.7362637362637,rocky,91,2,541,rocky,1191306,5,6.076023329108593
2,542,330.9782608695652,cliff,92,2,542,cliff,1153934,5,6.062180969776817
2,543,345.8021978021978,they,91,2,543,they,418953705,4,8.622166035439204
2,544,332.3076923076923,ran.,91,2,544,ran,11331563,4,7.054289817670841
2,545,386.1868131868132,Together,91,2,545,Together,1948844,8,6.289777076341474
2,546,345.6043956043956,they,91,2,546,they,418953705,4,8.622166035439204
2,547,339.27472527472526,plunged,91,2,547,plunged,922053,7,5.964755885203301
2,548,333.94444444444446,into,90,2,548,into,254637739,4,8.40592276940739
2,549,317.85714285714283,a,91,2,549,a,3213754375,1,9.507012680872096
2,550,313.8,mountain,90,2,550,mountain,6678638,8,6.824687904182941
2,551,342.3736263736264,"brook,",91,2,551,brook,439768,6,5.643223624458523
2,552,354.1573033707865,which,89,2,552,which,508000647,5,8.705864265410595
2,553,353.7032967032967,came,91,2,553,came,61302439,4,7.787477753852336
2,554,352.3076923076923,foaming,91,2,554,foaming,212383,7,5.327119751102146
2,555,333.31111111111113,and,90,2,555,and,4873010095,3,9.687797311073117
2,556,388.65934065934067,dashing,91,2,556,dashing,349027,7,5.542859024373083
2,557,345.67391304347825,"along,",92,2,557,along,41977332,6,7.623014832185894
2,558,337.65934065934067,leaping,91,2,558,leaping,489711,7,5.689939859349333
2,559,331.7,over,90,2,559,over,162192656,4,8.210031185689672
2,560,335.54945054945057,rocks,91,2,560,rocks,4911070,5,6.6911761243977566
2,561,326.17391304347825,and,92,2,561,and,4873010095,3,9.687797311073117
2,562,309.2696629213483,rushing,89,2,562,rushing,1112733,7,6.046390967984809
2,563,332.2967032967033,down,91,2,563,down,98751710,4,7.99454462467454
2,564,338.25274725274727,the,91,2,564,the,9819942513,3,9.992108945387768
2,565,330.3333333333333,"hillside,",90,2,565,hillside,570964,9,5.756608726294484
2,566,349.47777777777776,until,90,2,566,until,54630510,5,7.737435254864791
2,567,337.4673913043478,in,92,2,567,in,3271087682,2,9.514692185610274
2,568,296.9891304347826,the,92,2,568,the,9819942513,3,9.992108945387768
2,569,289.07608695652175,valley,92,2,569,valley,4303289,6,6.633800513382263
2,570,300.7362637362637,below,91,2,570,below,25562587,5,7.407604803436723
2,571,296.5111111111111,they,90,2,571,they,418953705,4,8.622166035439204
2,572,307.7,heard,90,2,572,heard,26357604,5,7.4209059288023616
2,573,302.8901098901099,the,91,2,573,the,9819942513,3,9.992108945387768
2,574,334.010989010989,strangest,91,2,574,strangest,217542,9,5.33754311695653
2,575,353.1666666666667,clattering,90,2,575,clattering,121321,10,5.083935981367377
2,576,356.35164835164835,noise.,91,2,576,noise,7880836,6,6.896572289942465
2,577,371.31111111111113,The,90,2,577,The,1217211729,3,9.085366128549287
2,578,352.44565217391306,little,92,2,578,little,78869880,6,7.89691118005035
2,579,326.0,water,91,2,579,water,64469088,5,7.809351526588196
2,580,319.1758241758242,drops,91,2,580,drops,2565401,5,6.409155259691735
2,581,312.967032967033,were,91,2,581,were,457504590,4,8.660395455564592
2,582,317.5978260869565,then,92,2,582,then,161019392,4,8.206878182438311
2,583,318.6521739130435,able,92,2,583,able,42495598,4,7.628343945030945
2,584,302.0769230769231,to,91,2,584,to,4223327232,2,9.62565473275005
2,585,304.65934065934067,make,91,2,585,make,111219711,4,8.046181762245393
2,586,311.7717391304348,out,92,2,586,out,242417228,3,8.384563480838569
2,587,310.82608695652175,a,92,2,587,a,3213754375,1,9.507012680872096
2,588,308.5888888888889,flour,90,2,588,flour,2135831,5,6.3295668856827705
2,589,361.9230769230769,mill,91,2,589,mill,2322536,4,6.3659624544117195
2,590,358.43956043956047,that,91,2,590,that,1746480437,4,9.24216372530116
2,591,364.1847826086956,was,92,2,591,was,1140172617,3,9.056970606543045
2,592,337.8791208791209,standing,91,2,592,standing,13587754,8,7.133147675568489
2,593,315.7608695652174,on,92,2,593,on,993594775,2,8.99720929902148
2,594,326.4835164835165,the,91,2,594,the,9819942513,3,9.992108945387768
2,595,321.64130434782606,bank.,92,2,595,bank,12431371,5,7.094519027668235
2,596,347.6179775280899,Inside,89,2,596,Inside,2042827,6,6.310231589282152
2,597,327.29347826086956,the,92,2,597,the,9819942513,3,9.992108945387768
2,598,314.81111111111113,"mill,",90,2,598,mill,2322536,5,6.3659624544117195
2,599,304.7692307692308,the,91,2,599,the,9819942513,3,9.992108945387768
2,600,321.05494505494505,water,91,2,600,water,64469088,5,7.809351526588196
2,601,298.27472527472526,drops,91,2,601,drops,2565401,5,6.409155259691735
2,602,308.7391304347826,saw,92,2,602,saw,36746641,3,7.565217646499487
2,603,307.15555555555557,two,90,2,603,two,201126338,3,8.303468946275931
2,604,326.9782608695652,great,92,2,604,great,69441756,5,7.84162069447644
2,605,328.6304347826087,"stones,",92,2,605,stones,3978942,7,6.59976760859511
2,606,327.989010989011,which,91,2,606,which,508000647,5,8.705864265410595
2,607,335.3956043956044,the,91,2,607,the,9819942513,3,9.992108945387768
2,608,330.38461538461536,big,91,2,608,big,22941525,3,7.360622283533505
2,609,318.34444444444443,wheel,90,2,609,wheel,3834055,5,6.583658338595559
2,610,331.35555555555555,kept,90,2,610,kept,19944712,4,7.299827769514556
2,611,333.1630434782609,whizzing,92,2,611,whizzing,60669,8,4.782966836578116
2,612,330.8333333333333,round,90,2,612,round,14284199,5,7.154855891926785
2,613,340.54945054945057,and,91,2,613,and,4873010095,3,9.687797311073117
2,614,352.93333333333334,round.,90,2,614,round,14284199,6,7.154855891926785
2,615,352.8901098901099,The,91,2,615,The,1217211729,3,9.085366128549287
2,616,355.70786516853934,"stones,",89,2,616,stones,3978942,7,6.59976760859511
2,617,370.94505494505495,smoothed,91,2,617,smoothed,578325,8,5.762171966516584
2,618,344.032967032967,by,91,2,618,by,877228367,2,8.94311266704604
2,619,314.5280898876405,the,89,2,619,the,9819942513,3,9.992108945387768
2,620,344.82022471910113,"spinning,",89,2,620,spinning,1400425,9,6.1462598550672425
2,621,360.0769230769231,were,91,2,621,were,457504590,4,8.660395455564592
2,622,340.3736263736264,busy,91,2,622,busy,5424151,4,6.734331771116005
2,623,352.2717391304348,grinding,92,2,623,grinding,914801,8,5.961326630676998
2,624,335.9120879120879,the,91,2,624,the,9819942513,3,9.992108945387768
2,625,316.6629213483146,wheat,89,2,625,wheat,3103616,5,6.491867982110147
2,626,339.2608695652174,into,92,2,626,into,254637739,4,8.40592276940739
2,627,336.60869565217394,flour,92,2,627,flour,2135831,5,6.3295668856827705
2,628,326.1666666666667,and,90,2,628,and,4873010095,3,9.687797311073117
2,629,308.38461538461536,the,91,2,629,the,9819942513,3,9.992108945387768
2,630,320.5326086956522,corn,92,2,630,corn,3418741,4,6.533866200377913
2,631,311.6521739130435,into,92,2,631,into,254637739,4,8.40592276940739
2,632,319.74725274725273,golden,91,2,632,golden,4031891,6,6.605508782678937
2,633,323.1,meal.,90,2,633,meal,4633730,5,6.665930724549703
2,634,355.4835164835165,But,91,2,634,But,139866870,3,8.14571485616373
2,635,352.65934065934067,what,91,2,635,what,218817723,4,8.340082494486747
2,636,340.02197802197804,giant,91,2,636,giant,3393047,5,6.530589875471607
2,637,380.17391304347825,do,92,2,637,do,256960172,2,8.409865814299964
2,638,389.8695652173913,you,92,2,638,you,578117187,3,8.762015880823492
2,639,367.67391304347825,suppose,92,2,639,suppose,7125336,7,6.852805348611119
2,640,348.5054945054945,it,91,2,640,it,908536386,2,8.958342325064617
2,641,306.79347826086956,was,92,2,641,was,1140172617,3,9.056970606543045
2,642,319.8222222222222,who,90,2,642,who,294018466,3,8.46837460738514
2,643,335.56666666666666,could,90,2,643,could,205904563,5,8.313665971017075
2,644,317.4835164835165,turn,91,2,644,turn,30820919,4,7.488845584112397
2,645,329.13186813186815,and,91,2,645,and,4873010095,3,9.687797311073117
2,646,341.8478260869565,swing,92,2,646,swing,2181363,5,6.338727942414578
2,647,334.57608695652175,that,92,2,647,that,1746480437,4,9.24216372530116
2,648,353.5978260869565,tremendous,92,2,648,tremendous,2801751,10,6.447429535613859
2,649,363.0,wheel?,92,2,649,wheel,3834055,6,6.583658338595559
2,650,365.70652173913044,No,92,2,650,No,46414615,2,7.666654752417921
2,651,366.14285714285717,giant,91,2,651,giant,3393047,5,6.530589875471607
2,652,320.45652173913044,at,92,2,652,at,654432238,2,8.815864684979672
2,653,333.5326086956522,all.,92,2,653,all,374139462,4,8.573033517406971
2,654,313.94505494505495,It,91,2,654,It,278516683,2,8.444851214295534
2,655,302.4673913043478,was,92,2,655,was,1140172617,3,9.056970606543045
2,656,301.9891304347826,just,92,2,656,just,113263289,4,8.054089168749202
2,657,292.6222222222222,our,90,2,657,our,162647972,3,8.211248652587438
2,658,309.0108695652174,tiny,92,2,658,tiny,5635566,4,6.750937540316912
2,659,314.44565217391306,little,92,2,659,little,78869880,6,7.89691118005035
2,660,315.2282608695652,water,92,2,660,water,64469088,5,7.809351526588196
2,661,331.0,"drops,",92,2,661,drops,2565401,6,6.409155259691735
2,662,341.9891304347826,who,92,2,662,who,294018466,3,8.46837460738514
2,663,331.39130434782606,sprang,92,2,663,sprang,1242355,6,6.094245712194404
2,664,319.3076923076923,on,91,2,664,on,993594775,2,8.99720929902148
2,665,316.5,it,92,2,665,it,908536386,2,8.958342325064617
2,666,310.5274725274725,by,91,2,666,by,877228367,2,8.94311266704604
2,667,322.6703296703297,hundreds,91,2,667,hundreds,5212001,8,6.717004490366418
2,668,325.07608695652175,and,92,2,668,and,4873010095,3,9.687797311073117
2,669,362.80434782608694,"thousands,",92,2,669,thousands,7408000,10,6.869700973673878
2,670,326.8131868131868,and,91,2,670,and,4873010095,3,9.687797311073117
2,671,345.04395604395603,whirled,91,2,671,whirled,399162,7,5.6011491899904975
2,672,323.032967032967,it,91,2,672,it,908536386,2,8.958342325064617
2,673,342.53333333333336,over,90,2,673,over,162192656,4,8.210031185689672
2,674,296.29213483146066,and,89,2,674,and,4873010095,3,9.687797311073117
2,675,310.3296703296703,over.,91,2,675,over,162192656,5,8.210031185689672
2,676,316.64835164835165,It,91,2,676,It,278516683,2,8.444851214295534
2,677,336.3736263736264,was,91,2,677,was,1140172617,3,9.056970606543045
2,678,310.42045454545456,lucky,88,2,678,lucky,2678763,5,6.427934291680147
2,679,301.55555555555554,for,90,2,679,for,1388290219,3,9.14248026391068
2,680,326.43333333333334,the,90,2,680,the,9819942513,3,9.992108945387768
2,681,309.3478260869565,water,92,2,681,water,64469088,5,7.809351526588196
2,682,315.4888888888889,drops,90,2,682,drops,2565401,5,6.409155259691735
2,683,310.6222222222222,that,90,2,683,that,1746480437,4,9.24216372530116
2,684,291.0888888888889,the,90,2,684,the,9819942513,3,9.992108945387768
2,685,288.1777777777778,brook,90,2,685,brook,439768,5,5.643223624458523
2,686,312.3222222222222,where,90,2,686,where,136128991,5,8.133950625501162
2,687,318.0681818181818,they,88,2,687,they,418953705,4,8.622166035439204
2,688,322.2247191011236,were,89,2,688,were,457504590,4,8.660395455564592
2,689,316.8241758241758,swimming,91,2,689,swimming,2464770,8,6.391776399316615
2,690,311.032967032967,next,91,2,690,next,47961300,4,7.6808909462194475
2,691,333.8241758241758,emptied,91,2,691,emptied,667879,7,5.824697788235657
2,692,363.44565217391306,into,92,2,692,into,254637739,4,8.40592276940739
2,693,327.1111111111111,a,90,2,693,a,3213754375,1,9.507012680872096
2,694,325.7362637362637,beautiful,91,2,694,beautiful,12851183,9,7.108943107957128
2,695,319.1208791208791,pond,91,2,695,pond,1463397,4,6.165362160383871
2,696,326.2,where,90,2,696,where,136128991,5,8.133950625501162
2,697,331.76666666666665,ducks,90,2,697,ducks,636351,5,5.803696730922839
2,698,331.60674157303373,and,89,2,698,and,4873010095,3,9.687797311073117
2,699,319.3369565217391,geese,92,2,699,geese,456207,5,5.659161944768008
2,700,312.5217391304348,were,92,2,700,were,457504590,4,8.660395455564592
2,701,313.0989010989011,living,91,2,701,living,29569532,6,7.4708444509574345
2,702,322.31868131868134,peacefully.,91,2,702,peacefully,579294,11,5.762899030345448
2,703,330.94444444444446,Aqua,90,2,703,Aqua,93158,4,4.969220156136928
2,704,339.0326086956522,liked,92,2,704,liked,6186837,5,6.791468674136524
2,705,327.1978021978022,to,91,2,705,to,4223327232,2,9.62565473275005
2,706,301.2111111111111,play,90,2,706,play,29832939,4,7.474696040107226
2,707,335.9782608695652,hide-and-seek,92,2,707,hide - and - seek,49865,13,4.697795823376305
2,708,363.75,in,92,2,708,in,3271087682,2,9.514692185610274
2,709,317.84615384615387,this,91,2,709,this,599554050,4,8.777828340993896
2,710,314.74444444444447,"pond,",90,2,710,pond,1463397,5,6.165362160383871
2,711,300.46153846153845,and,91,2,711,and,4873010095,3,9.687797311073117
2,712,302.67391304347825,it,92,2,712,it,908536386,2,8.958342325064617
2,713,309.6304347826087,was,92,2,713,was,1140172617,3,9.056970606543045
2,714,286.6666666666667,his,90,2,714,his,632876249,3,8.80131879748875
2,715,324.86813186813185,brother,91,2,715,brother,14364432,7,7.157288457745803
2,716,345.8369565217391,water,92,2,716,water,64469088,5,7.809351526588196
2,717,393.9120879120879,drop,91,2,717,drop,7963603,4,6.901109601530304
2,718,378.3736263736264,who,91,2,718,who,294018466,3,8.46837460738514
2,719,330.1868131868132,he,91,2,719,he,602878183,2,8.780229567869084
2,720,338.3736263736264,fooled,91,2,720,fooled,371279,6,5.569700385687135
2,721,328.8695652173913,by,92,2,721,by,877228367,2,8.94311266704604
2,722,336.3369565217391,swimming,92,2,722,swimming,2464770,8,6.391776399316615
2,723,326.45054945054943,to,91,2,723,to,4223327232,2,9.62565473275005
2,724,320.7802197802198,a,91,2,724,a,3213754375,1,9.507012680872096
2,725,309.0,big,92,2,725,big,22941525,3,7.360622283533505
2,726,325.8695652173913,pool,92,2,726,pool,5265222,4,6.721416687267449
2,727,316.010989010989,of,91,2,727,of,6162371881,2,9.789747903165104
2,728,317.3296703296703,water,91,2,728,water,64469088,5,7.809351526588196
2,729,320.6703296703297,and,91,2,729,and,4873010095,3,9.687797311073117
2,730,353.6630434782609,pretending,92,2,730,pretending,896423,10,5.952512990929667
2,731,338.4130434782609,to,92,2,731,to,4223327232,2,9.62565473275005
2,732,299.9120879120879,hide,91,2,732,hide,4034362,4,6.605774864513551
2,733,317.53846153846155,"there,",91,2,733,there,243799443,6,8.38703270906619
2,734,324.1978021978022,but,91,2,734,but,422070748,3,8.625385254020305
2,735,341.8369565217391,then,92,2,735,then,161019392,4,8.206878182438311
2,736,354.3695652173913,sneaking,92,2,736,sneaking,255524,8,5.407431697339847
2,737,319.57142857142856,under,91,2,737,under,99197859,5,7.996502298822325
2,738,311.31868131868134,a,91,2,738,a,3213754375,1,9.507012680872096
2,739,307.4175824175824,rock,91,2,739,rock,9223034,4,6.964873809633673
2,740,307.5652173913044,into,92,2,740,into,254637739,4,8.40592276940739
2,741,317.1630434782609,an,92,2,741,an,576832090,2,8.761049412810996
2,742,317.7362637362637,obscured,91,2,742,obscured,772931,8,5.888140725927682
2,743,321.4347826086956,little,92,2,743,little,78869880,6,7.89691118005035
2,744,324.2087912087912,puddle.,91,2,744,puddle,232136,7,5.365742496720317
2,745,356.03333333333336,His,90,2,745,His,52032654,3,7.716275978272724
2,746,356.8369565217391,brother,92,2,746,brother,14364432,7,7.157288457745803
2,747,340.95652173913044,had,92,2,747,had,537932901,3,8.730728107371226
2,748,344.6703296703297,blatantly,91,2,748,blatantly,218878,9,5.34020211168781
2,749,391.25274725274727,peaked,91,2,749,peaked,445987,6,5.64932219971988
2,750,359.35555555555555,and,90,2,750,and,4873010095,3,9.687797311073117
2,751,366.6847826086956,even,92,2,751,even,130943090,4,8.117082585204544
2,752,318.8131868131868,followed,91,2,752,followed,23689125,8,7.374549019579257
2,753,315.5824175824176,Aqua,91,2,753,Aqua,93158,4,4.969220156136928
2,754,346.9891304347826,as,92,2,754,as,1139819594,2,9.056836118415085
2,755,307.9230769230769,he,91,2,755,he,602878183,2,8.780229567869084
2,756,301.30434782608694,entered,92,2,756,entered,11705783,7,7.068400468968655
2,757,342.3296703296703,the,91,2,757,the,9819942513,3,9.992108945387768
2,758,306.8804347826087,big,92,2,758,big,22941525,3,7.360622283533505
2,759,299.8152173913044,pool,92,2,759,pool,5265222,4,6.721416687267449
2,760,297.35164835164835,of,91,2,760,of,6162371881,2,9.789747903165104
2,761,297.7826086956522,"water,",92,2,761,water,64469088,6,7.809351526588196
2,762,334.1208791208791,so,91,2,762,so,252284174,2,8.401890007711213
2,763,299.34065934065933,when,91,2,763,when,249000060,4,8.396199451744996
2,764,293.7142857142857,he,91,2,764,he,602878183,2,8.780229567869084
2,765,303.1098901098901,searched,91,2,765,searched,1762012,8,6.246008861803632
2,766,324.2826086956522,there,92,2,766,there,243799443,5,8.38703270906619
2,767,351.16483516483515,and,91,2,767,and,4873010095,3,9.687797311073117
2,768,320.56043956043953,could,91,2,768,could,205904563,5,8.313665971017075
2,769,299.14285714285717,not,91,2,769,not,1006314753,3,9.002733839677335
2,770,319.6629213483146,find,89,2,770,find,59792457,4,7.776646399876377
2,771,306.02222222222224,"him,",90,2,771,him,230330497,4,8.362351444703018
2,772,319.8695652173913,he,92,2,772,he,602878183,2,8.780229567869084
2,773,313.9673913043478,was,92,2,773,was,1140172617,3,9.056970606543045
2,774,315.05555555555554,extremely,90,2,774,extremely,9873741,9,6.994481730970805
2,775,320.1195652173913,surprised,92,2,775,surprised,5800179,9,6.763441396582368
2,776,315.5217391304348,and,92,2,776,and,4873010095,3,9.687797311073117
2,777,310.75824175824175,gave,91,2,777,gave,30520506,4,7.484591729518301
2,778,324.9347826086956,up.,92,2,778,up,232348461,3,8.366139800200205
2,779,330.6373626373626,Aqua,91,2,779,Aqua,93158,4,4.969220156136928
2,780,334.2826086956522,liked,92,2,780,liked,6186837,5,6.791468674136524
2,781,310.1777777777778,this,90,2,781,this,599554050,4,8.777828340993896
2,782,333.9673913043478,pond,92,2,782,pond,1463397,4,6.165362160383871
2,783,328.5888888888889,where,90,2,783,where,136128991,5,8.133950625501162
2,784,323.72527472527474,he,91,2,784,he,602878183,2,8.780229567869084
2,785,306.2258064516129,could,93,2,785,could,205904563,5,8.313665971017075
2,786,298.7096774193548,play,93,2,786,play,29832939,4,7.474696040107226
2,787,319.89130434782606,all,92,2,787,all,374139462,3,8.573033517406971
2,788,285.6989247311828,"day,",93,2,788,day,88338993,4,7.946152444310691
2,789,310.0,so,93,2,789,so,252284174,2,8.401890007711213
2,790,324.1868131868132,he,91,2,790,he,602878183,2,8.780229567869084
2,791,337.64516129032256,stayed,93,2,791,stayed,5275752,6,6.722284372249054
2,792,320.16129032258067,a,93,2,792,a,3213754375,1,9.507012680872096
2,793,310.24175824175825,good,91,2,793,good,99518711,4,7.997904742254174
2,794,308.4130434782609,"while,",92,2,794,while,83722224,6,7.922840756433239
2,795,321.7912087912088,sailing,91,2,795,sailing,1434532,7,6.156710240465193
2,796,353.2967032967033,up,91,2,796,up,232348461,2,8.366139800200205
2,797,295.989010989011,and,91,2,797,and,4873010095,3,9.687797311073117
2,798,302.92391304347825,"down,",92,2,798,down,98751710,5,7.99454462467454
2,799,307.35483870967744,taking,93,2,799,taking,25974145,6,7.4145412606414025
2,800,302.05434782608694,the,92,2,800,the,9819942513,3,9.992108945387768
2,801,323.7391304347826,ducks',92,2,801,ducks,636351,6,5.803696730922839
2,802,330.7173913043478,backs,92,2,802,backs,1537622,5,6.186849584170886
2,803,362.6043956043956,for,91,2,803,for,1388290219,3,9.14248026391068
2,804,338.4945054945055,ships,91,2,804,ships,5955428,5,6.774912978473511
2,805,344.86813186813185,and,91,2,805,and,4873010095,3,9.687797311073117
2,806,331.9010989010989,the,91,2,806,the,9819942513,3,9.992108945387768
2,807,350.81720430107526,frogs,93,2,807,frogs,550370,5,5.740654753008081
2,808,335.32608695652175,for,92,2,808,for,1388290219,3,9.14248026391068
2,809,340.5054945054945,"horses,",91,2,809,horses,6457837,7,6.810087078944702
2,810,345.06451612903226,but,93,2,810,but,422070748,3,8.625385254020305
2,811,381.64516129032256,after,93,2,811,after,131123106,5,8.117679228105795
2,812,343.3695652173913,a,92,2,812,a,3213754375,1,9.507012680872096
2,813,307.1304347826087,time,92,2,813,time,252986157,4,8.403096757922885
2,814,301.1505376344086,he,93,2,814,he,602878183,2,8.780229567869084
2,815,318.61290322580646,tired,93,2,815,tired,4899147,5,6.690120470754768
2,816,321.3370786516854,of,89,2,816,of,6162371881,2,9.789747903165104
2,817,326.22222222222223,the,90,2,817,the,9819942513,3,9.992108945387768
2,818,286.9130434782609,dull,92,2,818,dull,2135047,4,6.329407439836911
2,819,312.94565217391306,"life,",92,2,819,life,120194864,5,8.079885910394554
2,820,289.7142857142857,and,91,2,820,and,4873010095,3,9.687797311073117
2,821,304.9891304347826,he,92,2,821,he,602878183,2,8.780229567869084
2,822,299.20652173913044,and,92,2,822,and,4873010095,3,9.687797311073117
2,823,308.2197802197802,his,91,2,823,his,632876249,3,8.80131879748875
2,824,306.53846153846155,brothers,91,2,824,brothers,5599302,8,6.748133891927289
2,825,301.31868131868134,floated,91,2,825,floated,842312,7,5.925472987913026
2,826,355.92391304347825,under,92,2,826,under,99197859,5,7.996502298822325
2,827,342.14285714285717,a,91,2,827,a,3213754375,1,9.507012680872096
2,828,313.85714285714283,bridge,91,2,828,bridge,6236020,6,6.794907499376924
2,829,343.6703296703297,for,91,2,829,for,1388290219,3,9.14248026391068
2,830,297.8152173913044,a,92,2,830,a,3213754375,1,9.507012680872096
2,831,293.80434782608694,long,92,2,831,long,95494675,4,7.979979155012088
2,832,308.65934065934067,"distance,",91,2,832,distance,18155596,9,7.259010510217386
2,833,339.0769230769231,until,91,2,833,until,54630510,5,7.737435254864791
2,834,302.2857142857143,they,91,2,834,they,418953705,4,8.622166035439204
2,835,292.5934065934066,saw,91,2,835,saw,36746641,3,7.565217646499487
2,836,290.1630434782609,another,92,2,836,another,83344110,7,7.9208749132835905
2,837,323.752688172043,brook,93,2,837,brook,439768,5,5.643223624458523
2,838,324.04347826086956,tumbling,92,2,838,tumbling,422917,8,5.62625514283856
2,839,351.7608695652174,down,92,2,839,down,98751710,4,7.99454462467454
2,840,307.65934065934067,a,91,2,840,a,3213754375,1,9.507012680872096
2,841,318.1630434782609,hillside.,92,2,841,hillside,570964,9,5.756608726294484
2,842,341.7826086956522,"'Come,",92,2,842,Come,5454157,6,6.736727635118683
2,843,343.1847826086956,let's,92,2,843,let 's,2899157,5,6.462271734633166
2,844,307.26881720430106,join,93,2,844,join,7989363,4,6.902512153955631
2,845,323.75555555555553,hands!',90,2,845,hands,29361361,7,7.467776182752565
2,846,372.46153846153845,cried,91,2,846,cried,5416949,5,6.73375474676999
2,847,339.5730337078652,Aqua,89,2,847,Aqua,93158,4,4.969220156136928
2,848,340.31868131868134,and,91,2,848,and,4873010095,3,9.687797311073117
2,849,326.83516483516485,because,91,2,849,because,136741894,7,8.135901590980518
2,850,307.0659340659341,the,91,2,850,the,9819942513,3,9.992108945387768
2,851,318.86813186813185,water,91,2,851,water,64469088,5,7.809351526588196
2,852,311.72527472527474,drops,91,2,852,drops,2565401,5,6.409155259691735
2,853,309.0326086956522,were,92,2,853,were,457504590,4,8.660395455564592
2,854,303.1758241758242,all,91,2,854,all,374139462,3,8.573033517406971
2,855,309.5888888888889,"together,",90,2,855,together,43957560,9,7.643033577565246
2,856,350.61538461538464,overcoming,91,2,856,overcoming,918752,10,5.963198297494176
2,857,339.2043010752688,the,93,2,857,the,9819942513,3,9.992108945387768
2,858,328.5978260869565,brook,92,2,858,brook,439768,5,5.643223624458523
2,859,307.13978494623655,was,93,2,859,was,1140172617,3,9.056970606543045
2,860,354.9010989010989,child's,91,2,860,child 's,4721637,7,6.67409259541598
2,861,334.2717391304348,play.,92,2,861,play,29832939,5,7.474696040107226
2,862,367.5652173913044,It,92,2,862,It,278516683,2,8.444851214295534
2,863,352.6774193548387,was,93,2,863,was,1140172617,3,9.056970606543045
2,864,328.6,by,90,2,864,by,877228367,2,8.94311266704604
2,865,295.2173913043478,the,92,2,865,the,9819942513,3,9.992108945387768
2,866,328.39784946236557,help,93,2,866,help,53942915,4,7.73193441141996
2,867,313.44086021505376,of,93,2,867,of,6162371881,2,9.789747903165104
2,868,311.8021978021978,Aqua,91,2,868,Aqua,93158,4,4.969220156136928
2,869,295.3369565217391,and,92,2,869,and,4873010095,3,9.687797311073117
2,870,287.5108695652174,his,92,2,870,his,632876249,3,8.80131879748875
2,871,279.4731182795699,brothers,93,2,871,brothers,5599302,8,6.748133891927289
2,872,289.1777777777778,that,90,2,872,that,1746480437,4,9.24216372530116
2,873,283.0,the,92,2,873,the,9819942513,3,9.992108945387768
2,874,290.3804347826087,bewitching,92,2,874,bewitching,80041,10,4.9033125058983185
2,875,368.494623655914,river,93,2,875,river,12570076,5,7.099337903483956
2,876,333.8494623655914,was,93,2,876,was,1140172617,3,9.056970606543045
2,877,354.63440860215053,able,93,2,877,able,42495598,4,7.628343945030945
2,878,302.3736263736264,to,91,2,878,to,4223327232,2,9.62565473275005
2,879,295.2173913043478,float,92,2,879,float,1460095,5,6.164381113752617
2,880,301.9347826086956,heavy,92,2,880,heavy,13424014,5,7.127882396413676
2,881,321.8478260869565,"ships,",92,2,881,ships,5955428,6,6.774912978473511
2,882,370.73333333333335,though,90,2,882,though,52696046,6,7.721778029542639
2,883,422.72527472527474,not,91,2,883,not,1006314753,3,9.002733839677335
2,884,349.2,so,90,2,884,so,252284174,2,8.401890007711213
2,885,313.83870967741933,long,93,2,885,long,95494675,4,7.979979155012088
2,886,306.55434782608694,ago,92,2,886,ago,15950013,3,7.2027610413634795
2,887,316.5111111111111,it,90,2,887,it,908536386,2,8.958342325064617
2,888,297.27472527472526,was,91,2,888,was,1140172617,3,9.056970606543045
2,889,300.6666666666667,only,90,2,889,only,224965302,4,8.352115538946988
2,890,315.77777777777777,a,90,2,890,a,3213754375,1,9.507012680872096
2,891,321.64444444444445,little,90,2,891,little,78869880,6,7.89691118005035
2,892,324.34065934065933,stream.,91,2,892,stream,6638154,7,6.8220473234830115
2,893,330.44444444444446,As,90,2,893,As,110944292,2,8.045104963019837
2,894,318.65934065934067,the,91,2,894,the,9819942513,3,9.992108945387768
2,895,323.7303370786517,river,89,2,895,river,12570076,5,7.099337903483956
2,896,307.8068181818182,grew,88,2,896,grew,9240118,4,6.9656775173696355
2,897,302.01149425287355,wider,87,2,897,wider,4962184,5,6.6956728640682135
2,898,305.7191011235955,and,89,2,898,and,4873010095,3,9.687797311073117
2,899,323.68131868131866,he,91,2,899,he,602878183,2,8.780229567869084
2,900,343.64044943820227,could,89,2,900,could,205904563,5,8.313665971017075
2,901,326.05494505494505,almost,91,2,901,almost,40784201,6,7.610491958498274
2,902,301.2111111111111,see,90,2,902,see,158936043,3,8.201222396269541
2,903,293.0978260869565,the,92,2,903,the,9819942513,3,9.992108945387768
2,904,289.3333333333333,"ocean,",90,2,904,ocean,4545633,6,6.657594369244463
2,905,306.8,Aqua,90,2,905,Aqua,93158,4,4.969220156136928
2,906,310.9318181818182,realized,88,2,906,realized,9907379,8,6.995958776948371
2,907,320.3736263736264,his,91,2,907,his,632876249,3,8.80131879748875
2,908,311.1098901098901,journey,91,2,908,journey,6826751,7,6.83421406261466
2,909,319.314606741573,was,89,2,909,was,1140172617,3,9.056970606543045
2,910,319.42045454545456,almost,88,2,910,almost,40784201,6,7.610491958498274
2,911,326.9,over,90,2,911,over,162192656,4,8.210031185689672
2,912,304.38461538461536,and,91,2,912,and,4873010095,3,9.687797311073117
2,913,319.31868131868134,he,91,2,913,he,602878183,2,8.780229567869084
2,914,300.1123595505618,had,89,2,914,had,537932901,3,8.730728107371226
2,915,318.0113636363636,come,88,2,915,come,69378970,4,7.841227848019203
2,916,296.9325842696629,full,89,2,916,full,39841263,4,7.600333097453378
2,917,294.1098901098901,circle.,91,2,917,circle,7524861,7,6.876498482008003
2,918,332.4945054945055,Back,91,2,918,Back,3576541,4,6.553463207982909
2,919,320.7692307692308,in,91,2,919,in,3271087682,2,9.514692185610274
2,920,306.7752808988764,the,89,2,920,the,9819942513,3,9.992108945387768
2,921,303.6,"ocean,",90,2,921,ocean,4545633,6,6.657594369244463
2,922,313.9887640449438,he,89,2,922,he,602878183,2,8.780229567869084
2,923,310.8666666666667,felt,90,2,923,felt,35889439,4,7.554966669781874
2,924,317.2111111111111,right,90,2,924,right,91408680,5,7.960987437496594
2,925,316.1868131868132,at,91,2,925,at,654432238,2,8.815864684979672
2,926,304.65934065934067,home.,91,2,926,home,58425147,5,7.7665998137678764
2,927,317.2967032967033,For,91,2,927,For,120135284,3,8.079670579392786
2,928,297.7912087912088,"him,",91,2,928,him,230330497,4,8.362351444703018
2,929,307.3777777777778,this,90,2,929,this,599554050,4,8.777828340993896
2,930,286.2307692307692,was,91,2,930,was,1140172617,3,9.056970606543045
2,931,287.05555555555554,the,90,2,931,the,9819942513,3,9.992108945387768
2,932,309.2134831460674,"safest,",89,2,932,safest,352869,7,5.54761350670143
2,933,307.65168539325845,sweetest,89,2,933,sweetest,256956,8,5.40985876304656
2,934,316.1758241758242,place,91,2,934,place,78015798,5,7.892182555120126
2,935,310.2307692307692,in,91,2,935,in,3271087682,2,9.514692185610274
2,936,286.5164835164835,the,91,2,936,the,9819942513,3,9.992108945387768
2,937,292.8333333333333,whole,90,2,937,whole,42803829,5,7.631482620396147
2,938,295.6,wide,90,2,938,wide,18934643,4,7.277257121202731
2,939,296.8222222222222,world.,90,2,939,world,90456522,6,7.956439885363845
2,940,318.06666666666666,During,90,2,940,During,17869601,6,7.252114855503247
2,941,312.7391304347826,the,92,2,941,the,9819942513,3,9.992108945387768
2,942,289.0111111111111,warm,90,2,942,warm,8890485,4,6.948925453554952
2,943,287.1666666666667,summer,90,2,943,summer,13037148,6,7.115182595741674
2,944,343.44943820224717,"evenings,",89,2,944,evenings,1107756,9,6.044444111003207
2,945,301.3777777777778,if,90,2,945,if,232130093,2,8.365731445396332
2,946,274.3296703296703,you,91,2,946,you,578117187,3,8.762015880823492
2,947,294.9230769230769,take,91,2,947,take,83145589,4,7.9198392141836385
2,948,288.14444444444445,a,90,2,948,a,3213754375,1,9.507012680872096
2,949,290.5,walk,88,2,949,walk,11800015,4,7.071882559375031
2,950,280.14772727272725,on,88,2,950,on,993594775,2,8.99720929902148
2,951,280.7142857142857,the,91,2,951,the,9819942513,3,9.992108945387768
2,952,285.16483516483515,sea,91,2,952,sea,15805476,3,7.198807579647948
2,953,307.0112359550562,"beach,",89,2,953,beach,4267850,6,6.63020914708864
2,954,324.31868131868134,you,91,2,954,you,578117187,3,8.762015880823492
2,955,310.0,will,91,2,955,will,314222543,4,8.497237339040392
2,956,312.55434782608694,hear,92,2,956,hear,18622526,4,7.270038589290667
2,957,297.44565217391306,the,92,2,957,the,9819942513,3,9.992108945387768
2,958,305.9555555555556,gentle,90,2,958,gentle,3529333,6,6.547692636892034
2,959,349.8333333333333,rippling,90,2,959,rippling,198044,8,5.296761689424667
2,960,300.56666666666666,swash,90,2,960,swash,27029,5,4.431829978273063
2,961,318.34065934065933,of,91,2,961,of,6162371881,2,9.789747903165104
2,962,316.8888888888889,the,90,2,962,the,9819942513,3,9.992108945387768
2,963,293.56043956043953,waves,91,2,963,waves,6088299,5,6.78449597274764
2,964,287.75,and,92,2,964,and,4873010095,3,9.687797311073117
2,965,305.0326086956522,some,92,2,965,some,212953941,4,8.328285681689485
2,966,308.0674157303371,say,89,2,966,say,65187655,3,7.814165358415893
2,967,297.3666666666667,that,90,2,967,that,1746480437,4,9.24216372530116
2,968,309.7282608695652,it,92,2,968,it,908536386,2,8.958342325064617
2,969,302.8021978021978,must,91,2,969,must,124852809,4,8.096398317768474
2,970,287.5108695652174,be,92,2,970,be,964072174,2,8.984109548007202
2,971,281.9032258064516,the,93,2,971,the,9819942513,3,9.992108945387768
2,972,312.97802197802196,gurgling,91,2,972,gurgling,115569,8,5.062841355412892
2,973,319.3296703296703,voices,91,2,973,voices,4634004,6,6.665956404330344
2,974,332.7956989247312,of,93,2,974,of,6162371881,2,9.789747903165104
2,975,320.8478260869565,Aqua,92,2,975,Aqua,93158,4,4.969220156136928
2,976,326.1758241758242,and,91,2,976,and,4873010095,3,9.687797311073117
2,977,311.0,his,92,2,977,his,632876249,3,8.80131879748875
2,978,284.6489361702128,brother,94,2,978,brother,14364432,7,7.157288457745803
2,979,317.20212765957444,water,94,2,979,water,64469088,5,7.809351526588196
2,980,356.05434782608694,drops,92,2,980,drops,2565401,5,6.409155259691735
2,981,361.8478260869565,telling,92,2,981,telling,8529549,7,6.930926068448945
2,982,319.1720430107527,each,93,2,982,each,121902893,4,8.086014012419263
2,983,307.56382978723406,other,94,2,983,other,281661595,5,8.449727634289163
2,984,306.05494505494505,about,91,2,984,about,265782619,5,8.424526576609713
2,985,314.83870967741933,their,93,2,985,their,438887121,5,8.642352836801459
2,986,306.1720430107527,wonderful,93,2,986,wonderful,6181671,9,6.791105887384238
2,987,320.0425531914894,journey,94,2,987,journey,6826751,7,6.83421406261466
2,988,320.3440860215054,around,93,2,988,around,66671286,6,7.823938832166472
2,989,375.0425531914894,the,94,2,989,the,9819942513,3,9.992108945387768
2,990,433.39130434782606,world.,92,2,990,world,90456522,6,7.956439885363845
3,1,676.1595744680851,It,94,3,1,It,278516683,2,8.444851214295534
3,2,386.3152173913044,was,92,3,2,was,1140172617,3,9.056970606543045
3,3,391.1595744680851,cold,94,3,3,cold,14949741,4,7.174633668697561
3,4,405.5425531914894,and,94,3,4,and,4873010095,3,9.687797311073117
3,5,383.0744680851064,nearly,94,3,5,nearly,15730154,6,7.1967329744365625
3,6,382.6777777777778,dark,90,3,6,dark,17668371,4,7.2471965099864635
3,7,367.5869565217391,on,92,3,7,on,993594775,2,8.99720929902148
3,8,392.6263736263736,the,91,3,8,the,9819942513,3,9.992108945387768
3,9,349.4891304347826,last,92,3,9,last,57574244,4,7.760228244008672
3,10,367.26881720430106,evening,93,3,10,evening,12026621,7,7.080143625079926
3,11,378.44565217391306,of,92,3,11,of,6162371881,2,9.789747903165104
3,12,358.0430107526882,the,93,3,12,the,9819942513,3,9.992108945387768
3,13,392.9010989010989,old,91,3,13,old,66132164,3,7.8204127340737415
3,14,438.75,"year,",92,3,14,year,73403129,5,7.865714573246724
3,15,493.03225806451616,and,93,3,15,and,4873010095,3,9.687797311073117
3,16,371.5483870967742,the,93,3,16,the,9819942513,3,9.992108945387768
3,17,359.4731182795699,snow,93,3,17,snow,5572025,4,6.746013056304993
3,18,359.26881720430106,was,93,3,18,was,1140172617,3,9.056970606543045
3,19,394.32608695652175,falling,92,3,19,falling,5726190,7,6.757865754195984
3,20,371.247311827957,fast,93,3,20,fast,11581233,4,7.063754799166018
3,21,360.4835164835165,and,91,3,21,and,4873010095,3,9.687797311073117
3,22,391.5444444444444,furious.,90,3,22,furious,1285256,8,6.108989639974053
3,23,491.4782608695652,A,92,3,23,A,276130546,1,8.441114451642763
3,24,400.9,little,90,3,24,little,78869880,6,7.89691118005035
3,25,381.4347826086956,girl,92,3,25,girl,16352263,4,7.213577863443013
3,26,347.04347826086956,no,92,3,26,no,236436100,2,8.373713787073193
3,27,394.2197802197802,one,91,3,27,one,398913374,3,8.600878596743621
3,28,431.17391304347825,sheltered,92,3,28,sheltered,783069,9,5.893800031533006
3,29,439.6222222222222,from,90,3,29,from,708532803,4,8.850359961615387
3,30,386.1208791208791,the,91,3,30,the,9819942513,3,9.992108945387768
3,31,508.27777777777777,gelid,90,3,31,gelid,5523,5,3.742175043223677
3,32,625.7640449438202,air,89,3,32,air,31277584,3,7.49523319911954
3,33,521.3626373626373,roamed,91,3,33,roamed,298255,6,5.4745877329935375
3,34,432.68131868131866,through,91,3,34,through,147254130,7,8.168067484179392
3,35,390.3296703296703,the,91,3,35,the,9819942513,3,9.992108945387768
3,36,401.14606741573033,streets,89,3,36,streets,6363181,7,6.803674276871809
3,37,428.06666666666666,with,90,3,37,with,1110064802,4,9.0453483322367
3,38,368.3888888888889,a,90,3,38,a,3213754375,1,9.507012680872096
3,39,389.64835164835165,bare,91,3,39,bare,3552320,4,6.550512080973254
3,40,416.6923076923077,head,91,3,40,head,48252042,4,7.683515697173422
3,41,391.97802197802196,and,91,3,41,and,4873010095,3,9.687797311073117
3,42,384.8241758241758,naked,91,3,42,naked,2966278,5,6.472211850740979
3,43,404.16483516483515,"feet,",91,3,43,feet,23073556,5,7.3631145313293755
3,44,445.0659340659341,looking,91,3,44,looking,26020896,7,7.415322246920269
3,45,391.8901098901099,as,91,3,45,as,1139819594,2,9.056836118415085
3,46,366.6263736263736,poor,91,3,46,poor,24040312,4,7.380940099728334
3,47,369.2637362637363,as,91,3,47,as,1139819594,2,9.056836118415085
3,48,373.93333333333334,a,90,3,48,a,3213754375,1,9.507012680872096
3,49,386.1208791208791,church,91,3,49,church,22128712,6,7.344956136585575
3,50,412.96590909090907,mouse.,88,3,50,mouse,3954755,6,6.597119583802382
3,51,446.4888888888889,It's,90,3,51,It 's,26468411,4,7.422727869724249
3,52,409.9120879120879,true,91,3,52,true,37153771,4,7.5700028999640585
3,53,371.31868131868134,she,91,3,53,she,278699382,3,8.445136005691102
3,54,348.61538461538464,had,91,3,54,had,537932901,3,8.730728107371226
3,55,349.38461538461536,on,91,3,55,on,993594775,2,8.99720929902148
3,56,383.3626373626374,a,91,3,56,a,3213754375,1,9.507012680872096
3,57,368.5824175824176,pair,91,3,57,pair,7856480,4,6.895228009272668
3,58,340.2197802197802,of,91,3,58,of,6162371881,2,9.789747903165104
3,59,409.38461538461536,slippers,91,3,59,slippers,399363,8,5.601367826082558
3,60,406.6923076923077,her,91,3,60,her,415597541,3,8.61867296926702
3,61,420.8666666666667,mother,90,3,61,mother,39696579,6,7.598753081437183
3,62,375.42857142857144,had,91,3,62,had,537932901,3,8.730728107371226
3,63,361.31868131868134,once,91,3,63,once,44407851,4,7.647459757154232
3,64,363.9347826086956,given,92,3,64,given,66612125,5,7.82355328834915
3,65,364.6989247311828,her,93,3,65,her,415597541,3,8.61867296926702
3,66,360.19354838709677,when,93,3,66,when,249000060,4,8.396199451744996
3,67,336.5483870967742,she,93,3,67,she,278699382,3,8.445136005691102
3,68,350.6989247311828,left,93,3,68,left,65369345,4,7.815374133362571
3,69,363.38709677419354,"home,",93,3,69,home,58425147,5,7.7665998137678764
3,70,400.82608695652175,but,92,3,70,but,422070748,3,8.625385254020305
3,71,351.0752688172043,they,93,3,71,they,418953705,4,8.622166035439204
3,72,348.63440860215053,were,93,3,72,were,457504590,4,8.660395455564592
3,73,370.3225806451613,as,93,3,73,as,1139819594,2,9.056836118415085
3,74,330.81720430107526,much,93,3,74,much,116385957,4,8.065900581986279
3,75,368.4623655913978,use,93,3,75,use,128514875,3,8.108953398146214
3,76,400.1195652173913,to,92,3,76,to,4223327232,2,9.62565473275005
3,77,375.989010989011,her,91,3,77,her,415597541,3,8.61867296926702
3,78,346.3152173913044,as,92,3,78,as,1139819594,2,9.056836118415085
3,79,353.19565217391306,a,92,3,79,a,3213754375,1,9.507012680872096
3,80,376.2197802197802,chocolate,91,3,80,chocolate,1891939,9,6.27690712974523
3,81,499.7362637362637,teapot.,91,3,81,teapot,143052,7,5.1554939340244825
3,82,580.8111111111111,The,90,3,82,The,1217211729,3,9.085366128549287
3,83,470.3478260869565,slippers,92,3,83,slippers,399363,8,5.601367826082558
3,84,445.39130434782606,owned,92,3,84,owned,7296902,5,6.8631385135618315
3,85,404.39784946236557,by,93,3,85,by,877228367,2,8.94311266704604
3,86,349.6195652173913,her,92,3,86,her,415597541,3,8.61867296926702
3,87,371.741935483871,mother,93,3,87,mother,39696579,6,7.598753081437183
3,88,364.89130434782606,were,92,3,88,were,457504590,4,8.660395455564592
3,89,362.61290322580646,so,93,3,89,so,252284174,2,8.401890007711213
3,90,351.3804347826087,large,92,3,90,large,65165705,5,7.814019098066826
3,91,343.5698924731183,that,93,3,91,that,1746480437,4,9.24216372530116
3,92,345.5483870967742,the,93,3,92,the,9819942513,3,9.992108945387768
3,93,390.82608695652175,emaciated,92,3,93,emaciated,183967,9,5.26473992625281
3,94,526.1195652173913,little,92,3,94,little,78869880,6,7.89691118005035
3,95,461.0444444444444,creature,90,3,95,creature,3163415,8,6.500156169591151
3,96,414.79347826086956,had,92,3,96,had,537932901,3,8.730728107371226
3,97,378.8279569892473,lost,93,3,97,lost,24735186,4,7.393315180456009
3,98,385.0108695652174,them,92,3,98,them,240201864,4,8.380576373265777
3,99,390.9247311827957,while,93,3,99,while,83722224,5,7.922840756433239
3,100,382.64835164835165,running,91,3,100,running,14525743,7,7.162138356039804
3,101,377.5217391304348,across,92,3,101,across,33682916,6,7.527409682230524
3,102,359.7032967032967,the,91,3,102,the,9819942513,3,9.992108945387768
3,103,344.5978260869565,street,92,3,103,street,11526168,6,7.061684945363438
3,104,349.3763440860215,to,93,3,104,to,4223327232,2,9.62565473275005
3,105,370.5326086956522,avoid,92,3,105,avoid,14527295,5,7.16218475566497
3,106,355.4673913043478,two,92,3,106,two,201126338,3,8.303468946275931
3,107,393.86813186813185,carriages,91,3,107,carriages,477421,9,5.678901518113415
3,108,402.9247311827957,that,93,3,108,that,1746480437,4,9.24216372530116
3,109,369.2903225806452,were,93,3,109,were,457504590,4,8.660395455564592
3,110,363.6630434782609,rolling,92,3,110,rolling,2876355,7,6.45884248568392
3,111,354.8222222222222,along,90,3,111,along,41977332,5,7.623014832185894
3,112,337.8152173913044,at,92,3,112,at,654432238,2,8.815864684979672
3,113,341.9782608695652,a,92,3,113,a,3213754375,1,9.507012680872096
3,114,354.5869565217391,terrible,92,3,114,terrible,4962006,8,6.695657285080349
3,115,391.6,rate.,90,3,115,rate,42059875,5,7.623867977649139
3,116,417.0,One,92,3,116,One,58567021,3,7.767653134286377
3,117,382.56043956043953,of,91,3,117,of,6162371881,2,9.789747903165104
3,118,325.5108695652174,the,92,3,118,the,9819942513,3,9.992108945387768
3,119,349.02197802197804,slippers,91,3,119,slippers,399363,8,5.601367826082558
3,120,356.48387096774195,she,93,3,120,she,278699382,3,8.445136005691102
3,121,345.82608695652175,could,92,3,121,could,205904563,5,8.313665971017075
3,122,350.3695652173913,not,92,3,122,not,1006314753,3,9.002733839677335
3,123,355.17391304347825,"find,",92,3,123,find,59792457,5,7.776646399876377
3,124,361.14130434782606,and,92,3,124,and,4873010095,3,9.687797311073117
3,125,330.5217391304348,a,92,3,125,a,3213754375,1,9.507012680872096
3,126,342.7826086956522,boy,92,3,126,boy,15012057,3,7.176440204737745
3,127,383.6195652173913,seized,92,3,127,seized,2716575,6,6.434021699664791
3,128,368.35869565217394,upon,92,3,128,upon,63368120,4,7.8018708227045765
3,129,344.17977528089887,the,89,3,129,the,9819942513,3,9.992108945387768
3,130,353.65934065934067,"other,",91,3,130,other,281661595,6,8.449727634289163
3,131,388.34444444444443,saying,90,3,131,saying,16371671,6,7.214093008614314
3,132,352.032967032967,that,91,3,132,that,1746480437,4,9.24216372530116
3,133,339.86813186813185,he,91,3,133,he,602878183,2,8.780229567869084
3,134,340.6043956043956,could,91,3,134,could,205904563,5,8.313665971017075
3,135,330.1098901098901,use,91,3,135,use,128514875,3,8.108953398146214
3,136,329.8241758241758,it,91,3,136,it,908536386,2,8.958342325064617
3,137,331.45054945054943,as,91,3,137,as,1139819594,2,9.056836118415085
3,138,329.5824175824176,a,91,3,138,a,3213754375,1,9.507012680872096
3,139,381.2857142857143,home,91,3,139,home,58425147,4,7.7665998137678764
3,140,373.8791208791209,for,91,3,140,for,1388290219,3,9.14248026391068
3,141,352.74725274725273,his,91,3,141,his,632876249,3,8.80131879748875
3,142,340.27472527472526,little,91,3,142,little,78869880,6,7.89691118005035
3,143,357.30434782608694,pet,92,3,143,pet,1554092,3,6.191476724831478
3,144,388.0752688172043,mouse.,93,3,144,mouse,3954755,6,6.597119583802382
3,145,431.967032967033,So,91,3,145,So,40649409,2,7.6090542357872915
3,146,340.84615384615387,with,91,3,146,with,1110064802,4,9.0453483322367
3,147,340.84615384615387,her,91,3,147,her,415597541,3,8.61867296926702
3,148,343.5444444444444,naked,90,3,148,naked,2966278,5,6.472211850740979
3,149,365.38461538461536,"feet,",91,3,149,feet,23073556,5,7.3631145313293755
3,150,359.65555555555557,which,90,3,150,which,508000647,5,8.705864265410595
3,151,355.6263736263736,were,91,3,151,were,457504590,4,8.660395455564592
3,152,379.31868131868134,quite,91,3,152,quite,32424104,5,7.510867983731221
3,153,346.6373626373626,red,91,3,153,red,19233374,3,7.284055476700727
3,154,349.64444444444445,and,90,3,154,and,4873010095,3,9.687797311073117
3,155,354.04395604395603,blue,91,3,155,blue,13285921,4,7.123391665735662
3,156,355.010989010989,with,91,3,156,with,1110064802,4,9.0453483322367
3,157,350.35164835164835,the,91,3,157,the,9819942513,3,9.992108945387768
3,158,366.45054945054943,"cold,",91,3,158,cold,14949741,5,7.174633668697561
3,159,364.97777777777776,the,90,3,159,the,9819942513,3,9.992108945387768
3,160,377.1222222222222,little,90,3,160,little,78869880,6,7.89691118005035
3,161,367.5,girl,92,3,161,girl,16352263,4,7.213577863443013
3,162,342.4725274725275,went,91,3,162,went,48598135,4,7.686619603115173
3,163,335.95604395604397,"on,",91,3,163,on,993594775,3,8.99720929902148
3,164,365.9222222222222,wondering,90,3,164,wondering,2646075,9,6.422602149611319
3,165,363.0,how,91,3,165,how,128607031,3,8.109264712297628
3,166,332.5108695652174,she,92,3,166,she,278699382,3,8.445136005691102
3,167,330.1847826086956,would,92,3,167,would,319551796,5,8.504541262788026
3,168,336.8222222222222,get,90,3,168,get,86515246,3,7.937092647005015
3,169,332.3,through,90,3,169,through,147254130,7,8.168067484179392
3,170,346.4555555555556,this,90,3,170,this,599554050,4,8.777828340993896
3,171,353.8241758241758,dreadful,91,3,171,dreadful,1253651,8,6.098176651431215
3,172,397.0111111111111,night.,90,3,172,night,37510529,6,7.574153188921742
3,173,405.0769230769231,She,91,3,173,She,118491481,3,8.07368712766523
3,174,383.57142857142856,approached,91,3,174,approached,4497245,10,6.652946547619028
3,175,400.5777777777778,an,90,3,175,an,576832090,2,8.761049412810996
3,176,356.42391304347825,old,92,3,176,old,66132164,3,7.8204127340737415
3,177,368.04347826086956,hovel,92,3,177,hovel,73520,5,4.866405498378055
3,178,435.4673913043478,she,92,3,178,she,278699382,3,8.445136005691102
3,179,442.4021739130435,had,92,3,179,had,537932901,3,8.730728107371226
3,180,362.95604395604397,used,91,3,180,used,127267606,4,8.10471787477888
3,181,365.14130434782606,as,92,3,181,as,1139819594,2,9.056836118415085
3,182,353.3695652173913,a,92,3,182,a,3213754375,1,9.507012680872096
3,183,357.29347826086956,shelter,92,3,183,shelter,2858728,7,6.456172835414415
3,184,347.5326086956522,a,92,3,184,a,3213754375,1,9.507012680872096
3,185,374.7282608695652,few,92,3,185,few,64575815,3,7.810069896034192
3,186,379.5652173913044,times,92,3,186,times,44168985,5,7.64511741931807
3,187,352.1847826086956,"before,",92,3,187,before,114226587,7,8.0577672006131
3,188,350.3369565217391,and,92,3,188,and,4873010095,3,9.687797311073117
3,189,333.0,found,90,3,189,found,84394374,5,7.9263134961257276
3,190,323.65934065934067,the,91,3,190,the,9819942513,3,9.992108945387768
3,191,358.2173913043478,entrance,92,3,191,entrance,5072945,8,6.70526015379661
3,192,379.4021739130435,was,92,3,192,was,1140172617,3,9.056970606543045
3,193,376.94565217391306,locked.,92,3,193,locked,3534598,7,6.548340027380597
3,194,422.7362637362637,Tough,91,3,194,Tough,227647,5,5.357261931419827
3,195,468.5869565217391,luck,92,3,195,luck,3228871,4,6.509050694411003
3,196,417.4835164835165,for,91,3,196,for,1388290219,3,9.14248026391068
3,197,343.6043956043956,the,91,3,197,the,9819942513,3,9.992108945387768
3,198,352.6304347826087,girl!,92,3,198,girl,16352263,5,7.213577863443013
3,199,388.07608695652175,This,92,3,199,This,229531441,4,8.36084218319599
3,200,365.6304347826087,day,92,3,200,day,88338993,3,7.946152444310691
3,201,326.3695652173913,was,92,3,201,was,1140172617,3,9.056970606543045
3,202,348.95652173913044,even,92,3,202,even,130943090,4,8.117082585204544
3,203,352.5,worse,92,3,203,worse,7891988,5,6.897186416223115
3,204,351.04395604395603,than,91,3,204,than,248883542,4,8.395996178830753
3,205,338.5869565217391,the,92,3,205,the,9819942513,3,9.992108945387768
3,206,327.2307692307692,others.,91,3,206,others,56694406,7,7.753540209454042
3,207,364.3956043956044,No,91,3,207,No,46414615,2,7.666654752417921
3,208,376.17391304347825,Good,92,3,208,Good,9793632,4,6.9909437811839386
3,209,497.2173913043478,Samaritan,92,3,209,Samaritan,305307,9,5.4847367618044665
3,210,469.2087912087912,had,91,3,210,had,537932901,3,8.730728107371226
3,211,367.45054945054943,given,91,3,211,given,66612125,5,7.82355328834915
3,212,325.97802197802196,her,91,3,212,her,415597541,3,8.61867296926702
3,213,352.35869565217394,even,92,3,213,even,130943090,4,8.117082585204544
3,214,353.3626373626374,a,91,3,214,a,3213754375,1,9.507012680872096
3,215,377.42857142857144,penny.,91,3,215,penny,857995,6,5.933484756987707
3,216,377.0989010989011,And,91,3,216,And,105274919,3,8.022324915940162
3,217,340.3478260869565,she,92,3,217,she,278699382,3,8.445136005691102
3,218,310.19565217391306,had,92,3,218,had,537932901,3,8.730728107371226
3,219,339.2826086956522,no,92,3,219,no,236436100,2,8.373713787073193
3,220,333.55434782608694,luck,92,3,220,luck,3228871,4,6.509050694411003
3,221,345.29347826086956,selling,92,3,221,selling,5975094,7,6.7763447419817116
3,222,347.5869565217391,any,92,3,222,any,178544323,3,8.251746045909536
3,223,343.4347826086956,matches,92,3,223,matches,1817726,7,6.259528419229051
3,224,391.53846153846155,that,91,3,224,that,1746480437,4,9.24216372530116
3,225,367.1098901098901,she,91,3,225,she,278699382,3,8.445136005691102
3,226,374.84615384615387,carried,91,3,226,carried,18379709,7,7.264338631060174
3,227,339.94505494505495,in,91,3,227,in,3271087682,2,9.514692185610274
3,228,328.5054945054945,the,91,3,228,the,9819942513,3,9.992108945387768
3,229,340.6923076923077,old,91,3,229,old,66132164,3,7.8204127340737415
3,230,460.05434782608694,apron,92,3,230,apron,585076,5,5.767212283580994
3,231,525.0978260869565,her,92,3,231,her,415597541,3,8.61867296926702
3,232,464.79347826086956,grandmother,92,3,232,grandmother,2772794,11,6.442917605608694
3,233,371.7173913043478,had,92,3,233,had,537932901,3,8.730728107371226
3,234,343.4065934065934,given,91,3,234,given,66612125,5,7.82355328834915
3,235,363.42391304347825,her.,92,3,235,her,415597541,4,8.61867296926702
3,236,440.2637362637363,Poor,91,3,236,Poor,2991936,4,6.475952299371529
3,237,341.9673913043478,little,92,3,237,little,78869880,6,7.89691118005035
3,238,341.0879120879121,"child,",91,3,238,child,46276643,6,7.665361846834273
3,239,354.1630434782609,she,92,3,239,she,278699382,3,8.445136005691102
3,240,342.6923076923077,looked,91,3,240,looked,37086942,6,7.569221025097896
3,241,384.13978494623655,the,93,3,241,the,9819942513,3,9.992108945387768
3,242,388.35483870967744,picture,93,3,242,picture,15757363,7,7.197483539906638
3,243,369.23655913978496,of,93,3,243,of,6162371881,2,9.789747903165104
3,244,341.10869565217394,misery.,92,3,244,misery,1810230,7,6.2577337579547745
3,245,406.9010989010989,On,91,3,245,On,57934134,2,7.76293451951115
3,246,386.8369565217391,her,92,3,246,her,415597541,3,8.61867296926702
3,247,360.2857142857143,"long,",91,3,247,long,95494675,5,7.979979155012088
3,248,333.5217391304348,fair,92,3,248,fair,10168232,4,7.00724544659103
3,249,370.3736263736264,"hair,",91,3,249,hair,16590025,5,7.21984704047607
3,250,416.0444444444444,which,90,3,250,which,508000647,5,8.705864265410595
3,251,406.42857142857144,hung,91,3,251,hung,4583020,4,6.661151752481681
3,252,350.4269662921348,in,89,3,252,in,3271087682,2,9.514692185610274
3,253,347.69565217391306,curls,92,3,253,curls,592426,5,5.7726341102960745
3,254,354.9782608695652,on,92,3,254,on,993594775,2,8.99720929902148
3,255,328.4347826086956,her,92,3,255,her,415597541,3,8.61867296926702
3,256,333.1868131868132,"shoulders,",91,3,256,shoulders,5310532,10,6.725138030138184
3,257,388.68131868131866,the,91,3,257,the,9819942513,3,9.992108945387768
3,258,427.0769230769231,snowflakes,91,3,258,snowflakes,107810,10,5.032659046039924
3,259,372.46153846153845,kept,91,3,259,kept,19944712,4,7.299827769514556
3,260,357.72527472527474,"landing,",91,3,260,landing,2746509,8,6.438781026493709
3,261,342.8791208791209,but,91,3,261,but,422070748,3,8.625385254020305
3,262,336.54347826086956,she,92,3,262,she,278699382,3,8.445136005691102
3,263,329.6521739130435,did,92,3,263,did,164942220,3,8.217331835548208
3,264,321.4835164835165,not,91,3,264,not,1006314753,3,9.002733839677335
3,265,369.4,notice,90,3,265,notice,11275569,6,7.052138466942463
3,266,318.4725274725275,them,91,3,266,them,240201864,4,8.380576373265777
3,267,318.53846153846155,as,91,3,267,as,1139819594,2,9.056836118415085
3,268,326.4945054945055,she,91,3,268,she,278699382,3,8.445136005691102
3,269,339.2857142857143,shivered,91,3,269,shivered,491021,8,5.691100066438836
3,270,342.81111111111113,along.,90,3,270,along,41977332,6,7.623014832185894
3,271,356.27472527472526,She,91,3,271,She,118491481,3,8.07368712766523
3,272,355.7692307692308,was,91,3,272,was,1140172617,3,9.056970606543045
3,273,356.95604395604397,losing,91,3,273,losing,4480292,6,6.651306319769599
3,274,352.84615384615387,strength,91,3,274,strength,16565468,8,7.219203709879702
3,275,346.2,and,90,3,275,and,4873010095,3,9.687797311073117
3,276,349.4725274725275,beginning,91,3,276,beginning,23257497,9,7.3665629736090965
3,277,359.97802197802196,to,91,3,277,to,4223327232,2,9.62565473275005
3,278,329.55056179775283,doubt,89,3,278,doubt,14188519,5,7.151937066092098
3,279,342.29545454545456,she,88,3,279,she,278699382,3,8.445136005691102
3,280,340.1,could,90,3,280,could,205904563,5,8.313665971017075
3,281,346.43333333333334,weather,90,3,281,weather,6846495,7,6.835468295327275
3,282,371.59550561797755,this,89,3,282,this,599554050,4,8.777828340993896
3,283,352.314606741573,storm.,89,3,283,storm,4050839,6,6.607544982556317
3,284,366.4269662921348,It,89,3,284,It,278516683,2,8.444851214295534
3,285,333.5888888888889,was,90,3,285,was,1140172617,3,9.056970606543045
3,286,352.8777777777778,New,90,3,286,New,115330984,3,8.061945997429518
3,287,369.04395604395603,"Year's,",91,3,287,Year 's,544535,7,5.736025799277021
3,288,368.85714285714283,and,91,3,288,and,4873010095,3,9.687797311073117
3,289,377.9340659340659,the,91,3,289,the,9819942513,3,9.992108945387768
3,290,336.2967032967033,girl,91,3,290,girl,16352263,4,7.213577863443013
3,291,316.34065934065933,asked,91,3,291,asked,46175331,5,7.664410017289502
3,292,348.5888888888889,herself,90,3,292,herself,20074494,7,7.30264460721212
3,293,332.1208791208791,"why,",91,3,293,why,37439826,4,7.573333821705612
3,294,340.4,as,90,3,294,as,1139819594,2,9.056836118415085
3,295,363.3296703296703,lights,91,3,295,lights,4876964,6,6.688149549797215
3,296,359.68888888888887,shone,90,3,296,shone,977222,5,5.989993235594739
3,297,342.6263736263736,from,91,3,297,from,708532803,4,8.850359961615387
3,298,345.2197802197802,every,91,3,298,every,63144706,5,7.800336945526913
3,299,326.6043956043956,"window,",91,3,299,window,16418243,7,7.215326679200445
3,300,321.7032967032967,and,91,3,300,and,4873010095,3,9.687797311073117
3,301,344.8,the,90,3,301,the,9819942513,3,9.992108945387768
3,302,342.4175824175824,savory,91,3,302,savory,129660,6,5.112806017266885
3,303,340.010989010989,smell,91,3,303,smell,3934490,5,6.59488844583352
3,304,325.56043956043953,of,91,3,304,of,6162371881,2,9.789747903165104
3,305,322.6373626373626,roast,91,3,305,roast,622675,5,5.794261429427835
3,306,316.57142857142856,goose,91,3,306,goose,594511,5,5.774159894606695
3,307,338.5054945054945,crept,91,3,307,crept,917285,5,5.962504291719204
3,308,351.9230769230769,out,91,3,308,out,242417228,3,8.384563480838569
3,309,339.47777777777776,on,90,3,309,on,993594775,2,8.99720929902148
3,310,319.6222222222222,the,90,3,310,the,9819942513,3,9.992108945387768
3,311,311.45054945054943,"streets,",91,3,311,streets,6363181,8,6.803674276871809
3,312,329.0,she,90,3,312,she,278699382,3,8.445136005691102
3,313,320.35164835164835,was,91,3,313,was,1140172617,3,9.056970606543045
3,314,319.73333333333335,outside,90,3,314,outside,28641062,7,7.456989117413357
3,315,324.0111111111111,all,90,3,315,all,374139462,3,8.573033517406971
3,316,349.3736263736264,alone.,91,3,316,alone,24587884,6,7.390721155551848
3,317,342.93333333333334,"Exhausted,",90,3,317,Exhausted,84246,10,4.925549289731299
3,318,400.2637362637363,she,91,3,318,she,278699382,3,8.445136005691102
3,319,340.14285714285717,finally,91,3,319,finally,17208239,7,7.235736429205323
3,320,327.74444444444447,sat,90,3,320,sat,14799021,3,7.170232986451663
3,321,318.1758241758242,down,91,3,321,down,98751710,4,7.99454462467454
3,322,318.24175824175825,in,91,3,322,in,3271087682,2,9.514692185610274
3,323,317.1666666666667,a,90,3,323,a,3213754375,1,9.507012680872096
3,324,316.1758241758242,corner,91,3,324,corner,8812182,6,6.945083458154112
3,325,311.8791208791209,behind,91,3,325,behind,28598426,6,7.456342131089687
3,326,331.8901098901099,the,91,3,326,the,9819942513,3,9.992108945387768
3,327,313.1098901098901,little,91,3,327,little,78869880,6,7.89691118005035
3,328,315.9120879120879,bakery.,91,3,328,bakery,343420,7,5.535825583884623
3,329,375.6931818181818,She,88,3,329,She,118491481,3,8.07368712766523
3,330,356.53333333333336,put,90,3,330,put,49376612,3,7.693521287293289
3,331,308.5111111111111,a,90,3,331,a,3213754375,1,9.507012680872096
3,332,327.43333333333334,rag,90,3,332,rag,525215,3,5.720337120928871
3,333,347.3,she,90,3,333,she,278699382,3,8.445136005691102
3,334,372.6333333333333,had,90,3,334,had,537932901,3,8.730728107371226
3,335,327.4,found,90,3,335,found,84394374,5,7.9263134961257276
3,336,344.9888888888889,over,90,3,336,over,162192656,4,8.210031185689672
3,337,327.3956043956044,her,91,3,337,her,415597541,3,8.61867296926702
3,338,337.54945054945057,legs,91,3,338,legs,7656636,4,6.884038001025109
3,339,345.9120879120879,to,91,3,339,to,4223327232,2,9.62565473275005
3,340,320.72527472527474,cover,91,3,340,cover,13765275,5,7.138784892067128
3,341,358.6111111111111,"herself,",90,3,341,herself,20074494,8,7.30264460721212
3,342,343.5934065934066,but,91,3,342,but,422070748,3,8.625385254020305
3,343,351.8791208791209,she,91,3,343,she,278699382,3,8.445136005691102
3,344,315.02222222222224,could,90,3,344,could,205904563,5,8.313665971017075
3,345,314.967032967033,not,91,3,345,not,1006314753,3,9.002733839677335
3,346,336.3222222222222,keep,90,3,346,keep,32794260,4,7.515797835526436
3,347,375.35869565217394,off,92,3,347,off,72362056,3,7.85951089783357
3,348,324.13186813186815,the,91,3,348,the,9819942513,3,9.992108945387768
3,349,339.4725274725275,cold.,91,3,349,cold,14949741,5,7.174633668697561
3,350,394.5168539325843,The,89,3,350,The,1217211729,3,9.085366128549287
3,351,357.40449438202245,"girl,",89,3,351,girl,16352263,5,7.213577863443013
3,352,357.28409090909093,who,88,3,352,who,294018466,3,8.46837460738514
3,353,331.42857142857144,the,91,3,353,the,9819942513,3,9.992108945387768
3,354,366.75824175824175,night,91,3,354,night,37510529,5,7.574153188921742
3,355,375.2888888888889,air,90,3,355,air,31277584,3,7.49523319911954
3,356,331.0777777777778,had,90,3,356,had,537932901,3,8.730728107371226
3,357,345.6043956043956,completely,91,3,357,completely,14829586,10,7.171129026926884
3,358,394.42857142857144,"enveloped,",91,3,358,enveloped,431228,10,5.634706952203491
3,359,423.9230769230769,dared,91,3,359,dared,1389752,5,6.1429373077067035
3,360,406.3626373626374,not,91,3,360,not,1006314753,3,9.002733839677335
3,361,351.38461538461536,go,91,3,361,go,74237337,2,7.870622384722818
3,362,326.5054945054945,"home,",91,3,362,home,58425147,5,7.7665998137678764
3,363,369.5274725274725,for,91,3,363,for,1388290219,3,9.14248026391068
3,364,338.3222222222222,she,90,3,364,she,278699382,3,8.445136005691102
3,365,338.94505494505495,had,91,3,365,had,537932901,3,8.730728107371226
3,366,329.15384615384613,sold,91,3,366,sold,9868687,4,6.994259374899962
3,367,325.54945054945057,no,91,3,367,no,236436100,2,8.373713787073193
3,368,407.7692307692308,matches.,91,3,368,matches,1817726,8,6.259528419229051
3,369,423.35164835164835,Her,91,3,369,Her,21805547,3,7.338566985579587
3,370,358.83516483516485,father,91,3,370,father,37245167,6,7.5710699259056105
3,371,331.9,had,90,3,371,had,537932901,3,8.730728107371226
3,372,325.1208791208791,been,91,3,372,been,310806848,4,8.492490579034436
3,373,333.35164835164835,mean,91,3,373,mean,33028765,4,7.518892335008017
3,374,345.9010989010989,and,91,3,374,and,4873010095,3,9.687797311073117
3,375,343.8791208791209,moody,91,3,375,moody,178771,5,5.252297069485318
3,376,362.0879120879121,ever,91,3,376,ever,39805996,4,7.599948495027969
3,377,325.1208791208791,since,91,3,377,since,58545854,5,7.767496145374635
3,378,319.8791208791209,his,91,3,378,his,632876249,3,8.80131879748875
3,379,320.04395604395603,wife,91,3,379,wife,24047871,4,7.381076633563091
3,380,338.9010989010989,had,91,3,380,had,537932901,3,8.730728107371226
3,381,345.0,gone,91,3,381,gone,17937353,4,7.253758354967242
3,382,326.2637362637363,to,91,3,382,to,4223327232,2,9.62565473275005
3,383,329.5054945054945,meet,91,3,383,meet,19601213,4,7.292282948035354
3,384,343.23333333333335,her,90,3,384,her,415597541,3,8.61867296926702
3,385,413.97777777777776,Maker.,90,3,385,Maker,441171,6,5.644606956728461
3,386,533.945054945055,He,91,3,386,He,239125461,2,8.378625820294372
3,387,409.9888888888889,would,90,3,387,would,319551796,5,8.504541262788026
3,388,400.2197802197802,certainly,91,3,388,certainly,15468602,9,7.18945106540456
3,389,362.83516483516485,beat,91,3,389,beat,5158229,4,6.712500618769096
3,390,332.7362637362637,"her,",91,3,390,her,415597541,4,8.61867296926702
3,391,340.13483146067415,as,89,3,391,as,1139819594,2,9.056836118415085
3,392,337.3777777777778,he,90,3,392,he,602878183,2,8.780229567869084
3,393,314.9888888888889,has,90,3,393,has,336617760,3,8.527137025681766
3,394,328.19101123595505,done,89,3,394,done,40695923,4,7.609550902903553
3,395,367.4888888888889,several,90,3,395,several,51680241,7,7.713324530233276
3,396,347.4431818181818,times,88,3,396,times,44168985,5,7.64511741931807
3,397,317.2808988764045,in,89,3,397,in,3271087682,2,9.514692185610274
3,398,309.1111111111111,the,90,3,398,the,9819942513,3,9.992108945387768
3,399,326.5824175824176,weeks,91,3,399,weeks,15374579,5,7.186803232383704
3,400,367.5824175824176,"past,",91,3,400,past,36197622,5,7.558680040527626
3,401,358.65555555555557,because,90,3,401,because,136741894,7,8.135901590980518
3,402,346.94444444444446,she,90,3,402,she,278699382,3,8.445136005691102
3,403,328.93333333333334,had,90,3,403,had,537932901,3,8.730728107371226
3,404,314.94505494505495,not,91,3,404,not,1006314753,3,9.002733839677335
3,405,313.5888888888889,earned,90,3,405,earned,3868494,6,6.587541927607239
3,406,331.96666666666664,any,90,3,406,any,178544323,3,8.251746045909536
3,407,310.4175824175824,money,91,3,407,money,37145420,5,7.569905273242022
3,408,326.3076923076923,today.,91,3,408,today,23436226,6,7.369887677340244
3,409,427.77777777777777,"Besides,",90,3,409,Besides,4804021,8,6.68160489718303
3,410,337.9340659340659,it,91,3,410,it,908536386,2,8.958342325064617
3,411,321.8876404494382,was,89,3,411,was,1140172617,3,9.056970606543045
3,412,300.0989010989011,almost,91,3,412,almost,40784201,6,7.610491958498274
3,413,295.95604395604397,as,91,3,413,as,1139819594,2,9.056836118415085
3,414,297.54945054945057,cold,91,3,414,cold,14949741,4,7.174633668697561
3,415,321.6373626373626,at,91,3,415,at,654432238,2,8.815864684979672
3,416,331.967032967033,home,91,3,416,home,58425147,4,7.7665998137678764
3,417,319.8,as,90,3,417,as,1139819594,2,9.056836118415085
3,418,322.032967032967,"outside,",91,3,418,outside,28641062,8,7.456989117413357
3,419,350.93333333333334,for,90,3,419,for,1388290219,3,9.14248026391068
3,420,316.75824175824175,they,91,3,420,they,418953705,4,8.622166035439204
3,421,317.42857142857144,had,91,3,421,had,537932901,3,8.730728107371226
3,422,297.1098901098901,only,91,3,422,only,224965302,4,8.352115538946988
3,423,305.5824175824176,a,91,3,423,a,3213754375,1,9.507012680872096
3,424,311.5164835164835,patchy,91,3,424,patchy,202526,6,5.306480785238071
3,425,333.3076923076923,roof,91,3,425,roof,4736012,4,6.675412794121785
3,426,326.8901098901099,to,91,3,426,to,4223327232,2,9.62565473275005
3,427,334.15555555555557,cover,90,3,427,cover,13765275,5,7.138784892067128
3,428,311.68888888888887,them.,90,3,428,them,240201864,5,8.380576373265777
3,429,342.5054945054945,The,91,3,429,The,1217211729,3,9.085366128549287
3,430,332.6777777777778,girl's,90,3,430,girl 's,1038873,6,6.0165624592314995
3,431,335.0,little,91,3,431,little,78869880,6,7.89691118005035
3,432,342.2857142857143,hands,91,3,432,hands,29361361,5,7.467776182752565
3,433,322.9325842696629,were,89,3,433,were,457504590,4,8.660395455564592
3,434,318.4175824175824,almost,91,3,434,almost,40784201,6,7.610491958498274
3,435,352.1123595505618,frozen,89,3,435,frozen,2924343,6,6.466028310238942
3,436,327.34831460674155,solid,89,3,436,solid,9023598,5,6.955379739313185
3,437,318.2584269662921,so,89,3,437,so,252284174,2,8.401890007711213
3,438,327.3956043956044,she,91,3,438,she,278699382,3,8.445136005691102
3,439,329.03333333333336,decided,90,3,439,decided,17207383,7,7.235714825290881
3,440,334.46153846153845,that,91,3,440,that,1746480437,4,9.24216372530116
3,441,308.2197802197802,a,91,3,441,a,3213754375,1,9.507012680872096
3,442,327.94444444444446,burning,90,3,442,burning,4921928,7,6.692135256373812
3,443,354.05494505494505,match,91,3,443,match,6404010,5,6.80645200140801
3,444,385.989010989011,might,91,3,444,might,86236716,5,7.935692209690595
3,445,326.5777777777778,be,90,3,445,be,964072174,2,8.984109548007202
3,446,317.95604395604397,of,91,3,446,of,6162371881,2,9.789747903165104
3,447,345.44444444444446,some,90,3,447,some,212953941,4,8.328285681689485
3,448,357.61538461538464,good.,91,3,448,good,99518711,5,7.997904742254174
3,449,421.31111111111113,'Scratch!',90,3,449,Scratch,118245,10,5.072782785618565
3,450,480.0111111111111,sounded,90,3,450,sounded,3237154,7,6.510163360434184
3,451,411.9550561797753,the,89,3,451,the,9819942513,3,9.992108945387768
3,452,369.0777777777778,match,90,3,452,match,6404010,5,6.80645200140801
3,453,336.6741573033708,as,89,3,453,as,1139819594,2,9.056836118415085
3,454,345.032967032967,she,91,3,454,she,278699382,3,8.445136005691102
3,455,329.8,drew,90,3,455,drew,6347750,4,6.802619814151103
3,456,327.3736263736264,it,91,3,456,it,908536386,2,8.958342325064617
3,457,313.8222222222222,out.,90,3,457,out,242417228,4,8.384563480838569
3,458,367.1111111111111,How,90,3,458,How,42231777,3,7.625639355757318
3,459,346.2197802197802,it,91,3,459,it,908536386,2,8.958342325064617
3,460,371.2967032967033,sputtered,91,3,460,sputtered,194678,9,5.289316875924533
3,461,345.2087912087912,as,91,3,461,as,1139819594,2,9.056836118415085
3,462,326.8791208791209,it,91,3,462,it,908536386,2,8.958342325064617
3,463,340.4175824175824,burnt!,91,3,463,burnt,1370914,6,6.137010211538662
3,464,348.1666666666667,It,90,3,464,It,278516683,2,8.444851214295534
3,465,369.75824175824175,gave,91,3,465,gave,30520506,4,7.484591729518301
3,466,323.7142857142857,a,91,3,466,a,3213754375,1,9.507012680872096
3,467,327.5274725274725,"warm,",91,3,467,warm,8890485,5,6.948925453554952
3,468,381.3076923076923,candle-like,91,3,468,candle - like,776,11,2.8898617212581885
3,469,389.03333333333336,bright,90,3,469,bright,6970967,6,6.8432930268260455
3,470,344.4065934065934,light,91,3,470,light,42409052,5,7.627458564471724
3,471,344.81111111111113,that,90,3,471,that,1746480437,4,9.24216372530116
3,472,317.989010989011,the,91,3,472,the,9819942513,3,9.992108945387768
3,473,328.5056179775281,girl,89,3,473,girl,16352263,4,7.213577863443013
3,474,292.4888888888889,hid,90,3,474,hid,1302076,3,6.114636334015078
3,475,340.2111111111111,from,90,3,475,from,708532803,4,8.850359961615387
3,476,309.03333333333336,the,90,3,476,the,9819942513,3,9.992108945387768
3,477,309.23595505617976,world,89,3,477,world,90456522,5,7.956439885363845
3,478,327.22222222222223,as,90,3,478,as,1139819594,2,9.056836118415085
3,479,344.0777777777778,she,90,3,479,she,278699382,3,8.445136005691102
3,480,330.53932584269666,held,89,3,480,held,35236312,4,7.5469904467926225
3,481,305.1222222222222,her,90,3,481,her,415597541,3,8.61867296926702
3,482,331.74444444444447,hand,90,3,482,hand,63081980,4,7.799905316387664
3,483,299.53333333333336,over,90,3,483,over,162192656,4,8.210031185689672
3,484,321.5934065934066,it.,91,3,484,it,908536386,3,8.958342325064617
3,485,317.15555555555557,Why,90,3,485,Why,23831262,3,7.3771470413025595
3,486,327.2967032967033,had,91,3,486,had,537932901,3,8.730728107371226
3,487,313.6,no,90,3,487,no,236436100,2,8.373713787073193
3,488,314.35164835164835,one,91,3,488,one,398913374,3,8.600878596743621
3,489,340.24175824175825,wanted,91,3,489,wanted,31176058,6,7.493821200747699
3,490,339.15384615384613,to,91,3,490,to,4223327232,2,9.62565473275005
3,491,299.3956043956044,buy,91,3,491,buy,10703771,3,7.029536809084042
3,492,300.04395604395603,even,91,3,492,even,130943090,4,8.117082585204544
3,493,309.5274725274725,one,91,3,493,one,398913374,3,8.600878596743621
3,494,317.25274725274727,match?,91,3,494,match,6404010,6,6.80645200140801
3,495,330.75280898876406,A,89,3,495,A,276130546,1,8.441114451642763
3,496,325.8241758241758,wonderful,91,3,496,wonderful,6181671,9,6.791105887384238
3,497,337.9,"light,",90,3,497,light,42409052,6,7.627458564471724
3,498,352.94505494505495,it,91,3,498,it,908536386,2,8.958342325064617
3,499,343.34444444444443,was,90,3,499,was,1140172617,3,9.056970606543045
3,500,365.45652173913044,really.,92,3,500,really,36961130,7,7.56774524028786
3,501,346.6263736263736,It,91,3,501,It,278516683,2,8.444851214295534
3,502,362.38461538461536,seemed,91,3,502,seemed,29429319,6,7.4687802125595475
3,503,334.8777777777778,to,90,3,503,to,4223327232,2,9.62565473275005
3,504,334.6666666666667,the,90,3,504,the,9819942513,3,9.992108945387768
3,505,348.2857142857143,girl,91,3,505,girl,16352263,4,7.213577863443013
3,506,340.8131868131868,that,91,3,506,that,1746480437,4,9.24216372530116
3,507,288.6847826086956,she,92,3,507,she,278699382,3,8.445136005691102
3,508,319.4130434782609,was,92,3,508,was,1140172617,3,9.056970606543045
3,509,300.0326086956522,sitting,92,3,509,sitting,10039381,7,7.0017069362580315
3,510,306.82608695652175,by,92,3,510,by,877228367,2,8.94311266704604
3,511,309.1847826086956,a,92,3,511,a,3213754375,1,9.507012680872096
3,512,317.29347826086956,large,92,3,512,large,65165705,5,7.814019098066826
3,513,311.64130434782606,iron,92,3,513,iron,9018328,4,6.955126026712355
3,514,319.25,"stove,",92,3,514,stove,1321112,6,6.120939637387498
3,515,368.7608695652174,with,92,3,515,with,1110064802,4,9.0453483322367
3,516,371.65934065934067,polished,91,3,516,polished,1396810,8,6.145137335560573
3,517,350.85714285714283,brass,91,3,517,brass,1608799,5,6.206501787639271
3,518,335.8369565217391,feet,92,3,518,feet,23073556,4,7.3631145313293755
3,519,363.85869565217394,and,92,3,519,and,4873010095,3,9.687797311073117
3,520,333.4347826086956,a,92,3,520,a,3213754375,1,9.507012680872096
3,521,318.60869565217394,brass,92,3,521,brass,1608799,5,6.206501787639271
3,522,390.39130434782606,ornament.,92,3,522,ornament,636175,9,5.803576598478704
3,523,378.30337078651684,How,89,3,523,How,42231777,3,7.625639355757318
3,524,340.8333333333333,the,90,3,524,the,9819942513,3,9.992108945387768
3,525,329.8241758241758,fire,91,3,525,fire,20358097,4,7.308737179311814
3,526,356.9340659340659,burned!,91,3,526,burned,3595097,7,6.555710612659493
3,527,370.2111111111111,The,90,3,527,The,1217211729,3,9.085366128549287
3,528,367.1978021978022,girl,91,3,528,girl,16352263,4,7.213577863443013
3,529,317.2183908045977,was,87,3,529,was,1140172617,3,9.056970606543045
3,530,344.1685393258427,pleased,89,3,530,pleased,4509512,7,6.654129546939127
3,531,327.3820224719101,and,89,3,531,and,4873010095,3,9.687797311073117
3,532,323.4888888888889,the,90,3,532,the,9819942513,3,9.992108945387768
3,533,341.2134831460674,fire,89,3,533,fire,20358097,4,7.308737179311814
3,534,307.0888888888889,actually,90,3,534,actually,22550287,8,7.353152073563121
3,535,356.08988764044943,seemed,89,3,535,seemed,29429319,6,7.4687802125595475
3,536,333.85555555555555,so,90,3,536,so,252284174,2,8.401890007711213
3,537,318.4269662921348,warm,89,3,537,warm,8890485,4,6.948925453554952
3,538,308.83516483516485,that,91,3,538,that,1746480437,4,9.24216372530116
3,539,323.4111111111111,the,90,3,539,the,9819942513,3,9.992108945387768
3,540,316.5164835164835,child,91,3,540,child,46276643,5,7.665361846834273
3,541,339.7111111111111,stretched,90,3,541,stretched,2870453,9,6.457950440244656
3,542,349.31111111111113,out,90,3,542,out,242417228,3,8.384563480838569
3,543,357.5,her,90,3,543,her,415597541,3,8.61867296926702
3,544,327.7,feet,90,3,544,feet,23073556,4,7.3631145313293755
3,545,344.9120879120879,as,91,3,545,as,1139819594,2,9.056836118415085
3,546,318.6263736263736,if,91,3,546,if,232130093,2,8.365731445396332
3,547,342.85714285714283,to,91,3,547,to,4223327232,2,9.62565473275005
3,548,309.13186813186815,warm,91,3,548,warm,8890485,4,6.948925453554952
3,549,304.2967032967033,"them,",91,3,549,them,240201864,5,8.380576373265777
3,550,342.65934065934067,when,91,3,550,when,249000060,4,8.396199451744996
3,551,343.27472527472526,suddenly,91,3,551,suddenly,10432550,8,7.018390474828468
3,552,330.8901098901099,the,91,3,552,the,9819942513,3,9.992108945387768
3,553,320.54945054945057,flame,91,3,553,flame,2296775,5,6.361118452293597
3,554,314.53846153846155,of,91,3,554,of,6162371881,2,9.789747903165104
3,555,310.25274725274727,the,91,3,555,the,9819942513,3,9.992108945387768
3,556,319.7912087912088,match,91,3,556,match,6404010,5,6.80645200140801
3,557,309.5444444444444,went,90,3,557,went,48598135,4,7.686619603115173
3,558,314.97802197802196,out.,91,3,558,out,242417228,4,8.384563480838569
3,559,334.3296703296703,It,91,3,559,It,278516683,2,8.444851214295534
3,560,317.7912087912088,was,91,3,560,was,1140172617,3,9.056970606543045
3,561,294.13186813186815,a,91,3,561,a,3213754375,1,9.507012680872096
3,562,316.7032967032967,"short,",91,3,562,short,35215395,6,7.546732564100159
3,563,354.8131868131868,stubby,91,3,563,stubby,107470,6,5.031287248876998
3,564,341.25274725274727,match,91,3,564,match,6404010,5,6.80645200140801
3,565,330.84615384615387,that,91,3,565,that,1746480437,4,9.24216372530116
3,566,321.8888888888889,the,90,3,566,the,9819942513,3,9.992108945387768
3,567,320.967032967033,little,91,3,567,little,78869880,6,7.89691118005035
3,568,304.3666666666667,girl,90,3,568,girl,16352263,4,7.213577863443013
3,569,301.989010989011,next,91,3,569,next,47961300,4,7.6808909462194475
3,570,338.4945054945055,rubbed,91,3,570,rubbed,1368620,6,6.136282882164876
3,571,332.86813186813185,on,91,3,571,on,993594775,2,8.99720929902148
3,572,340.5274725274725,the,91,3,572,the,9819942513,3,9.992108945387768
3,573,336.31868131868134,wall.,91,3,573,wall,16611174,5,7.220400327436585
3,574,379.23333333333335,It,90,3,574,It,278516683,2,8.444851214295534
3,575,350.6703296703297,burst,91,3,575,burst,3346798,5,6.524629500785402
3,576,329.8021978021978,into,91,3,576,into,254637739,4,8.40592276940739
3,577,339.45054945054943,a,91,3,577,a,3213754375,1,9.507012680872096
3,578,333.06666666666666,"flame,",90,3,578,flame,2296775,6,6.361118452293597
3,579,350.4835164835165,and,91,3,579,and,4873010095,3,9.687797311073117
3,580,321.7142857142857,lo,91,3,580,lo,1835109,2,6.263661865150849
3,581,367.02222222222224,and,90,3,581,and,4873010095,3,9.687797311073117
3,582,327.1868131868132,"behold,",91,3,582,behold,955504,7,5.98023250946983
3,583,308.6373626373626,the,91,3,583,the,9819942513,3,9.992108945387768
3,584,306.77777777777777,girl,90,3,584,girl,16352263,4,7.213577863443013
3,585,306.45054945054943,was,91,3,585,was,1140172617,3,9.056970606543045
3,586,327.9230769230769,transported,91,3,586,transported,1632242,11,6.212784548702833
3,587,347.6923076923077,from,91,3,587,from,708532803,4,8.850359961615387
3,588,322.72527472527474,her,91,3,588,her,415597541,3,8.61867296926702
3,589,325.57142857142856,dank,91,3,589,dank,131695,4,5.119569286627459
3,590,371.4725274725275,city,91,3,590,city,32761553,4,7.515364480492056
3,591,346.6923076923077,to,91,3,591,to,4223327232,2,9.62565473275005
3,592,306.7111111111111,a,90,3,592,a,3213754375,1,9.507012680872096
3,593,318.05494505494505,"beautiful,",91,3,593,beautiful,12851183,10,7.108943107957128
3,594,308.95604395604397,sunny,91,3,594,sunny,990671,5,5.995929450037757
3,595,352.1978021978022,forest.,91,3,595,forest,9078094,7,6.957994675374217
3,596,354.22222222222223,She,90,3,596,She,118491481,3,8.07368712766523
3,597,349.4835164835165,heard,91,3,597,heard,26357604,5,7.4209059288023616
3,598,330.68131868131866,the,91,3,598,the,9819942513,3,9.992108945387768
3,599,320.0989010989011,birds,91,3,599,birds,6361699,5,6.803573116872643
3,600,328.6263736263736,chirping,91,3,600,chirping,104585,8,5.019469400741885
3,601,303.5054945054945,and,91,3,601,and,4873010095,3,9.687797311073117
3,602,322.47777777777776,she,90,3,602,she,278699382,3,8.445136005691102
3,603,294.47777777777776,was,90,3,603,was,1140172617,3,9.056970606543045
3,604,285.65934065934067,surrounded,91,3,604,surrounded,4468786,10,6.650189557783113
3,605,304.7142857142857,by,91,3,605,by,877228367,2,8.94311266704604
3,606,331.0,wildflowers,90,3,606,wildflowers,178706,11,5.25213913405655
3,607,335.8666666666667,and,90,3,607,and,4873010095,3,9.687797311073117
3,608,313.7362637362637,birches,91,3,608,birches,59919,7,4.777564556725691
3,609,335.4945054945055,as,91,3,609,as,1139819594,2,9.056836118415085
3,610,320.14606741573033,white,89,3,610,white,37948322,5,7.579192577010096
3,611,331.5274725274725,as,91,3,611,as,1139819594,2,9.056836118415085
3,612,344.0659340659341,snow.,91,3,612,snow,5572025,5,6.746013056304993
3,613,334.04395604395603,A,91,3,613,A,276130546,1,8.441114451642763
3,614,318.94444444444446,little,90,3,614,little,78869880,6,7.89691118005035
3,615,290.06666666666666,squirrel,90,3,615,squirrel,423302,8,5.6266503204156875
3,616,328.31868131868134,hid,91,3,616,hid,1302076,3,6.114636334015078
3,617,304.9111111111111,some,90,3,617,some,212953941,4,8.328285681689485
3,618,327.15555555555557,food,90,3,618,food,29768787,4,7.473761138646078
3,619,336.0674157303371,in,89,3,619,in,3271087682,2,9.514692185610274
3,620,304.24175824175825,the,91,3,620,the,9819942513,3,9.992108945387768
3,621,323.5274725274725,ground,91,3,621,ground,25370252,6,7.4043247810438
3,622,312.2637362637363,and,91,3,622,and,4873010095,3,9.687797311073117
3,623,335.5274725274725,scurried,91,3,623,scurried,184341,8,5.265621939090219
3,624,313.94505494505495,off,91,3,624,off,72362056,3,7.85951089783357
3,625,307.010989010989,into,91,3,625,into,254637739,4,8.40592276940739
3,626,294.9010989010989,the,91,3,626,the,9819942513,3,9.992108945387768
3,627,317.7362637362637,underbrush.,91,3,627,underbrush,129607,11,5.11262845816479
3,628,350.4555555555556,The,90,3,628,The,1217211729,3,9.085366128549287
3,629,325.0769230769231,girl,91,3,629,girl,16352263,4,7.213577863443013
3,630,320.57142857142856,was,91,3,630,was,1140172617,3,9.056970606543045
3,631,324.8888888888889,"curious,",90,3,631,curious,3670543,8,6.564730316148469
3,632,316.05555555555554,so,90,3,632,so,252284174,2,8.401890007711213
3,633,319.83516483516485,she,91,3,633,she,278699382,3,8.445136005691102
3,634,316.95604395604397,dug,91,3,634,dug,1560602,3,6.19329215915289
3,635,305.6043956043956,some,91,3,635,some,212953941,4,8.328285681689485
3,636,321.9230769230769,squirrel,91,3,636,squirrel,423302,8,5.6266503204156875
3,637,335.7362637362637,food,91,3,637,food,29768787,4,7.473761138646078
3,638,310.7362637362637,up,91,3,638,up,232348461,2,8.366139800200205
3,639,289.02197802197804,to,91,3,639,to,4223327232,2,9.62565473275005
3,640,306.45054945054943,see,91,3,640,see,158936043,3,8.201222396269541
3,641,287.989010989011,what,91,3,641,what,218817723,4,8.340082494486747
3,642,289.3296703296703,it,91,3,642,it,908536386,2,8.958342325064617
3,643,292.7362637362637,"was,",91,3,643,was,1140172617,4,9.056970606543045
3,644,308.77777777777777,but,90,3,644,but,422070748,3,8.625385254020305
3,645,310.4725274725275,then,91,3,645,then,161019392,4,8.206878182438311
3,646,300.6,she,90,3,646,she,278699382,3,8.445136005691102
3,647,310.13186813186815,forgot,91,3,647,forgot,1964672,6,6.29329005573932
3,648,296.0,to,91,3,648,to,4223327232,2,9.62565473275005
3,649,293.42857142857144,put,91,3,649,put,49376612,3,7.693521287293289
3,650,298.68131868131866,it,91,3,650,it,908536386,2,8.958342325064617
3,651,313.5,back.,90,3,651,back,107859495,5,8.032858382582713
3,652,324.38461538461536,The,91,3,652,The,1217211729,3,9.085366128549287
3,653,331.9555555555556,squirrel,90,3,653,squirrel,423302,8,5.6266503204156875
3,654,320.16483516483515,came,91,3,654,came,61302439,4,7.787477753852336
3,655,322.3333333333333,back,90,3,655,back,107859495,4,8.032858382582713
3,656,291.7692307692308,and,91,3,656,and,4873010095,3,9.687797311073117
3,657,303.8222222222222,looked,90,3,657,looked,37086942,6,7.569221025097896
3,658,303.45054945054943,in,91,3,658,in,3271087682,2,9.514692185610274
3,659,290.72222222222223,its,90,3,659,its,259806050,3,8.414649260097374
3,660,297.75824175824175,hiding,91,3,660,hiding,2401429,6,6.380469750931659
3,661,306.6777777777778,"place,",90,3,661,place,78015798,6,7.892182555120126
3,662,322.8791208791209,but,91,3,662,but,422070748,3,8.625385254020305
3,663,293.1333333333333,the,90,3,663,the,9819942513,3,9.992108945387768
3,664,276.2197802197802,food,91,3,664,food,29768787,4,7.473761138646078
3,665,299.4222222222222,was,90,3,665,was,1140172617,3,9.056970606543045
3,666,289.5,nowhere,90,3,666,nowhere,2429404,7,6.385499742216064
3,667,310.18888888888887,to,90,3,667,to,4223327232,2,9.62565473275005
3,668,300.1758241758242,be,91,3,668,be,964072174,2,8.984109548007202
3,669,289.43333333333334,found.,90,3,669,found,84394374,6,7.9263134961257276
3,670,328.74725274725273,Then,91,3,670,Then,39430787,4,7.59583544525345
3,671,297.3333333333333,the,90,3,671,the,9819942513,3,9.992108945387768
3,672,298.38461538461536,match,91,3,672,match,6404010,5,6.80645200140801
3,673,306.1758241758242,went,91,3,673,went,48598135,4,7.686619603115173
3,674,344.8241758241758,"out,",91,3,674,out,242417228,4,8.384563480838569
3,675,307.7692307692308,and,91,3,675,and,4873010095,3,9.687797311073117
3,676,307.2197802197802,it,91,3,676,it,908536386,2,8.958342325064617
3,677,301.032967032967,wasn't,91,3,677,was n't,15985,6,4.203712640607707
3,678,303.31111111111113,the,90,3,678,the,9819942513,3,9.992108945387768
3,679,305.6777777777778,forest,90,3,679,forest,9078094,6,6.957994675374217
3,680,331.2967032967033,that,91,3,680,that,1746480437,4,9.24216372530116
3,681,336.95604395604397,remained,91,3,681,remained,15552573,8,7.1918022484923005
3,682,330.1978021978022,before,91,3,682,before,114226587,6,8.0577672006131
3,683,327.1098901098901,her,91,3,683,her,415597541,3,8.61867296926702
3,684,393.3,eyes.,90,3,684,eyes,42210806,5,7.62542364492888
3,685,336.7692307692308,It,91,3,685,It,278516683,2,8.444851214295534
3,686,288.010989010989,was,91,3,686,was,1140172617,3,9.056970606543045
3,687,275.5164835164835,only,91,3,687,only,224965302,4,8.352115538946988
3,688,292.83516483516485,the,91,3,688,the,9819942513,3,9.992108945387768
3,689,302.7802197802198,"thick,",91,3,689,thick,7423431,6,6.870604676164673
3,690,297.5934065934066,"damp,",91,3,690,damp,1479540,5,6.170126710993405
3,691,305.3333333333333,cold,90,3,691,cold,14949741,4,7.174633668697561
3,692,311.2307692307692,wall.,91,3,692,wall,16611174,5,7.220400327436585
3,693,362.8888888888889,The,90,3,693,The,1217211729,3,9.085366128549287
3,694,348.7362637362637,girl,91,3,694,girl,16352263,4,7.213577863443013
3,695,329.1222222222222,looked,90,3,695,looked,37086942,6,7.569221025097896
3,696,343.4945054945055,despondently,91,3,696,despondently,23973,12,4.379722385386193
3,697,388.56043956043953,into,91,3,697,into,254637739,4,8.40592276940739
3,698,324.8666666666667,the,90,3,698,the,9819942513,3,9.992108945387768
3,699,313.43956043956047,sky,91,3,699,sky,7458490,3,6.872650911782822
3,700,292.46666666666664,that,90,3,700,that,1746480437,4,9.24216372530116
3,701,299.3333333333333,was,90,3,701,was,1140172617,3,9.056970606543045
3,702,296.1777777777778,now,90,3,702,now,112827853,3,8.05241632403567
3,703,341.7692307692308,fully,91,3,703,fully,15213503,5,7.182229224467764
3,704,329.85714285714283,darkened,91,3,704,darkened,826953,8,5.917480827060777
3,705,340.53846153846155,and,91,3,705,and,4873010095,3,9.687797311073117
3,706,322.6703296703297,suddenly,91,3,706,suddenly,10432550,8,7.018390474828468
3,707,306.6777777777778,she,90,3,707,she,278699382,3,8.445136005691102
3,708,299.3076923076923,saw,91,3,708,saw,36746641,3,7.565217646499487
3,709,307.0,a,91,3,709,a,3213754375,1,9.507012680872096
3,710,321.8021978021978,star,91,3,710,star,5786355,4,6.762405074630246
3,711,309.13186813186815,"fall,",91,3,711,fall,18115537,5,7.258051212379947
3,712,349.9222222222222,leaving,90,3,712,leaving,11955888,7,7.077581838015805
3,713,361.0444444444444,behind,90,3,713,behind,28598426,6,7.456342131089687
3,714,318.5824175824176,it,91,3,714,it,908536386,2,8.958342325064617
3,715,313.1758241758242,a,91,3,715,a,3213754375,1,9.507012680872096
3,716,311.6043956043956,bright,91,3,716,bright,6970967,6,6.8432930268260455
3,717,298.68131868131866,streak,91,3,717,streak,586066,6,5.76794652697675
3,718,337.2,of,90,3,718,of,6162371881,2,9.789747903165104
3,719,299.6666666666667,fire.,90,3,719,fire,20358097,5,7.308737179311814
3,720,367.2247191011236,'Someone,89,3,720,Someone,2123510,8,6.32705431050428
3,721,406.15384615384613,is,91,3,721,is,1780724214,2,9.250596664206503
3,722,338.9010989010989,"dying,'",91,3,722,dying,4562528,7,6.659205542715639
3,723,379.13186813186815,thought,91,3,723,thought,64294078,7,7.808170972763039
3,724,361.0888888888889,the,90,3,724,the,9819942513,3,9.992108945387768
3,725,308.24444444444447,little,90,3,725,little,78869880,6,7.89691118005035
3,726,318.30337078651684,girl.,89,3,726,girl,16352263,5,7.213577863443013
3,727,318.8314606741573,It,89,3,727,It,278516683,2,8.444851214295534
3,728,296.4835164835165,was,91,3,728,was,1140172617,3,9.056970606543045
3,729,297.86813186813185,her,91,3,729,her,415597541,3,8.61867296926702
3,730,317.8,old,90,3,730,old,66132164,3,7.8204127340737415
3,731,355.55172413793105,"grandmother,",87,3,731,grandmother,2772794,12,6.442917605608694
3,732,377.53333333333336,the,90,3,732,the,9819942513,3,9.992108945387768
3,733,356.9555555555556,one,90,3,733,one,398913374,3,8.600878596743621
3,734,323.15555555555557,who,90,3,734,who,294018466,3,8.46837460738514
3,735,306.6292134831461,had,89,3,735,had,537932901,3,8.730728107371226
3,736,291.1222222222222,loved,90,3,736,loved,9427047,5,6.974375672329091
3,737,305.8888888888889,her,90,3,737,her,415597541,3,8.61867296926702
3,738,308.7032967032967,the,91,3,738,the,9819942513,3,9.992108945387768
3,739,319.0989010989011,"most,",91,3,739,most,165240742,5,8.21811713647268
3,740,303.2857142857143,and,91,3,740,and,4873010095,3,9.687797311073117
3,741,304.45054945054943,the,91,3,741,the,9819942513,3,9.992108945387768
3,742,313.5054945054945,one,91,3,742,one,398913374,3,8.600878596743621
3,743,281.86813186813185,who,91,3,743,who,294018466,3,8.46837460738514
3,744,285.010989010989,the,91,3,744,the,9819942513,3,9.992108945387768
3,745,317.010989010989,girl,91,3,745,girl,16352263,4,7.213577863443013
3,746,317.94505494505495,used,91,3,746,used,127267606,4,8.10471787477888
3,747,294.6923076923077,to,91,3,747,to,4223327232,2,9.62565473275005
3,748,299.3956043956044,visit,91,3,748,visit,13227667,5,7.121483253229658
3,749,294.84615384615387,every,91,3,749,every,63144706,5,7.800336945526913
3,750,301.2307692307692,"Sunday,",91,3,750,Sunday,6862790,7,6.836500709769797
3,751,347.54945054945057,who,91,3,751,who,294018466,3,8.46837460738514
3,752,303.86813186813185,had,91,3,752,had,537932901,3,8.730728107371226
3,753,290.3296703296703,told,91,3,753,told,43901950,4,7.642483810798649
3,754,295.8241758241758,her,91,3,754,her,415597541,3,8.61867296926702
3,755,290.95604395604397,that,91,3,755,that,1746480437,4,9.24216372530116
3,756,288.06666666666666,when,90,3,756,when,249000060,4,8.396199451744996
3,757,301.8791208791209,a,91,3,757,a,3213754375,1,9.507012680872096
3,758,309.1978021978022,star,91,3,758,star,5786355,4,6.762405074630246
3,759,308.032967032967,"falls,",91,3,759,falls,5064619,6,6.704546779919147
3,760,306.685393258427,a,89,3,760,a,3213754375,1,9.507012680872096
3,761,326.43956043956047,soul,91,3,761,soul,12819375,4,7.1078668519637755
3,762,318.7802197802198,leaves,91,3,762,leaves,11306879,6,7.053342744613462
3,763,322.6923076923077,this,91,3,763,this,599554050,4,8.777828340993896
3,764,316.9010989010989,earth.,91,3,764,earth,16796169,6,7.225210235780036
3,765,357.3076923076923,It,91,3,765,It,278516683,2,8.444851214295534
3,766,336.2857142857143,was,91,3,766,was,1140172617,3,9.056970606543045
3,767,294.2637362637363,her,91,3,767,her,415597541,3,8.61867296926702
3,768,289.43956043956047,last,91,3,768,last,57574244,4,7.760228244008672
3,769,308.010989010989,match,91,3,769,match,6404010,5,6.80645200140801
3,770,310.34065934065933,that,91,3,770,that,1746480437,4,9.24216372530116
3,771,336.1847826086956,the,92,3,771,the,9819942513,3,9.992108945387768
3,772,321.57142857142856,little,91,3,772,little,78869880,6,7.89691118005035
3,773,296.1304347826087,girl,92,3,773,girl,16352263,4,7.213577863443013
3,774,284.05494505494505,now,91,3,774,now,112827853,3,8.05241632403567
3,775,301.4065934065934,rubbed,91,3,775,rubbed,1368620,6,6.136282882164876
3,776,330.5869565217391,on,92,3,776,on,993594775,2,8.99720929902148
3,777,325.75824175824175,the,91,3,777,the,9819942513,3,9.992108945387768
3,778,324.6777777777778,wall,90,3,778,wall,16611174,4,7.220400327436585
3,779,292.3,and,90,3,779,and,4873010095,3,9.687797311073117
3,780,290.4347826086956,the,92,3,780,the,9819942513,3,9.992108945387768
3,781,310.29347826086956,light,92,3,781,light,42409052,5,7.627458564471724
3,782,308.9230769230769,again,91,3,782,again,64543110,5,7.80984988798604
3,783,317.97777777777776,shone,90,3,783,shone,977222,5,5.989993235594739
3,784,318.85714285714283,round,91,3,784,round,14284199,5,7.154855891926785
3,785,320.3626373626374,her.,91,3,785,her,415597541,4,8.61867296926702
3,786,333.8901098901099,Her,91,3,786,Her,21805547,3,7.338566985579587
3,787,332.010989010989,old,91,3,787,old,66132164,3,7.8204127340737415
3,788,373.5054945054945,grandmother,91,3,788,grandmother,2772794,11,6.442917605608694
3,789,329.72222222222223,in,90,3,789,in,3271087682,2,9.514692185610274
3,790,317.45054945054943,the,91,3,790,the,9819942513,3,9.992108945387768
3,791,312.8666666666667,brightness,90,3,791,brightness,1007383,10,6.003194617686584
3,792,329.7912087912088,"stood,",91,3,792,stood,17437380,6,7.241481231914181
3,793,363.7865168539326,loving,89,3,793,loving,3752220,6,6.574288293988737
3,794,350.24175824175825,in,91,3,794,in,3271087682,2,9.514692185610274
3,795,340.5777777777778,her,90,3,795,her,415597541,3,8.61867296926702
3,796,380.74725274725273,appearance.,91,3,796,appearance,11013949,11,7.041943061152903
3,797,390.4888888888889,The,90,3,797,The,1217211729,3,9.085366128549287
3,798,342.94505494505495,girl,91,3,798,girl,16352263,4,7.213577863443013
3,799,329.3296703296703,understood,91,3,799,understood,13568850,10,7.132543041483021
3,800,333.44565217391306,her,92,3,800,her,415597541,3,8.61867296926702
3,801,330.02222222222224,grandmother,90,3,801,grandmother,2772794,11,6.442917605608694
3,802,341.5274725274725,would,91,3,802,would,319551796,5,8.504541262788026
3,803,382.5111111111111,soon,90,3,803,soon,26497323,4,7.423201999783804
3,804,346.75,"disappear,",92,3,804,disappear,2425438,10,6.3847901774976314
3,805,354.9555555555556,but,90,3,805,but,422070748,3,8.625385254020305
3,806,330.82608695652175,she,92,3,806,she,278699382,3,8.445136005691102
3,807,315.7391304347826,tried,92,3,807,tried,20190743,5,7.3051523008585875
3,808,317.7888888888889,to,90,3,808,to,4223327232,2,9.62565473275005
3,809,312.07608695652175,play,92,3,809,play,29832939,4,7.474696040107226
3,810,321.02197802197804,for,91,3,810,for,1388290219,3,9.14248026391068
3,811,359.81111111111113,time.,90,3,811,time,252986157,5,8.403096757922885
3,812,459.86813186813185,"'Grandmother,'",91,3,812,Grandmother,419177,14,5.622397445141897
3,813,444.81111111111113,cried,90,3,813,cried,5416949,5,6.73375474676999
3,814,357.8901098901099,the,91,3,814,the,9819942513,3,9.992108945387768
3,815,330.6263736263736,little,91,3,815,little,78869880,6,7.89691118005035
3,816,304.9010989010989,"one,",91,3,816,one,398913374,4,8.600878596743621
3,817,359.22222222222223,'O,90,3,817,O,14670016,2,7.166430587511171
3,818,355.9230769230769,take,91,3,818,take,83145589,4,7.9198392141836385
3,819,331.84444444444443,me,90,3,819,me,196933753,2,8.294320157404627
3,820,297.7362637362637,with,91,3,820,with,1110064802,4,9.0453483322367
3,821,308.87640449438203,you!,89,3,821,you,578117187,4,8.762015880823492
3,822,301.35555555555555,I,90,3,822,I,926120510,1,8.96666750225725
3,823,333.05494505494505,know,91,3,823,know,103090059,4,8.013216788177813
3,824,291.5274725274725,you,91,3,824,you,578117187,3,8.762015880823492
3,825,310.4222222222222,will,90,3,825,will,314222543,4,8.497237339040392
3,826,308.1777777777778,go,90,3,826,go,74237337,2,7.870622384722818
3,827,318.46153846153845,away,91,3,827,away,56906743,4,7.7551637299132725
3,828,328.0,when,91,3,828,when,249000060,4,8.396199451744996
3,829,311.18888888888887,the,90,3,829,the,9819942513,3,9.992108945387768
3,830,298.85714285714283,match,91,3,830,match,6404010,5,6.80645200140801
3,831,306.0769230769231,burns,91,3,831,burns,1099971,5,6.041381235425501
3,832,334.14285714285717,out!',91,3,832,out,242417228,5,8.384563480838569
3,833,329.85393258426967,The,89,3,833,The,1217211729,3,9.085366128549287
3,834,330.7362637362637,girl,91,3,834,girl,16352263,4,7.213577863443013
3,835,305.43956043956047,decided,91,3,835,decided,17207383,7,7.235714825290881
3,836,324.010989010989,to,91,3,836,to,4223327232,2,9.62565473275005
3,837,311.0659340659341,light,91,3,837,light,42409052,5,7.627458564471724
3,838,341.2087912087912,the,91,3,838,the,9819942513,3,9.992108945387768
3,839,343.94505494505495,whole,91,3,839,whole,42803829,5,7.631482620396147
3,840,341.8791208791209,bundle,91,3,840,bundle,1489577,6,6.173062957910764
3,841,346.13186813186815,of,91,3,841,of,6162371881,2,9.789747903165104
3,842,346.5274725274725,"matches,",91,3,842,matches,1817726,8,6.259528419229051
3,843,335.9230769230769,in,91,3,843,in,3271087682,2,9.514692185610274
3,844,320.35164835164835,order,91,3,844,order,71575698,5,7.854765591916413
3,845,309.4835164835165,to,91,3,845,to,4223327232,2,9.62565473275005
3,846,306.8791208791209,keep,91,3,846,keep,32794260,4,7.515797835526436
3,847,301.94444444444446,her,90,3,847,her,415597541,3,8.61867296926702
3,848,321.8666666666667,grandmother,90,3,848,grandmother,2772794,11,6.442917605608694
3,849,347.43333333333334,there.,90,3,849,there,243799443,6,8.38703270906619
3,850,332.8791208791209,The,91,3,850,The,1217211729,3,9.085366128549287
3,851,335.44444444444446,girl,90,3,851,girl,16352263,4,7.213577863443013
3,852,315.9222222222222,saw,90,3,852,saw,36746641,3,7.565217646499487
3,853,300.5,the,90,3,853,the,9819942513,3,9.992108945387768
3,854,300.25274725274727,matches,91,3,854,matches,1817726,7,6.259528419229051
3,855,327.8901098901099,glowed,91,3,855,glowed,407209,6,5.60981736806923
3,856,332.05555555555554,with,90,3,856,with,1110064802,4,9.0453483322367
3,857,329.2197802197802,a,91,3,857,a,3213754375,1,9.507012680872096
3,858,352.1868131868132,light,91,3,858,light,42409052,5,7.627458564471724
3,859,319.84444444444443,that,90,3,859,that,1746480437,4,9.24216372530116
3,860,317.9010989010989,was,91,3,860,was,1140172617,3,9.056970606543045
3,861,316.68131868131866,brighter,91,3,861,brighter,705224,8,5.84832708367579
3,862,329.13186813186815,than,91,3,862,than,248883542,4,8.395996178830753
3,863,301.64444444444445,the,90,3,863,the,9819942513,3,9.992108945387768
3,864,298.1868131868132,"day,",91,3,864,day,88338993,4,7.946152444310691
3,865,332.2111111111111,and,90,3,865,and,4873010095,3,9.687797311073117
3,866,315.8241758241758,her,91,3,866,her,415597541,3,8.61867296926702
3,867,317.3296703296703,grandmother,91,3,867,grandmother,2772794,11,6.442917605608694
3,868,322.8333333333333,had,90,3,868,had,537932901,3,8.730728107371226
3,869,329.0444444444444,never,90,3,869,never,74546406,5,7.8724267102706635
3,870,343.1978021978022,appeared,91,3,870,appeared,16686293,8,7.222359865231621
3,871,322.4175824175824,so,91,3,871,so,252284174,2,8.401890007711213
3,872,310.64835164835165,large,91,3,872,large,65165705,5,7.814019098066826
3,873,318.6923076923077,or,91,3,873,or,793525686,2,8.899560989197376
3,874,331.38461538461536,so,91,3,874,so,252284174,2,8.401890007711213
3,875,316.6333333333333,beautiful,90,3,875,beautiful,12851183,9,7.108943107957128
3,876,305.24719101123594,as,89,3,876,as,1139819594,2,9.056836118415085
3,877,302.010989010989,she,91,3,877,she,278699382,3,8.445136005691102
3,878,309.8131868131868,did,91,3,878,did,164942220,3,8.217331835548208
3,879,297.4945054945055,in,91,3,879,in,3271087682,2,9.514692185610274
3,880,301.5054945054945,the,91,3,880,the,9819942513,3,9.992108945387768
3,881,290.7362637362637,light,91,3,881,light,42409052,5,7.627458564471724
3,882,286.2197802197802,of,91,3,882,of,6162371881,2,9.789747903165104
3,883,276.0879120879121,the,91,3,883,the,9819942513,3,9.992108945387768
3,884,278.6292134831461,little,89,3,884,little,78869880,6,7.89691118005035
3,885,319.5164835164835,matches.,91,3,885,matches,1817726,8,6.259528419229051
3,886,370.2022471910112,The,89,3,886,The,1217211729,3,9.085366128549287
3,887,371.3626373626374,grandmother,91,3,887,grandmother,2772794,11,6.442917605608694
3,888,323.7032967032967,then,91,3,888,then,161019392,4,8.206878182438311
3,889,321.3296703296703,took,91,3,889,took,50478963,4,7.703110424524437
3,890,314.7142857142857,the,91,3,890,the,9819942513,3,9.992108945387768
3,891,304.2307692307692,little,91,3,891,little,78869880,6,7.89691118005035
3,892,287.27472527472526,girl,91,3,892,girl,16352263,4,7.213577863443013
3,893,303.5777777777778,in,90,3,893,in,3271087682,2,9.514692185610274
3,894,288.3076923076923,her,91,3,894,her,415597541,3,8.61867296926702
3,895,286.65934065934067,"arms,",91,3,895,arms,15980830,5,7.20359933161496
3,896,293.8131868131868,and,91,3,896,and,4873010095,3,9.687797311073117
3,897,285.5934065934066,they,91,3,897,they,418953705,4,8.622166035439204
3,898,287.5934065934066,both,91,3,898,both,116011743,4,8.064501951830184
3,899,295.7362637362637,flew,91,3,899,flew,2656765,4,6.424353141268818
3,900,306.02197802197804,upwards,91,3,900,upwards,1097934,7,6.040576234196669
3,901,312.1,in,90,3,901,in,3271087682,2,9.514692185610274
3,902,310.8901098901099,brightness,91,3,902,brightness,1007383,10,6.003194617686584
3,903,306.3820224719101,and,89,3,903,and,4873010095,3,9.687797311073117
3,904,326.6043956043956,joy,91,3,904,joy,5858259,3,6.767768568401281
3,905,304.4945054945055,far,91,3,905,far,50059082,3,7.699482881109401
3,906,305.0989010989011,above,91,3,906,above,47783304,5,7.679276175957147
3,907,304.3068181818182,the,88,3,907,the,9819942513,3,9.992108945387768
3,908,314.5934065934066,"earth,",91,3,908,earth,16796169,6,7.225210235780036
3,909,314.3888888888889,where,90,3,909,where,136128991,5,8.133950625501162
3,910,313.9888888888889,there,90,3,910,there,243799443,5,8.38703270906619
3,911,306.25555555555553,was,90,3,911,was,1140172617,3,9.056970606543045
3,912,296.24175824175825,neither,91,3,912,neither,14001676,7,7.146180023820129
3,913,301.6373626373626,cold,91,3,913,cold,14949741,4,7.174633668697561
3,914,297.1,nor,90,3,914,nor,23501188,3,7.371089816688914
3,915,299.9887640449438,"hunger,",89,3,915,hunger,2292323,7,6.360275811914161
3,916,328.1666666666667,and,90,3,916,and,4873010095,3,9.687797311073117
3,917,293.3736263736264,the,91,3,917,the,9819942513,3,9.992108945387768
3,918,289.14285714285717,little,91,3,918,little,78869880,6,7.89691118005035
3,919,288.0,girl,91,3,919,girl,16352263,4,7.213577863443013
3,920,293.35555555555555,felt,90,3,920,felt,35889439,4,7.554966669781874
3,921,303.9230769230769,safe,91,3,921,safe,10018666,4,7.0008098984366445
3,922,298.5164835164835,and,91,3,922,and,4873010095,3,9.687797311073117
3,923,314.97802197802196,peaceful.,91,3,923,peaceful,2870661,9,6.457981909138072
3,924,329.4,In,90,3,924,In,372732694,2,8.57139748827585
3,925,303.0879120879121,the,91,3,925,the,9819942513,3,9.992108945387768
3,926,285.72527472527474,dawn,91,3,926,dawn,2570111,4,6.409951880392183
3,927,286.967032967033,of,91,3,927,of,6162371881,2,9.789747903165104
3,928,287.27472527472526,the,91,3,928,the,9819942513,3,9.992108945387768
3,929,273.4222222222222,morning,90,3,929,morning,22128226,7,7.3449465983243325
3,930,289.3296703296703,there,91,3,930,there,243799443,5,8.38703270906619
3,931,311.46153846153845,lay,91,3,931,lay,13552915,3,7.132032714565474
3,932,317.94505494505495,the,91,3,932,the,9819942513,3,9.992108945387768
3,933,339.18888888888887,poor,90,3,933,poor,24040312,4,7.380940099728334
3,934,305.3370786516854,little,89,3,934,little,78869880,6,7.89691118005035
3,935,323.8666666666667,"one,",90,3,935,one,398913374,4,8.600878596743621
3,936,314.19101123595505,not,89,3,936,not,1006314753,3,9.002733839677335
3,937,394.7802197802198,"frowning,",91,3,937,frowning,373996,9,5.572866957314872
3,938,365.44565217391306,but,92,3,938,but,422070748,3,8.625385254020305
3,939,335.53846153846155,smiling,91,3,939,smiling,3119136,7,6.49403431119891
3,940,323.2967032967033,and,91,3,940,and,4873010095,3,9.687797311073117
3,941,305.15384615384613,with,91,3,941,with,1110064802,4,9.0453483322367
3,942,303.6521739130435,a,92,3,942,a,3213754375,1,9.507012680872096
3,943,313.4945054945055,pale,91,3,943,pale,3929513,4,6.5943387298873235
3,944,333.46666666666664,face,90,3,944,face,45765806,4,7.660541115300077
3,945,323.1333333333333,leaning,90,3,945,leaning,1789890,7,6.252826341672107
3,946,338.04395604395603,against,91,3,946,against,79033828,7,7.897813017482879
3,947,313.967032967033,the,91,3,947,the,9819942513,3,9.992108945387768
3,948,318.1222222222222,"wall,",90,3,948,wall,16611174,5,7.220400327436585
3,949,325.0659340659341,frozen,91,3,949,frozen,2924343,6,6.466028310238942
3,950,325.5054945054945,and,91,3,950,and,4873010095,3,9.687797311073117
3,951,332.010989010989,stone,91,3,951,stone,9878783,5,6.994703445707141
3,952,436.34065934065933,dead.,91,3,952,dead,18094749,5,7.257552563201554
3,953,412.06666666666666,'She,90,3,953,She,118491481,4,8.07368712766523
3,954,384.72527472527474,tried,91,3,954,tried,20190743,5,7.3051523008585875
3,955,356.65934065934067,to,91,3,955,to,4223327232,2,9.62565473275005
3,956,329.6703296703297,warm,91,3,956,warm,8890485,4,6.948925453554952
3,957,338.72527472527474,"herself,'",91,3,957,herself,20074494,9,7.30264460721212
3,958,363.1098901098901,said,91,3,958,said,171981082,4,8.235480676937357
3,959,356.42857142857144,some.,91,3,959,some,212953941,5,8.328285681689485
3,960,441.9340659340659,Children,91,3,960,Children,8802055,8,6.944584077942205
3,961,430.0,who,91,3,961,who,294018466,3,8.46837460738514
3,962,346.2967032967033,saw,91,3,962,saw,36746641,3,7.565217646499487
3,963,322.7802197802198,her,91,3,963,her,415597541,3,8.61867296926702
3,964,344.4111111111111,were,90,3,964,were,457504590,4,8.660395455564592
3,965,378.3956043956044,asking,91,3,965,asking,7941240,6,6.89988832145869
3,966,356.5444444444444,their,90,3,966,their,438887121,5,8.642352836801459
3,967,323.0989010989011,parents,91,3,967,parents,25278253,7,7.402747056213318
3,968,324.0444444444444,why,90,3,968,why,37439826,3,7.573333821705612
3,969,307.5111111111111,no,90,3,969,no,236436100,2,8.373713787073193
3,970,306.4835164835165,one,91,3,970,one,398913374,3,8.600878596743621
3,971,299.84444444444443,helped,90,3,971,helped,11341770,6,7.054680835972054
3,972,334.6043956043956,the,91,3,972,the,9819942513,3,9.992108945387768
3,973,315.4945054945055,girl,91,3,973,girl,16352263,4,7.213577863443013
3,974,323.1222222222222,who,90,3,974,who,294018466,3,8.46837460738514
3,975,312.16483516483515,they,91,3,975,they,418953705,4,8.622166035439204
3,976,333.3888888888889,knew,90,3,976,knew,37182349,4,7.570336822916057
3,977,352.5164835164835,looked,91,3,977,looked,37086942,6,7.569221025097896
3,978,338.43333333333334,dirt,90,3,978,dirt,2469424,4,6.392595664679171
3,979,368.2857142857143,poor,91,3,979,poor,24040312,4,7.380940099728334
3,980,332.0769230769231,and,91,3,980,and,4873010095,3,9.687797311073117
3,981,317.85714285714283,helpless.,91,3,981,helpless,1526304,9,6.183641042382691
3,982,451.53333333333336,Passersby,90,3,982,Passersby,7977,9,3.901839592051229
3,983,404.14285714285717,who,91,3,983,who,294018466,3,8.46837460738514
3,984,337.6923076923077,saw,91,3,984,saw,36746641,3,7.565217646499487
3,985,321.9222222222222,her,90,3,985,her,415597541,3,8.61867296926702
3,986,331.47777777777776,sitting,90,3,986,sitting,10039381,7,7.0017069362580315
3,987,362.75824175824175,motionless,91,3,987,motionless,706216,10,5.84893755269606
3,988,364.3296703296703,wished,91,3,988,wished,4999448,6,6.698922055578397
3,989,345.0659340659341,they,91,3,989,they,418953705,4,8.622166035439204
3,990,322.7802197802198,could,91,3,990,could,205904563,5,8.313665971017075
3,991,317.77777777777777,have,90,3,991,have,593092485,4,8.773122421177646
3,992,311.1758241758242,helped,91,3,992,helped,11341770,6,7.054680835972054
3,993,305.16483516483515,the,91,3,993,the,9819942513,3,9.992108945387768
3,994,330.56043956043953,"girl,",91,3,994,girl,16352263,5,7.213577863443013
3,995,343.94505494505495,but,91,3,995,but,422070748,3,8.625385254020305
3,996,300.6703296703297,their,91,3,996,their,438887121,5,8.642352836801459
3,997,307.5934065934066,good,91,3,997,good,99518711,4,7.997904742254174
3,998,320.8241758241758,intentions,91,3,998,intentions,2998233,10,6.47686537990729
3,999,321.72527472527474,were,91,3,999,were,457504590,4,8.660395455564592
3,1000,311.4065934065934,a,91,3,1000,a,3213754375,1,9.507012680872096
3,1001,300.3736263736264,day,91,3,1001,day,88338993,3,7.946152444310691
3,1002,303.15384615384613,late,91,3,1002,late,29067082,4,7.463401435798437
3,1003,302.0989010989011,and,91,3,1003,and,4873010095,3,9.687797311073117
3,1004,301.1758241758242,a,91,3,1004,a,3213754375,1,9.507012680872096
3,1005,304.4945054945055,dollar,91,3,1005,dollar,4512285,6,6.654396522273696
3,1006,315.0659340659341,short.,91,3,1006,short,35215395,6,7.546732564100159
3,1007,339.94505494505495,Other,91,3,1007,Other,20655399,5,7.315033588652939
3,1008,327.7142857142857,people,91,3,1008,people,149869947,6,8.175714553724845
3,1009,330.72527472527474,suspected,91,3,1009,suspected,3567250,9,6.552333546629035
3,1010,317.8777777777778,the,90,3,1010,the,9819942513,3,9.992108945387768
3,1011,302.95604395604397,girl,91,3,1011,girl,16352263,4,7.213577863443013
3,1012,292.5444444444444,had,90,3,1012,had,537932901,3,8.730728107371226
3,1013,313.5274725274725,fallen,91,3,1013,fallen,5034130,6,6.701924426459396
3,1014,312.4888888888889,asleep,90,3,1014,asleep,3203195,6,6.505583377891475
3,1015,308.4157303370786,and,89,3,1015,and,4873010095,3,9.687797311073117
3,1016,298.1847826086956,"frozen,",92,3,1016,frozen,2924343,7,6.466028310238942
3,1017,330.0978260869565,but,92,3,1017,but,422070748,3,8.625385254020305
3,1018,323.4891304347826,no,92,3,1018,no,236436100,2,8.373713787073193
3,1019,312.8152173913044,one,92,3,1019,one,398913374,3,8.600878596743621
3,1020,327.9347826086956,imagined,92,3,1020,imagined,3662569,8,6.563785815215266
3,1021,317.4130434782609,what,92,3,1021,what,218817723,4,8.340082494486747
3,1022,321.9891304347826,beautiful,92,3,1022,beautiful,12851183,9,7.108943107957128
3,1023,331.6559139784946,things,93,3,1023,things,56035173,6,7.74846071708923
3,1024,337.3010752688172,she,93,3,1024,she,278699382,3,8.445136005691102
3,1025,327.23655913978496,had,93,3,1025,had,537932901,3,8.730728107371226
3,1026,302.7204301075269,"seen,",93,3,1026,seen,48510258,5,7.685833584411229
3,1027,321.83870967741933,nor,93,3,1027,nor,23501188,3,7.371089816688914
3,1028,319.18279569892474,into,93,3,1028,into,254637739,4,8.40592276940739
3,1029,318.4301075268817,what,93,3,1029,what,218817723,4,8.340082494486747
3,1030,335.60869565217394,glory,92,3,1030,glory,4098901,5,6.6126674290086385
3,1031,321.6989247311828,she,93,3,1031,she,278699382,3,8.445136005691102
3,1032,316.36559139784947,had,93,3,1032,had,537932901,3,8.730728107371226
3,1033,306.20212765957444,entered,94,3,1033,entered,11705783,7,7.068400468968655
3,1034,313.0425531914894,with,94,3,1034,with,1110064802,4,9.0453483322367
3,1035,325.24468085106383,her,94,3,1035,her,415597541,3,8.61867296926702
3,1036,329.6063829787234,"grandmother,",94,3,1036,grandmother,2772794,12,6.442917605608694
3,1037,357.1170212765957,on,94,3,1037,on,993594775,2,8.99720929902148
3,1038,377.70212765957444,New,94,3,1038,New,115330984,3,8.061945997429518
3,1039,378.17894736842106,Year's,95,3,1039,Year 's,544535,6,5.736025799277021
3,1040,495.258064516129,day.,93,3,1040,day,88338993,4,7.946152444310691
4,1,541.7252747252747,Once,91,4,1,Once,14621685,4,7.164997423513425
4,2,363.84615384615387,upon,91,4,2,upon,63368120,4,7.8018708227045765
4,3,335.2608695652174,a,92,4,3,a,3213754375,1,9.507012680872096
4,4,336.7282608695652,time,92,4,4,time,252986157,4,8.403096757922885
4,5,339.29347826086956,the,92,4,5,the,9819942513,3,9.992108945387768
4,6,337.2857142857143,birds,91,4,6,birds,6361699,5,6.803573116872643
4,7,334.2,took,90,4,7,took,50478963,4,7.703110424524437
4,8,340.97802197802196,it,91,4,8,it,908536386,2,8.958342325064617
4,9,335.5054945054945,into,91,4,9,into,254637739,4,8.40592276940739
4,10,336.39325842696627,their,89,4,10,their,438887121,5,8.642352836801459
4,11,362.0,heads,90,4,11,heads,7111834,5,6.851981611049142
4,12,349.8666666666667,that,90,4,12,that,1746480437,4,9.24216372530116
4,13,334.84090909090907,they,88,4,13,they,418953705,4,8.622166035439204
4,14,334.8021978021978,would,91,4,14,would,319551796,5,8.504541262788026
4,15,333.05494505494505,like,91,4,15,like,167991828,4,8.225288155887608
4,16,322.46153846153845,a,91,4,16,a,3213754375,1,9.507012680872096
4,17,329.6818181818182,"master,",88,4,17,master,10649270,7,7.027319838212521
4,18,378.989010989011,and,91,4,18,and,4873010095,3,9.687797311073117
4,19,336.2087912087912,that,91,4,19,that,1746480437,4,9.24216372530116
4,20,331.23333333333335,one,90,4,20,one,398913374,3,8.600878596743621
4,21,322.3,of,90,4,21,of,6162371881,2,9.789747903165104
4,22,314.65555555555557,their,90,4,22,their,438887121,5,8.642352836801459
4,23,330.18888888888887,number,90,4,23,number,87423172,6,7.94162656007064
4,24,389.3333333333333,must,90,4,24,must,124852809,4,8.096398317768474
4,25,366.8863636363636,be,88,4,25,be,964072174,2,8.984109548007202
4,26,368.73333333333335,chosen,90,4,26,chosen,9821287,6,6.992168402285374
4,27,406.5632183908046,king.,87,4,27,king,13253011,5,7.122314558433405
4,28,484.69662921348316,A,89,4,28,A,276130546,1,8.441114451642763
4,29,421.4943820224719,meeting,89,4,29,meeting,18991526,7,7.2785598624069925
4,30,345.9550561797753,of,89,4,30,of,6162371881,2,9.789747903165104
4,31,341.2134831460674,all,89,4,31,all,374139462,3,8.573033517406971
4,32,321.6931818181818,the,88,4,32,the,9819942513,3,9.992108945387768
4,33,317.02247191011236,birds,89,4,33,birds,6361699,5,6.803573116872643
4,34,344.52272727272725,was,88,4,34,was,1140172617,3,9.056970606543045
4,35,327.0112359550562,called,89,4,35,called,69300306,6,7.840735152271519
4,36,325.1573033707865,and,89,4,36,and,4873010095,3,9.687797311073117
4,37,338.4318181818182,though,88,4,37,though,52696046,6,7.721778029542639
4,38,366.1123595505618,they,89,4,38,they,418953705,4,8.622166035439204
4,39,357.4942528735632,understood,87,4,39,understood,13568850,10,7.132543041483021
4,40,359.5113636363636,the,88,4,40,the,9819942513,3,9.992108945387768
4,41,340.7586206896552,birds,87,4,41,birds,6361699,5,6.803573116872643
4,42,373.89772727272725,who,88,4,42,who,294018466,3,8.46837460738514
4,43,354.4942528735632,were,87,4,43,were,457504590,4,8.660395455564592
4,44,375.03409090909093,from,88,4,44,from,708532803,4,8.850359961615387
4,45,378.64772727272725,the,88,4,45,the,9819942513,3,9.992108945387768
4,46,347.85227272727275,most,88,4,46,most,165240742,4,8.21811713647268
4,47,362.45454545454544,distant,88,4,47,distant,5369442,7,6.729929155548264
4,48,349.5681818181818,lands,88,4,48,lands,5781753,5,6.762059534406875
4,49,357.8863636363636,would,88,4,49,would,319551796,5,8.504541262788026
4,50,352.735632183908,be,87,4,50,be,964072174,2,8.984109548007202
4,51,373.84090909090907,unable,88,4,51,unable,8683177,6,6.938678653877663
4,52,350.89772727272725,to,88,4,52,to,4223327232,2,9.62565473275005
4,53,395.22727272727275,"come,",88,4,53,come,69378970,5,7.841227848019203
4,54,455.40909090909093,many,88,4,54,many,138917121,4,8.142755774158092
4,55,359.95454545454544,birds,88,4,55,birds,6361699,5,6.803573116872643
4,56,338.5402298850575,came,87,4,56,came,61302439,4,7.787477753852336
4,57,340.7471264367816,from,87,4,57,from,708532803,4,8.850359961615387
4,58,352.09090909090907,faraway,88,4,58,faraway,245945,7,5.390837997887495
4,59,390.47727272727275,meadows,88,4,59,meadows,559055,7,5.747454536010753
4,60,378.7816091954023,and,87,4,60,and,4873010095,3,9.687797311073117
4,61,384.15909090909093,woods.,88,4,61,woods,3342085,6,6.5240174912071405
4,62,404.28735632183907,The,87,4,62,The,1217211729,3,9.085366128549287
4,63,370.2613636363636,"eagle,",88,4,63,eagle,922318,6,5.964880684431327
4,64,359.75,who,88,4,64,who,294018466,3,8.46837460738514
4,65,359.04545454545456,already,88,4,65,already,40871799,7,7.611423753898969
4,66,337.9886363636364,thought,88,4,66,thought,64294078,7,7.808170972763039
4,67,375.71590909090907,himself,88,4,67,himself,51056413,7,7.708050299911476
4,68,366.0568181818182,the,88,4,68,the,9819942513,3,9.992108945387768
4,69,374.54545454545456,de,88,4,69,de,75082133,2,7.875536601948396
4,70,442.5232558139535,facto,86,4,70,facto,1019956,5,6.008581437086065
4,71,459.27272727272725,"king,",88,4,71,king,13253011,5,7.122314558433405
4,72,415.2134831460674,arrived,89,4,72,arrived,12208049,7,7.086646263761764
4,73,410.46590909090907,fashionably,88,4,73,fashionably,62603,11,4.796595145546331
4,74,429.89772727272725,late.,88,4,74,late,29067082,5,7.463401435798437
4,75,404.0681818181818,It,88,4,75,It,278516683,2,8.444851214295534
4,76,343.98850574712645,was,87,4,76,was,1140172617,3,9.056970606543045
4,77,357.02298850574715,a,87,4,77,a,3213754375,1,9.507012680872096
4,78,379.1931818181818,hawk,88,4,78,hawk,451703,4,5.65485297495174
4,79,356.25,who,88,4,79,who,294018466,3,8.46837460738514
4,80,329.39772727272725,was,88,4,80,was,1140172617,3,9.056970606543045
4,81,325.125,most,88,4,81,most,165240742,4,8.21811713647268
4,82,384.77272727272725,excited,88,4,82,excited,3675168,7,6.565277196428464
4,83,347.21590909090907,about,88,4,83,about,265782619,5,8.424526576609713
4,84,323.59090909090907,the,88,4,84,the,9819942513,3,9.992108945387768
4,85,342.89772727272725,"meeting,",88,4,85,meeting,18991526,8,7.2785598624069925
4,86,418.52272727272725,because,88,4,86,because,136741894,7,8.135901590980518
4,87,337.8636363636364,he,88,4,87,he,602878183,2,8.780229567869084
4,88,319.35632183908046,was,87,4,88,was,1140172617,3,9.056970606543045
4,89,313.21590909090907,the,88,4,89,the,9819942513,3,9.992108945387768
4,90,321.9310344827586,dark,87,4,90,dark,17668371,4,7.2471965099864635
4,91,345.04545454545456,horse,88,4,91,horse,9634789,5,6.983842208131162
4,92,364.0681818181818,for,88,4,92,for,1388290219,3,9.14248026391068
4,93,422.40909090909093,king.,88,4,93,king,13253011,5,7.122314558433405
4,94,506.59090909090907,The,88,4,94,The,1217211729,3,9.085366128549287
4,95,420.77272727272725,small,88,4,95,small,68870614,5,7.838033954854396
4,96,384.75,fry,88,4,96,fry,521851,3,5.717546520023383
4,97,379.3863636363636,came,88,4,97,came,61302439,4,7.787477753852336
4,98,371.59090909090907,"too,",88,4,98,too,82143809,4,7.9145748371751425
4,99,401.4022988505747,and,87,4,99,and,4873010095,3,9.687797311073117
4,100,355.15909090909093,the,88,4,100,the,9819942513,3,9.992108945387768
4,101,379.65909090909093,"robin,",88,4,101,robin,200137,6,5.301327385539677
4,102,372.15909090909093,the,88,4,102,the,9819942513,3,9.992108945387768
4,103,418.625,"bluebird,",88,4,103,bluebird,31738,9,4.5015795558047556
4,104,374.14942528735634,the,87,4,104,the,9819942513,3,9.992108945387768
4,105,360.57954545454544,"owl,",88,4,105,owl,564219,4,5.75144770687468
4,106,366.95454545454544,the,88,4,106,the,9819942513,3,9.992108945387768
4,107,358.39772727272725,"lark,",88,4,107,lark,150710,5,5.178142069837744
4,108,367.7613636363636,and,88,4,108,and,4873010095,3,9.687797311073117
4,109,370.04545454545456,the,88,4,109,the,9819942513,3,9.992108945387768
4,110,362.8068181818182,"sparrow,",88,4,110,sparrow,218310,8,5.339073629641114
4,111,362.82954545454544,who,88,4,111,who,294018466,3,8.46837460738514
4,112,362.9080459770115,had,87,4,112,had,537932901,3,8.730728107371226
4,113,340.7931034482759,only,87,4,113,only,224965302,4,8.352115538946988
4,114,323.9655172413793,a,87,4,114,a,3213754375,1,9.507012680872096
4,115,340.3636363636364,chance,88,4,115,chance,13447740,6,7.128649303818025
4,116,341.20454545454544,in,88,4,116,in,3271087682,2,9.514692185610274
4,117,316.72727272727275,a,88,4,117,a,3213754375,1,9.507012680872096
4,118,360.3181818181818,million,88,4,118,million,21837221,7,7.339197369327702
4,119,346.2386363636364,to,88,4,119,to,4223327232,2,9.62565473275005
4,120,347.32183908045977,be,87,4,120,be,964072174,2,8.984109548007202
4,121,370.9310344827586,"king,",87,4,121,king,13253011,5,7.122314558433405
4,122,386.5232558139535,were,86,4,122,were,457504590,4,8.660395455564592
4,123,367.40909090909093,all,88,4,123,all,374139462,3,8.573033517406971
4,124,347.735632183908,present,87,4,124,present,52582897,7,7.7208445094321005
4,125,368.41379310344826,at,87,4,125,at,654432238,2,8.815864684979672
4,126,305.60227272727275,the,88,4,126,the,9819942513,3,9.992108945387768
4,127,332.13483146067415,meeting.,89,4,127,meeting,18991526,8,7.2785598624069925
4,128,358.5,The,88,4,128,The,1217211729,3,9.085366128549287
4,129,441.96590909090907,"cuckoo,",88,4,129,cuckoo,135934,7,5.133328096655842
4,130,409.14772727272725,who,88,4,130,who,294018466,3,8.46837460738514
4,131,365.67045454545456,was,88,4,131,was,1140172617,3,9.056970606543045
4,132,333.54545454545456,almost,88,4,132,almost,40784201,6,7.610491958498274
4,133,342.6818181818182,not,88,4,133,not,1006314753,3,9.002733839677335
4,134,349.5977011494253,invited,87,4,134,invited,5067831,7,6.7048221237743055
4,135,393.2386363636364,because,88,4,135,because,136741894,7,8.135901590980518
4,136,355.82954545454544,his,88,4,136,his,632876249,3,8.80131879748875
4,137,336.82954545454544,call,88,4,137,call,32401764,4,7.510568654484761
4,138,365.0344827586207,so,87,4,138,so,252284174,2,8.401890007711213
4,139,439.9318181818182,annoyed,88,4,139,annoyed,919081,7,5.963353788103031
4,140,377.0568181818182,the,88,4,140,the,9819942513,3,9.992108945387768
4,141,371.64772727272725,other,88,4,141,other,281661595,5,8.449727634289163
4,142,364.3068181818182,"birds,",88,4,142,birds,6361699,6,6.803573116872643
4,143,364.3068181818182,came,88,4,143,came,61302439,4,7.787477753852336
4,144,353.2068965517241,too.,87,4,144,too,82143809,4,7.9145748371751425
4,145,402.6931818181818,It,88,4,145,It,278516683,2,8.444851214295534
4,146,367.60227272727275,was,88,4,146,was,1140172617,3,9.056970606543045
4,147,324.625,the,88,4,147,the,9819942513,3,9.992108945387768
4,148,342.21590909090907,very,88,4,148,very,134366972,4,8.128292530318264
4,149,337.46590909090907,little,88,4,149,little,78869880,6,7.89691118005035
4,150,322.20454545454544,bird,88,4,150,bird,4823924,4,6.683400456959494
4,151,330.96590909090907,who,88,4,151,who,294018466,3,8.46837460738514
4,152,349.78409090909093,had,88,4,152,had,537932901,3,8.730728107371226
4,153,321.25,no,88,4,153,no,236436100,2,8.373713787073193
4,154,335.1136363636364,name,88,4,154,name,51126537,4,7.70864637726156
4,155,358.4942528735632,at,87,4,155,at,654432238,2,8.815864684979672
4,156,352.60227272727275,"all,",88,4,156,all,374139462,4,8.573033517406971
4,157,402.16279069767444,"however,",86,4,157,however,63540861,8,7.803053095367042
4,158,383.5,that,88,4,158,that,1746480437,4,9.24216372530116
4,159,345.78409090909093,would,88,4,159,would,319551796,5,8.504541262788026
4,160,346.03409090909093,end,88,4,160,end,66509685,3,7.822884890954196
4,161,345.3636363636364,up,88,4,161,up,232348461,2,8.366139800200205
4,162,388.82954545454544,overturning,88,4,162,overturning,170467,11,5.231640318196422
4,163,376.8863636363636,the,88,4,163,the,9819942513,3,9.992108945387768
4,164,396.89772727272725,balance,88,4,164,balance,14110170,7,7.149532246186465
4,165,348.4431818181818,of,88,4,165,of,6162371881,2,9.789747903165104
4,166,332.85057471264366,power,87,4,166,power,69017913,5,7.838961822728762
4,167,355.0568181818182,among,88,4,167,among,56872364,5,7.754901280842588
4,168,339.0,the,88,4,168,the,9819942513,3,9.992108945387768
4,169,353.81609195402297,birds.,87,4,169,birds,6361699,6,6.803573116872643
4,170,373.86206896551727,That,87,4,170,That,61071875,4,7.7858412537055965
4,171,392.8863636363636,there,88,4,171,there,243799443,5,8.38703270906619
4,172,354.6136363636364,would,88,4,172,would,319551796,5,8.504541262788026
4,173,347.6931818181818,be,88,4,173,be,964072174,2,8.984109548007202
4,174,355.13793103448273,great,87,4,174,great,69441756,5,7.84162069447644
4,175,424.4022988505747,confusion,87,4,175,confusion,5102421,9,6.707776289325458
4,176,391.632183908046,and,87,4,176,and,4873010095,3,9.687797311073117
4,177,352.6136363636364,noise,88,4,177,noise,7880836,5,6.896572289942465
4,178,364.5977011494253,among,87,4,178,among,56872364,5,7.754901280842588
4,179,362.77272727272725,the,88,4,179,the,9819942513,3,9.992108945387768
4,180,343.02298850574715,birds,87,4,180,birds,6361699,5,6.803573116872643
4,181,336.97727272727275,at,88,4,181,at,654432238,2,8.815864684979672
4,182,324.0568181818182,the,88,4,182,the,9819942513,3,9.992108945387768
4,183,348.4318181818182,meeting,88,4,183,meeting,18991526,7,7.2785598624069925
4,184,348.13793103448273,was,87,4,184,was,1140172617,3,9.056970606543045
4,185,344.81609195402297,to,87,4,185,to,4223327232,2,9.62565473275005
4,186,326.4597701149425,be,87,4,186,be,964072174,2,8.984109548007202
4,187,356.5402298850575,"expected,",87,4,187,expected,21880269,9,7.340052656989432
4,188,389.7386363636364,given,88,4,188,given,66612125,5,7.82355328834915
4,189,366.1363636363636,the,88,4,189,the,9819942513,3,9.992108945387768
4,190,343.39772727272725,sheer,88,4,190,sheer,2071421,5,6.316268374796607
4,191,344.17045454545456,numbers,88,4,191,numbers,18625635,7,7.2701110879865025
4,192,351.90909090909093,of,88,4,192,of,6162371881,2,9.789747903165104
4,193,333.5,birds,88,4,193,birds,6361699,5,6.803573116872643
4,194,326.65909090909093,that,88,4,194,that,1746480437,4,9.24216372530116
4,195,375.4367816091954,have,87,4,195,have,593092485,4,8.773122421177646
4,196,356.8045977011494,gathered.,87,4,196,gathered,5394781,9,6.731973819283618
4,197,414.32183908045977,There,87,4,197,There,98749156,5,7.994533392439164
4,198,377.25581395348837,was,86,4,198,was,1140172617,3,9.056970606543045
4,199,402.08045977011494,"piping,",87,4,199,piping,464744,7,5.667213791593561
4,200,488.95454545454544,"hissing,",88,4,200,hissing,260820,8,5.416340890574481
4,201,412.42045454545456,and,88,4,201,and,4873010095,3,9.687797311073117
4,202,398.01162790697674,"clacking,",86,4,202,clacking,38495,9,4.585404323964957
4,203,433.95454545454544,but,88,4,203,but,422070748,3,8.625385254020305
4,204,383.9431818181818,finally,88,4,204,finally,17208239,7,7.235736429205323
4,205,346.0568181818182,it,88,4,205,it,908536386,2,8.958342325064617
4,206,313.7386363636364,was,88,4,206,was,1140172617,3,9.056970606543045
4,207,366.9431818181818,decided,88,4,207,decided,17207383,7,7.235714825290881
4,208,367.8863636363636,that,88,4,208,that,1746480437,4,9.24216372530116
4,209,318.91954022988506,the,87,4,209,the,9819942513,3,9.992108945387768
4,210,338.15909090909093,bird,88,4,210,bird,4823924,4,6.683400456959494
4,211,368.2413793103448,that,87,4,211,that,1746480437,4,9.24216372530116
4,212,331.97701149425285,could,87,4,212,could,205904563,5,8.313665971017075
4,213,370.9655172413793,fly,87,4,213,fly,5023580,3,6.7010133227460225
4,214,360.81609195402297,the,87,4,214,the,9819942513,3,9.992108945387768
4,215,362.11494252873564,highest,87,4,215,highest,10194893,7,7.008382672021621
4,216,347.42045454545456,should,88,4,216,should,157257237,6,8.196610640869892
4,217,333.3181818181818,be,88,4,217,be,964072174,2,8.984109548007202
4,218,353.85227272727275,king.,88,4,218,king,13253011,5,7.122314558433405
4,219,385.2386363636364,The,88,4,219,The,1217211729,3,9.085366128549287
4,220,371.1818181818182,little,88,4,220,little,78869880,6,7.89691118005035
4,221,331.41379310344826,bird,87,4,221,bird,4823924,4,6.683400456959494
4,222,352.07954545454544,lay,88,4,222,lay,13552915,3,7.132032714565474
4,223,358.15909090909093,low,88,4,223,low,40087210,3,7.603005831162744
4,224,365.625,near,88,4,224,near,26915276,4,7.429998837603775
4,225,353.0813953488372,the,86,4,225,the,9819942513,3,9.992108945387768
4,226,382.94117647058823,eagle,85,4,226,eagle,922318,5,5.964880684431327
4,227,407.9425287356322,at,87,4,227,at,654432238,2,8.815864684979672
4,228,382.97701149425285,"first,",87,4,228,first,172429084,6,8.236610521090785
4,229,395.2413793103448,but,87,4,229,but,422070748,3,8.625385254020305
4,230,358.17241379310343,the,87,4,230,the,9819942513,3,9.992108945387768
4,231,352.6136363636364,eagle,88,4,231,eagle,922318,5,5.964880684431327
4,232,367.72727272727275,did,88,4,232,did,164942220,3,8.217331835548208
4,233,340.8965517241379,not,87,4,233,not,1006314753,3,9.002733839677335
4,234,371.60919540229884,notice,87,4,234,notice,11275569,6,7.052138466942463
4,235,357.3863636363636,the,88,4,235,the,9819942513,3,9.992108945387768
4,236,374.47727272727275,bird,88,4,236,bird,4823924,4,6.683400456959494
4,237,390.5113636363636,hopping,88,4,237,hopping,375893,7,5.5750642382179905
4,238,386.625,onto,88,4,238,onto,11889539,4,7.0751650157929955
4,239,376.57954545454544,his,88,4,239,his,632876249,3,8.80131879748875
4,240,389.13793103448273,back,87,4,240,back,107859495,4,8.032858382582713
4,241,408.64772727272725,right,88,4,241,right,91408680,5,7.960987437496594
4,242,383.32183908045977,as,87,4,242,as,1139819594,2,9.056836118415085
4,243,363.6136363636364,the,88,4,243,the,9819942513,3,9.992108945387768
4,244,394.8390804597701,competition,87,4,244,competition,10329180,11,7.014065845661881
4,245,377.17241379310343,was,87,4,245,was,1140172617,3,9.056970606543045
4,246,356.875,about,88,4,246,about,265782619,5,8.424526576609713
4,247,366.13793103448273,to,87,4,247,to,4223327232,2,9.62565473275005
4,248,449.95348837209303,commence.,86,4,248,commence,651211,9,5.813721727874623
4,249,387.8953488372093,Into,86,4,249,Into,1004096,4,6.001775236989412
4,250,371.28735632183907,the,87,4,250,the,9819942513,3,9.992108945387768
4,251,322.13793103448273,air,87,4,251,air,31277584,3,7.49523319911954
4,252,338.82758620689657,in,87,4,252,in,3271087682,2,9.514692185610274
4,253,356.8181818181818,a,88,4,253,a,3213754375,1,9.507012680872096
4,254,349.54545454545456,great,88,4,254,great,69441756,5,7.84162069447644
4,255,348.79545454545456,flock,88,4,255,flock,1024358,5,6.010451763527186
4,256,336.09090909090907,all,88,4,256,all,374139462,3,8.573033517406971
4,257,326.1764705882353,the,85,4,257,the,9819942513,3,9.992108945387768
4,258,328.0919540229885,birds,87,4,258,birds,6361699,5,6.803573116872643
4,259,336.3953488372093,flew,86,4,259,flew,2656765,4,6.424353141268818
4,260,342.2413793103448,when,87,4,260,when,249000060,4,8.396199451744996
4,261,329.7931034482759,the,87,4,261,the,9819942513,3,9.992108945387768
4,262,346.2528735632184,signal,87,4,262,signal,11412767,6,7.057390950916529
4,263,336.8390804597701,was,87,4,263,was,1140172617,3,9.056970606543045
4,264,348.47727272727275,given.,88,4,264,given,66612125,6,7.82355328834915
4,265,364.54545454545456,The,88,4,265,The,1217211729,3,9.085366128549287
4,266,355.8636363636364,air,88,4,266,air,31277584,3,7.49523319911954
4,267,328.25,was,88,4,267,was,1140172617,3,9.056970606543045
4,268,341.4318181818182,full,88,4,268,full,39841263,4,7.600333097453378
4,269,330.08045977011494,of,87,4,269,of,6162371881,2,9.789747903165104
4,270,303.9431818181818,"dust,",88,4,270,dust,4736167,5,6.675427007460596
4,271,328.2325581395349,and,86,4,271,and,4873010095,3,9.687797311073117
4,272,357.0574712643678,it,87,4,272,it,908536386,2,8.958342325064617
4,273,316.93023255813955,seemed,86,4,273,seemed,29429319,6,7.4687802125595475
4,274,324.64772727272725,as,88,4,274,as,1139819594,2,9.056836118415085
4,275,330.95454545454544,if,88,4,275,if,232130093,2,8.365731445396332
4,276,324.51724137931035,a,87,4,276,a,3213754375,1,9.507012680872096
4,277,324.85227272727275,black,88,4,277,black,34294950,5,7.53523017401941
4,278,373.4651162790698,cloud,86,4,278,cloud,3174456,5,6.501669311851501
4,279,350.95454545454544,were,88,4,279,were,457504590,4,8.660395455564592
4,280,387.3863636363636,floating,88,4,280,floating,2718369,8,6.434308408903684
4,281,346.45454545454544,over,88,4,281,over,162192656,4,8.210031185689672
4,282,307.44827586206895,the,87,4,282,the,9819942513,3,9.992108945387768
4,283,370.06976744186045,field.,86,4,283,field,35280381,6,7.547533266519424
4,284,379.8837209302326,You,86,4,284,You,108628627,3,8.03594429035236
4,285,331.5402298850575,could,87,4,285,could,205904563,5,8.313665971017075
4,286,348.72727272727275,hear,88,4,286,hear,18622526,4,7.270038589290667
4,287,322.8735632183908,the,87,4,287,the,9819942513,3,9.992108945387768
4,288,303.8965517241379,birds,87,4,288,birds,6361699,5,6.803573116872643
4,289,320.367816091954,chirping,87,4,289,chirping,104585,8,5.019469400741885
4,290,345.52272727272725,and,88,4,290,and,4873010095,3,9.687797311073117
4,291,316.1511627906977,flapping,86,4,291,flapping,297204,8,5.4730546501970085
4,292,335.11494252873564,from,87,4,292,from,708532803,4,8.850359961615387
4,293,316.3333333333333,fields,87,4,293,fields,11642665,6,7.066052401475436
4,294,347.5,that,88,4,294,that,1746480437,4,9.24216372530116
4,295,324.264367816092,were,87,4,295,were,457504590,4,8.660395455564592
4,296,327.98850574712645,miles,87,4,296,miles,14192801,5,7.15206811348423
4,297,363.2988505747126,away.,87,4,297,away,56906743,5,7.7551637299132725
4,298,347.6896551724138,The,87,4,298,The,1217211729,3,9.085366128549287
4,299,328.0919540229885,little,87,4,299,little,78869880,6,7.89691118005035
4,300,361.72727272727275,birds,88,4,300,birds,6361699,5,6.803573116872643
4,301,327.58620689655174,that,87,4,301,that,1746480437,4,9.24216372530116
4,302,333.7093023255814,soon,86,4,302,soon,26497323,4,7.423201999783804
4,303,348.8735632183908,grew,87,4,303,grew,9240118,4,6.9656775173696355
4,304,339.32183908045977,tired,87,4,304,tired,4899147,5,6.690120470754768
4,305,351.6896551724138,fell,87,4,305,fell,12415770,4,7.093973658758182
4,306,348.18390804597703,back,87,4,306,back,107859495,4,8.032858382582713
4,307,352.6860465116279,quickly,86,4,307,quickly,18146835,7,7.258800890424716
4,308,326.0,to,85,4,308,to,4223327232,2,9.62565473275005
4,309,335.5882352941176,earth.,85,4,309,earth,16796169,6,7.225210235780036
4,310,359.2413793103448,The,87,4,310,The,1217211729,3,9.085366128549287
4,311,344.37931034482756,fact,87,4,311,fact,61142902,4,7.786346047616712
4,312,326.2068965517241,that,87,4,312,that,1746480437,4,9.24216372530116
4,313,311.4431818181818,the,88,4,313,the,9819942513,3,9.992108945387768
4,314,343.5,larger,88,4,314,larger,19120633,6,7.281502265756844
4,315,326.04651162790697,ones,86,4,315,ones,16074289,4,7.20613177225221
4,316,334.39080459770116,held,87,4,316,held,35236312,4,7.5469904467926225
4,317,337.6666666666667,out,87,4,317,out,242417228,3,8.384563480838569
4,318,329.4712643678161,"longer,",87,4,318,longer,28040212,7,7.447781292821087
4,319,339.17045454545456,and,88,4,319,and,4873010095,3,9.687797311073117
4,320,343.2386363636364,flew,88,4,320,flew,2656765,4,6.424353141268818
4,321,341.9186046511628,higher,86,4,321,higher,32907416,6,7.517293781382791
4,322,338.8965517241379,and,87,4,322,and,4873010095,3,9.687797311073117
4,323,328.8965517241379,"higher,",87,4,323,higher,32907416,7,7.517293781382791
4,324,353.48275862068965,but,87,4,324,but,422070748,3,8.625385254020305
4,325,320.7613636363636,the,88,4,325,the,9819942513,3,9.992108945387768
4,326,354.0681818181818,eagle,88,4,326,eagle,922318,5,5.964880684431327
4,327,352.2413793103448,flew,87,4,327,flew,2656765,4,6.424353141268818
4,328,349.86206896551727,highest,87,4,328,highest,10194893,7,7.008382672021621
4,329,337.0113636363636,of,88,4,329,of,6162371881,2,9.789747903165104
4,330,384.34090909090907,"any,",88,4,330,any,178544323,4,8.251746045909536
4,331,391.7613636363636,surprised,88,4,331,surprised,5800179,9,6.763441396582368
4,332,380.90909090909093,no,88,4,332,no,236436100,2,8.373713787073193
4,333,404.28409090909093,one.,88,4,333,one,398913374,4,8.600878596743621
4,334,430.0581395348837,Could,86,4,334,Could,3209328,5,6.506414105163608
4,335,377.24418604651163,anyone,86,4,335,anyone,14355821,6,7.157028034559717
4,336,401.2988505747126,stop,87,4,336,stop,16470671,4,7.216711292288234
4,337,340.4886363636364,the,88,4,337,the,9819942513,3,9.992108945387768
4,338,313.0568181818182,eagle,88,4,338,eagle,922318,5,5.964880684431327
4,339,345.7701149425287,that,87,4,339,that,1746480437,4,9.24216372530116
4,340,323.5,seemed,88,4,340,seemed,29429319,6,7.4687802125595475
4,341,315.7386363636364,to,88,4,341,to,4223327232,2,9.62565473275005
4,342,306.1264367816092,be,87,4,342,be,964072174,2,8.984109548007202
4,343,314.9425287356322,flying,87,4,343,flying,4200420,6,6.623292717674763
4,344,327.44827586206895,straight,87,4,344,straight,10602691,8,7.025416104710987
4,345,336.7674418604651,into,86,4,345,into,254637739,4,8.40592276940739
4,346,319.5287356321839,the,87,4,346,the,9819942513,3,9.992108945387768
4,347,360.17045454545456,sun?,88,4,347,sun,12492350,4,7.096644143420737
4,348,367.85057471264366,The,87,4,348,The,1217211729,3,9.085366128549287
4,349,336.88505747126436,other,87,4,349,other,281661595,5,8.449727634289163
4,350,368.17045454545456,birds,88,4,350,birds,6361699,5,6.803573116872643
4,351,313.1931818181818,gave,88,4,351,gave,30520506,4,7.484591729518301
4,352,325.07954545454544,out,88,4,352,out,242417228,3,8.384563480838569
4,353,339.85227272727275,one,88,4,353,one,398913374,3,8.600878596743621
4,354,332.8636363636364,by,88,4,354,by,877228367,2,8.94311266704604
4,355,329.625,one,88,4,355,one,398913374,3,8.600878596743621
4,356,320.29545454545456,and,88,4,356,and,4873010095,3,9.687797311073117
4,357,316.40909090909093,when,88,4,357,when,249000060,4,8.396199451744996
4,358,317.6363636363636,the,88,4,358,the,9819942513,3,9.992108945387768
4,359,321.42045454545456,eagle,88,4,359,eagle,922318,5,5.964880684431327
4,360,328.1136363636364,saw,88,4,360,saw,36746641,3,7.565217646499487
4,361,315.8636363636364,this,88,4,361,this,599554050,4,8.777828340993896
4,362,328.54545454545456,he,88,4,362,he,602878183,2,8.780229567869084
4,363,354.01149425287355,"thought,",87,4,363,thought,64294078,8,7.808170972763039
4,364,350.35227272727275,'What,88,4,364,What,87561320,5,7.9423122999995375
4,365,325.37931034482756,is,87,4,365,is,1780724214,2,9.250596664206503
4,366,313.47727272727275,the,88,4,366,the,9819942513,3,9.992108945387768
4,367,304.95454545454544,use,88,4,367,use,128514875,3,8.108953398146214
4,368,315.5568181818182,of,88,4,368,of,6162371881,2,9.789747903165104
4,369,323.875,flying,88,4,369,flying,4200420,6,6.623292717674763
4,370,331.04545454545456,any,88,4,370,any,178544323,3,8.251746045909536
4,371,345.8390804597701,higher?,87,4,371,higher,32907416,7,7.517293781382791
4,372,386.35227272727275,This,88,4,372,This,229531441,4,8.36084218319599
4,373,358.4318181818182,victory,88,4,373,victory,5565155,7,6.74547726475469
4,374,346.52272727272725,is,88,4,374,is,1780724214,2,9.250596664206503
4,375,333.79545454545456,in,88,4,375,in,3271087682,2,9.514692185610274
4,376,314.41379310344826,the,87,4,376,the,9819942513,3,9.992108945387768
4,377,318.5681818181818,bag,88,4,377,bag,5370600,3,6.730022807512008
4,378,328.10227272727275,and,88,4,378,and,4873010095,3,9.687797311073117
4,379,312.29545454545456,I,88,4,379,I,926120510,1,8.96666750225725
4,380,326.60227272727275,am,88,4,380,am,41836698,2,7.621557400119035
4,381,335.71590909090907,king!',88,4,381,king,13253011,6,7.122314558433405
4,382,373.10227272727275,Then,88,4,382,Then,39430787,4,7.59583544525345
4,383,350.0689655172414,the,87,4,383,the,9819942513,3,9.992108945387768
4,384,343.7386363636364,birds,88,4,384,birds,6361699,5,6.803573116872643
4,385,344.8636363636364,below,88,4,385,below,25562587,5,7.407604803436723
4,386,365.09090909090907,called,88,4,386,called,69300306,6,7.840735152271519
4,387,353.8636363636364,with,88,4,387,with,1110064802,4,9.0453483322367
4,388,323.17045454545456,one,88,4,388,one,398913374,3,8.600878596743621
4,389,358.7386363636364,"accord,",88,4,389,accord,1854166,7,6.2681486131184725
4,390,403.59090909090907,'Come,88,4,390,Come,5454157,5,6.736727635118683
4,391,352.1818181818182,"back,",88,4,391,back,107859495,5,8.032858382582713
4,392,348.375,come,88,4,392,come,69378970,4,7.841227848019203
4,393,336.9318181818182,back!,88,4,393,back,107859495,5,8.032858382582713
4,394,347.2613636363636,It,88,4,394,It,278516683,2,8.444851214295534
4,395,328.71590909090907,is,88,4,395,is,1780724214,2,9.250596664206503
4,396,308.0568181818182,you,88,4,396,you,578117187,3,8.762015880823492
4,397,311.6818181818182,who,88,4,397,who,294018466,3,8.46837460738514
4,398,305.95454545454544,must,88,4,398,must,124852809,4,8.096398317768474
4,399,303.82954545454544,be,88,4,399,be,964072174,2,8.984109548007202
4,400,302.07954545454544,our,88,4,400,our,162647972,3,8.211248652587438
4,401,312.85227272727275,king,88,4,401,king,13253011,4,7.122314558433405
4,402,340.92045454545456,because,88,4,402,because,136741894,7,8.135901590980518
4,403,307.04545454545456,no,88,4,403,no,236436100,2,8.373713787073193
4,404,319.45454545454544,one,88,4,404,one,398913374,3,8.600878596743621
4,405,300.5402298850575,can,87,4,405,can,416290431,3,8.619396428153989
4,406,306.4651162790698,fly,86,4,406,fly,5023580,3,6.7010133227460225
4,407,289.2386363636364,as,88,4,407,as,1139819594,2,9.056836118415085
4,408,309.6136363636364,high,88,4,408,high,78531970,4,7.895046492007248
4,409,299.8488372093023,as,86,4,409,as,1139819594,2,9.056836118415085
4,410,324.01149425287355,you.',87,4,410,you,578117187,5,8.762015880823492
4,411,377.9310344827586,'Except,87,4,411,Except,2137696,7,6.329945944600694
4,412,429.15909090909093,me!',88,4,412,me,196933753,4,8.294320157404627
4,413,406.59090909090907,cried,88,4,413,cried,5416949,5,6.73375474676999
4,414,343.5113636363636,a,88,4,414,a,3213754375,1,9.507012680872096
4,415,337.7325581395349,"shrill,",86,4,415,shrill,416532,7,5.619648371624136
4,416,378.4942528735632,shrill,87,4,416,shrill,416532,6,5.619648371624136
4,417,387.0348837209302,"voice,",86,4,417,voice,26116077,6,7.416907940397497
4,418,361.1931818181818,and,88,4,418,and,4873010095,3,9.687797311073117
4,419,331.82954545454544,out,88,4,419,out,242417228,3,8.384563480838569
4,420,312.0,of,87,4,420,of,6162371881,2,9.789747903165104
4,421,308.7241379310345,the,87,4,421,the,9819942513,3,9.992108945387768
4,422,303.82758620689657,blue,87,4,422,blue,13285921,4,7.123391665735662
4,423,335.42045454545456,the,88,4,423,the,9819942513,3,9.992108945387768
4,424,356.8636363636364,little,88,4,424,little,78869880,6,7.89691118005035
4,425,326.3488372093023,bird,86,4,425,bird,4823924,4,6.683400456959494
4,426,350.5529411764706,without,85,4,426,without,84166493,7,7.925139231625479
4,427,357.8720930232558,a,86,4,427,a,3213754375,1,9.507012680872096
4,428,338.18390804597703,name,87,4,428,name,51126537,4,7.70864637726156
4,429,352.1034482758621,rose,87,4,429,rose,8709183,4,6.939977416174852
4,430,372.18390804597703,from,87,4,430,from,708532803,4,8.850359961615387
4,431,321.04597701149424,the,87,4,431,the,9819942513,3,9.992108945387768
4,432,341.6551724137931,eagle's,87,4,432,eagle 's,56121,7,4.749125400963105
4,433,362.1136363636364,"back,",88,4,433,back,107859495,5,8.032858382582713
4,434,359.79545454545456,where,88,4,434,where,136128991,5,8.133950625501162
4,435,374.5113636363636,he,88,4,435,he,602878183,2,8.780229567869084
4,436,322.7241379310345,had,87,4,436,had,537932901,3,8.730728107371226
4,437,341.35632183908046,lain,87,4,437,lain,396508,4,5.598251954127281
4,438,362.3333333333333,hidden,87,4,438,hidden,6412449,6,6.807023924068153
4,439,351.95348837209303,in,86,4,439,in,3271087682,2,9.514692185610274
4,440,341.5402298850575,the,87,4,440,the,9819942513,3,9.992108945387768
4,441,340.5977011494253,feathers.,87,4,441,feathers,1311688,9,6.11783054541146
4,442,365.28409090909093,His,88,4,442,His,52032654,3,7.716275978272724
4,443,366.75,guile,88,4,443,guile,119870,5,5.078710505328276
4,444,392.80898876404495,was,89,4,444,was,1140172617,3,9.056970606543045
4,445,355.46067415730334,the,89,4,445,the,9819942513,3,9.992108945387768
4,446,326.39080459770116,ace,87,4,446,ace,369113,3,5.56715934112858
4,447,372.1931818181818,up,88,4,447,up,232348461,2,8.366139800200205
4,448,368.8181818181818,his,88,4,448,his,632876249,3,8.80131879748875
4,449,389.91954022988506,"sleeve,",87,4,449,sleeve,990393,7,5.995807562136345
4,450,421.67816091954023,and,87,4,450,and,4873010095,3,9.687797311073117
4,451,359.5057471264368,he,87,4,451,he,602878183,2,8.780229567869084
4,452,373.85057471264366,laughed,87,4,452,laughed,5955735,7,6.774935365608331
4,453,339.13793103448273,to,87,4,453,to,4223327232,2,9.62565473275005
4,454,351.2413793103448,himself,87,4,454,himself,51056413,7,7.708050299911476
4,455,361.21590909090907,at,88,4,455,at,654432238,2,8.815864684979672
4,456,323.5113636363636,how,88,4,456,how,128607031,3,8.109264712297628
4,457,326.5581395348837,easy,86,4,457,easy,18267075,4,7.261669011881388
4,458,313.4318181818182,it,88,4,458,it,908536386,2,8.958342325064617
4,459,300.57954545454544,had,88,4,459,had,537932901,3,8.730728107371226
4,460,312.7816091954023,been,87,4,460,been,310806848,4,8.492490579034436
4,461,306.04597701149424,to,87,4,461,to,4223327232,2,9.62565473275005
4,462,319.7586206896552,outwit,87,4,462,outwit,67587,6,4.829863169740416
4,463,331.85057471264366,the,87,4,463,the,9819942513,3,9.992108945387768
4,464,328.04651162790697,other,86,4,464,other,281661595,5,8.449727634289163
4,465,311.3636363636364,birds.,88,4,465,birds,6361699,6,6.803573116872643
4,466,358.89772727272725,Higher,88,4,466,Higher,2286590,6,6.359188299849279
4,467,329.2386363636364,and,88,4,467,and,4873010095,3,9.687797311073117
4,468,317.78409090909093,higher,88,4,468,higher,32907416,6,7.517293781382791
4,469,319.42045454545456,he,88,4,469,he,602878183,2,8.780229567869084
4,470,323.7701149425287,"mounted,",87,4,470,mounted,3327156,8,6.522073164064151
4,471,384.2068965517241,until,87,4,471,until,54630510,5,7.737435254864791
4,472,345.4367816091954,he,87,4,472,he,602878183,2,8.780229567869084
4,473,349.4712643678161,was,87,4,473,was,1140172617,3,9.056970606543045
4,474,315.65909090909093,lost,88,4,474,lost,24735186,4,7.393315180456009
4,475,320.47727272727275,to,88,4,475,to,4223327232,2,9.62565473275005
4,476,323.2386363636364,"sight,",88,4,476,sight,9606496,6,6.982565006256923
4,477,344.7613636363636,and,88,4,477,and,4873010095,3,9.687797311073117
4,478,327.46590909090907,then,88,4,478,then,161019392,4,8.206878182438311
4,479,352.32183908045977,folding,87,4,479,folding,981146,7,5.991733637631189
4,480,359.0681818181818,his,88,4,480,his,632876249,3,8.80131879748875
4,481,352.41379310344826,wings,87,4,481,wings,3132856,5,6.495940433233877
4,482,353.7471264367816,"together,",87,4,482,together,43957560,9,7.643033577565246
4,483,367.51724137931035,he,87,4,483,he,602878183,2,8.780229567869084
4,484,346.9655172413793,sank,87,4,484,sank,1447624,4,6.160655774616573
4,485,348.0689655172414,to,87,4,485,to,4223327232,2,9.62565473275005
4,486,345.01149425287355,earth,87,4,486,earth,16796169,5,7.225210235780036
4,487,360.6363636363636,crying,88,4,487,crying,3000627,6,6.477212012782493
4,488,387.09090909090907,"shrilly,",88,4,488,shrilly,45559,8,4.6585741829389296
4,489,356.78409090909093,'I,88,4,489,I,926120510,2,8.96666750225725
4,490,324.53409090909093,am,88,4,490,am,41836698,2,7.621557400119035
4,491,318.6136363636364,"king,",88,4,491,king,13253011,5,7.122314558433405
4,492,330.14942528735634,I,87,4,492,I,926120510,1,8.96666750225725
4,493,314.3181818181818,am,88,4,493,am,41836698,2,7.621557400119035
4,494,311.8181818181818,king!',88,4,494,king,13253011,6,7.122314558433405
4,495,342.67045454545456,The,88,4,495,The,1217211729,3,9.085366128549287
4,496,335.1136363636364,eagle,88,4,496,eagle,922318,5,5.964880684431327
4,497,331.875,tricked,88,4,497,tricked,231363,7,5.364293906989777
4,498,377.0113636363636,by,88,4,498,by,877228367,2,8.94311266704604
4,499,357.8181818181818,the,88,4,499,the,9819942513,3,9.992108945387768
4,500,344.2068965517241,little,87,4,500,little,78869880,6,7.89691118005035
4,501,300.86206896551727,bird,87,4,501,bird,4823924,4,6.683400456959494
4,502,316.10227272727275,had,88,4,502,had,537932901,3,8.730728107371226
4,503,306.5681818181818,not,88,4,503,not,1006314753,3,9.002733839677335
4,504,313.3636363636364,sensed,88,4,504,sensed,1424388,6,6.153628306229585
4,505,319.8735632183908,the,87,4,505,the,9819942513,3,9.992108945387768
4,506,343.7931034482759,bird,87,4,506,bird,4823924,4,6.683400456959494
4,507,325.9425287356322,in,87,4,507,in,3271087682,2,9.514692185610274
4,508,313.6931818181818,his,88,4,508,his,632876249,3,8.80131879748875
4,509,311.82954545454544,feathers,88,4,509,feathers,1311688,8,6.11783054541146
4,510,337.09090909090907,and,88,4,510,and,4873010095,3,9.687797311073117
4,511,334.0568181818182,so,88,4,511,so,252284174,2,8.401890007711213
4,512,323.82954545454544,had,88,4,512,had,537932901,3,8.730728107371226
4,513,331.6931818181818,not,88,4,513,not,1006314753,3,9.002733839677335
4,514,324.9655172413793,at,87,4,514,at,654432238,2,8.815864684979672
4,515,317.9318181818182,all,88,4,515,all,374139462,3,8.573033517406971
4,516,315.59302325581393,expected,86,4,516,expected,21880269,8,7.340052656989432
4,517,319.2298850574713,the,87,4,517,the,9819942513,3,9.992108945387768
4,518,343.60919540229884,bird,87,4,518,bird,4823924,4,6.683400456959494
4,519,348.3103448275862,to,87,4,519,to,4223327232,2,9.62565473275005
4,520,304.0348837209302,come,86,4,520,come,69378970,4,7.841227848019203
4,521,357.9431818181818,flying,88,4,521,flying,4200420,6,6.623292717674763
4,522,321.7931034482759,out,87,4,522,out,242417228,3,8.384563480838569
4,523,315.3863636363636,like,88,4,523,like,167991828,4,8.225288155887608
4,524,330.5057471264368,that.,87,4,524,that,1746480437,5,9.24216372530116
4,525,393.64367816091954,The,87,4,525,The,1217211729,3,9.085366128549287
4,526,332.367816091954,birds,87,4,526,birds,6361699,5,6.803573116872643
4,527,324.01149425287355,back,87,4,527,back,107859495,4,8.032858382582713
4,528,317.75581395348837,on,86,4,528,on,993594775,2,8.99720929902148
4,529,348.8965517241379,earth,87,4,529,earth,16796169,5,7.225210235780036
4,530,336.41379310344826,were,87,4,530,were,457504590,4,8.660395455564592
4,531,307.5113636363636,all,88,4,531,all,374139462,3,8.573033517406971
4,532,315.42045454545456,up,88,4,532,up,232348461,2,8.366139800200205
4,533,325.96629213483146,in,89,4,533,in,3271087682,2,9.514692185610274
4,534,351.5232558139535,arms.,86,4,534,arms,15980830,5,7.20359933161496
4,535,359.0681818181818,"'You,",88,4,535,You,108628627,5,8.03594429035236
4,536,336.98850574712645,and,87,4,536,and,4873010095,3,9.687797311073117
4,537,354.46590909090907,not,88,4,537,not,1006314753,3,9.002733839677335
4,538,381.6666666666667,the,87,4,538,the,9819942513,3,9.992108945387768
4,539,390.9080459770115,"eagle,",87,4,539,eagle,922318,6,5.964880684431327
4,540,431.735632183908,our,87,4,540,our,162647972,3,8.211248652587438
4,541,413.28409090909093,king?',88,4,541,king,13253011,6,7.122314558433405
4,542,435.3333333333333,the,87,4,542,the,9819942513,3,9.992108945387768
4,543,384.0,birds,87,4,543,birds,6361699,5,6.803573116872643
4,544,339.78409090909093,"cried,",88,4,544,cried,5416949,6,6.73375474676999
4,545,370.67045454545456,fuming,88,4,545,fuming,101601,6,5.0068979824788515
4,546,365.04545454545456,with,88,4,546,with,1110064802,4,9.0453483322367
4,547,348.2093023255814,anger.,86,4,547,anger,6714851,6,6.827036380281616
4,548,365.95402298850576,'You,87,4,548,You,108628627,4,8.03594429035236
4,549,367.735632183908,have,87,4,549,have,593092485,4,8.773122421177646
4,550,360.17241379310343,done,87,4,550,done,40695923,4,7.609550902903553
4,551,340.71264367816093,this,87,4,551,this,599554050,4,8.777828340993896
4,552,321.2068965517241,by,87,4,552,by,877228367,2,8.94311266704604
4,553,341.54545454545456,breaking,88,4,553,breaking,4739864,8,6.675765880725375
4,554,352.8837209302326,every,86,4,554,every,63144706,5,7.800336945526913
4,555,338.3103448275862,rule,87,4,555,rule,22483902,4,7.351871683676941
4,556,316.4186046511628,in,86,4,556,in,3271087682,2,9.514692185610274
4,557,303.01149425287355,the,87,4,557,the,9819942513,3,9.992108945387768
4,558,354.02298850574715,"book,",87,4,558,book,49033521,5,7.690493080192269
4,559,349.1818181818182,so,88,4,559,so,252284174,2,8.401890007711213
4,560,313.2528735632184,we,87,4,560,we,340770885,2,8.532462482151033
4,561,326.95454545454544,will,88,4,561,will,314222543,4,8.497237339040392
4,562,315.35632183908046,not,87,4,562,not,1006314753,3,9.002733839677335
4,563,299.4942528735632,have,87,4,563,have,593092485,4,8.773122421177646
4,564,303.0574712643678,"you,",87,4,564,you,578117187,4,8.762015880823492
4,565,336.2183908045977,who,87,4,565,who,294018466,3,8.46837460738514
4,566,348.59302325581393,are,86,4,566,are,817391287,3,8.912430004028879
4,567,350.3837209302326,simply,86,4,567,simply,28445238,6,7.454009571840977
4,568,384.40909090909093,tricky,88,4,568,tricky,550618,6,5.740850404610702
4,569,364.7386363636364,and,88,4,569,and,4873010095,3,9.687797311073117
4,570,360.35227272727275,"cunning,",88,4,570,cunning,777409,8,5.890649564115819
4,571,355.34090909090907,to,88,4,571,to,4223327232,2,9.62565473275005
4,572,331.82954545454544,reign,88,4,572,reign,2920841,5,6.46550791619913
4,573,344.08045977011494,over,87,4,573,over,162192656,4,8.210031185689672
4,574,330.2413793103448,us.',87,4,574,us,108913586,4,8.037082057504254
4,575,348.25882352941176,The,85,4,575,The,1217211729,3,9.085366128549287
4,576,342.4712643678161,bird,87,4,576,bird,4823924,4,6.683400456959494
4,577,336.4418604651163,without,86,4,577,without,84166493,7,7.925139231625479
4,578,343.04545454545456,a,88,4,578,a,3213754375,1,9.507012680872096
4,579,325.875,name,88,4,579,name,51126537,4,7.70864637726156
4,580,331.34090909090907,then,88,4,580,then,161019392,4,8.206878182438311
4,581,335.8720930232558,decided,86,4,581,decided,17207383,7,7.235714825290881
4,582,317.11494252873564,to,87,4,582,to,4223327232,2,9.62565473275005
4,583,339.3837209302326,clear,86,4,583,clear,35415613,5,7.5491947632941825
4,584,326.32183908045977,the,87,4,584,the,9819942513,3,9.992108945387768
4,585,315.85057471264366,air,87,4,585,air,31277584,3,7.49523319911954
4,586,342.8965517241379,and,87,4,586,and,4873010095,3,9.687797311073117
4,587,332.125,"said,",88,4,587,said,171981082,5,8.235480676937357
4,588,380.264367816092,'Then,87,4,588,Then,39430787,5,7.59583544525345
4,589,360.7613636363636,let,88,4,589,let,35077105,3,7.545023742778182
4,590,355.3636363636364,everyone,88,4,590,everyone,14473465,8,7.160572515240288
4,591,351.95402298850576,start,87,4,591,start,21599088,5,7.334435413885683
4,592,349.89772727272725,with,88,4,592,with,1110064802,4,9.0453483322367
4,593,334.29545454545456,a,88,4,593,a,3213754375,1,9.507012680872096
4,594,356.79545454545456,clean,88,4,594,clean,8058996,5,6.906280940214595
4,595,350.0581395348837,slate,86,4,595,slate,643177,5,5.808330505653826
4,596,359.1363636363636,and,88,4,596,and,4873010095,3,9.687797311073117
4,597,339.3636363636364,perform,88,4,597,perform,10367531,7,7.015675342623836
4,598,342.0344827586207,a,87,4,598,a,3213754375,1,9.507012680872096
4,599,335.4318181818182,new,88,4,599,new,140488451,3,8.147640624076509
4,600,360.90697674418607,challenging,86,4,600,challenging,3000097,11,6.4771352966809
4,601,398.5,task.,88,4,601,task,17857915,5,7.251830751481209
4,602,401.2906976744186,Then,86,4,602,Then,39430787,4,7.59583544525345
4,603,378.60227272727275,we,88,4,603,we,340770885,2,8.532462482151033
4,604,342.0568181818182,can,88,4,604,can,416290431,3,8.619396428153989
4,605,330.264367816092,decide,87,4,605,decide,8384940,6,6.923499959278164
4,606,320.04545454545456,who,88,4,606,who,294018466,3,8.46837460738514
4,607,305.65909090909093,should,88,4,607,should,157257237,6,8.196610640869892
4,608,315.60227272727275,be,88,4,608,be,964072174,2,8.984109548007202
4,609,308.4886363636364,the,88,4,609,the,9819942513,3,9.992108945387768
4,610,326.28409090909093,real,88,4,610,real,40475381,4,7.60719094551482
4,611,314.5,king.',88,4,611,king,13253011,6,7.122314558433405
4,612,346.86206896551727,Then,87,4,612,Then,39430787,4,7.59583544525345
4,613,320.22727272727275,the,88,4,613,the,9819942513,3,9.992108945387768
4,614,308.39772727272725,birds,88,4,614,birds,6361699,5,6.803573116872643
4,615,319.06976744186045,gathered,86,4,615,gathered,5394781,8,6.731973819283618
4,616,314.2298850574713,together,87,4,616,together,43957560,8,7.643033577565246
4,617,319.67816091954023,again,87,4,617,again,64543110,5,7.80984988798604
4,618,317.95454545454544,and,88,4,618,and,4873010095,3,9.687797311073117
4,619,314.84090909090907,decided,88,4,619,decided,17207383,7,7.235714825290881
4,620,322.5681818181818,the,88,4,620,the,9819942513,3,9.992108945387768
4,621,308.32954545454544,case,88,4,621,case,83294081,4,7.92061414089813
4,622,331.875,would,88,4,622,would,319551796,5,8.504541262788026
4,623,312.8390804597701,be,87,4,623,be,964072174,2,8.984109548007202
4,624,325.632183908046,resolved,87,4,624,resolved,4207260,8,6.62399935135054
4,625,355.5581395348837,by,86,4,625,by,877228367,2,8.94311266704604
4,626,320.632183908046,making,87,4,626,making,44514896,6,7.648505363072627
4,627,304.8068181818182,a,88,4,627,a,3213754375,1,9.507012680872096
4,628,308.4318181818182,new,88,4,628,new,140488451,3,8.147640624076509
4,629,372.0574712643678,"condition,",87,4,629,condition,20353662,10,7.308642558195843
4,630,339.78409090909093,which,88,4,630,which,508000647,5,8.705864265410595
4,631,360.75,was,88,4,631,was,1140172617,3,9.056970606543045
4,632,305.52272727272725,that,88,4,632,that,1746480437,4,9.24216372530116
4,633,315.42045454545456,he,88,4,633,he,602878183,2,8.780229567869084
4,634,351.0344827586207,should,87,4,634,should,157257237,6,8.196610640869892
4,635,318.5977011494253,be,87,4,635,be,964072174,2,8.984109548007202
4,636,337.67816091954023,king,87,4,636,king,13253011,4,7.122314558433405
4,637,401.1954022988506,who,87,4,637,who,294018466,3,8.46837460738514
4,638,341.3333333333333,could,87,4,638,could,205904563,5,8.313665971017075
4,639,366.15909090909093,go,88,4,639,go,74237337,2,7.870622384722818
4,640,341.34090909090907,the,88,4,640,the,9819942513,3,9.992108945387768
4,641,365.8636363636364,deepest,88,4,641,deepest,1323712,7,6.121793505937306
4,642,371.04545454545456,into,88,4,642,into,254637739,4,8.40592276940739
4,643,371.60227272727275,the,88,4,643,the,9819942513,3,9.992108945387768
4,644,414.9310344827586,earth.,87,4,644,earth,16796169,6,7.225210235780036
4,645,434.9431818181818,So,88,4,645,So,40649409,2,7.6090542357872915
4,646,376.8068181818182,the,88,4,646,the,9819942513,3,9.992108945387768
4,647,339.17045454545456,little,88,4,647,little,78869880,6,7.89691118005035
4,648,333.125,bird,88,4,648,bird,4823924,4,6.683400456959494
4,649,366.9425287356322,who,87,4,649,who,294018466,3,8.46837460738514
4,650,322.57471264367814,the,87,4,650,the,9819942513,3,9.992108945387768
4,651,355.1058823529412,other,85,4,651,other,281661595,5,8.449727634289163
4,652,337.0813953488372,birds,86,4,652,birds,6361699,5,6.803573116872643
4,653,356.5813953488372,despised,86,4,653,despised,764300,8,5.883263859584974
4,654,389.7586206896552,was,87,4,654,was,1140172617,3,9.056970606543045
4,655,371.57471264367814,now,87,4,655,now,112827853,3,8.05241632403567
4,656,358.5348837209302,back,86,4,656,back,107859495,4,8.032858382582713
4,657,334.13793103448273,to,87,4,657,to,4223327232,2,9.62565473275005
4,658,343.08045977011494,square,87,4,658,square,9853529,6,6.993591799100884
4,659,383.53409090909093,one.,88,4,659,one,398913374,4,8.600878596743621
4,660,418.2068965517241,"Confident,",87,4,660,Confident,82439,10,4.916132715068408
4,661,380.0,he,88,4,661,he,602878183,2,8.780229567869084
4,662,369.40909090909093,"remained,",88,4,662,remained,15552573,9,7.1918022484923005
4,663,444.8068181818182,"however,",88,4,663,however,63540861,8,7.803053095367042
4,664,367.8488372093023,that,86,4,664,that,1746480437,4,9.24216372530116
4,665,376.6931818181818,if,88,4,665,if,232130093,2,8.365731445396332
4,666,328.06976744186045,he,86,4,666,he,602878183,2,8.780229567869084
4,667,370.44827586206895,played,87,4,667,played,13062452,6,7.116024707575823
4,668,366.5287356321839,his,87,4,668,his,632876249,3,8.80131879748875
4,669,335.02298850574715,cards,87,4,669,cards,5502348,5,6.740548054192577
4,670,313.8068181818182,"right,",88,4,670,right,91408680,6,7.960987437496594
4,671,316.1931818181818,he,88,4,671,he,602878183,2,8.780229567869084
4,672,310.9655172413793,could,87,4,672,could,205904563,5,8.313665971017075
4,673,312.9318181818182,be,88,4,673,be,964072174,2,8.984109548007202
4,674,304.2386363636364,king.,88,4,674,king,13253011,5,7.122314558433405
4,675,346.79545454545456,How,88,4,675,How,42231777,3,7.625639355757318
4,676,380.4431818181818,the,88,4,676,the,9819942513,3,9.992108945387768
4,677,340.735632183908,goose,87,4,677,goose,594511,5,5.774159894606695
4,678,444.7701149425287,wallowed,87,4,678,wallowed,41412,8,4.617126205339112
4,679,396.3720930232558,in,86,4,679,in,3271087682,2,9.514692185610274
4,680,361.5402298850575,the,87,4,680,the,9819942513,3,9.992108945387768
4,681,349.95454545454544,"sand,",88,4,681,sand,5444594,5,6.735965500228863
4,682,351.84090909090907,and,88,4,682,and,4873010095,3,9.687797311073117
4,683,360.8863636363636,the,88,4,683,the,9819942513,3,9.992108945387768
4,684,323.70454545454544,duck,88,4,684,duck,989240,4,5.995301668777064
4,685,380.96590909090907,strove,88,4,685,strove,448359,6,5.651625891862571
4,686,347.03409090909093,to,88,4,686,to,4223327232,2,9.62565473275005
4,687,332.95454545454544,dig,88,4,687,dig,1306987,3,6.116271267874085
4,688,320.60227272727275,a,88,4,688,a,3213754375,1,9.507012680872096
4,689,337.95454545454544,hole,88,4,689,hole,5831470,4,6.765778045739444
4,690,323.5977011494253,for,87,4,690,for,1388290219,3,9.14248026391068
4,691,318.7586206896552,the,87,4,691,the,9819942513,3,9.992108945387768
4,692,325.66279069767444,new,86,4,692,new,140488451,3,8.147640624076509
4,693,370.264367816092,task!,87,4,693,task,17857915,5,7.251830751481209
4,694,380.3863636363636,All,88,4,694,All,45246223,3,7.65558233163579
4,695,330.1136363636364,the,88,4,695,the,9819942513,3,9.992108945387768
4,696,307.9080459770115,other,87,4,696,other,281661595,5,8.449727634289163
4,697,315.0113636363636,birds,88,4,697,birds,6361699,5,6.803573116872643
4,698,319.7386363636364,tried,88,4,698,tried,20190743,5,7.3051523008585875
4,699,321.6292134831461,to,89,4,699,to,4223327232,2,9.62565473275005
4,700,310.28735632183907,hide,87,4,700,hide,4034362,4,6.605774864513551
4,701,340.34090909090907,themselves,88,4,701,themselves,41765392,10,7.620816561945348
4,702,343.04597701149424,in,87,4,702,in,3271087682,2,9.514692185610274
4,703,324.1363636363636,the,88,4,703,the,9819942513,3,9.992108945387768
4,704,317.77272727272725,"ground,",88,4,704,ground,25370252,7,7.4043247810438
4,705,326.75,"too,",88,4,705,too,82143809,4,7.9145748371751425
4,706,339.46590909090907,until,88,4,706,until,54630510,5,7.737435254864791
4,707,341.32954545454544,they,88,4,707,they,418953705,4,8.622166035439204
4,708,313.1264367816092,were,87,4,708,were,457504590,4,8.660395455564592
4,709,361.8068181818182,practically,88,4,709,practically,3117106,11,6.493751571103384
4,710,340.438202247191,blue,89,4,710,blue,13285921,4,7.123391665735662
4,711,333.3863636363636,in,88,4,711,in,3271087682,2,9.514692185610274
4,712,325.10227272727275,the,88,4,712,the,9819942513,3,9.992108945387768
4,713,338.7386363636364,face.,88,4,713,face,45765806,5,7.660541115300077
4,714,353.3103448275862,The,87,4,714,The,1217211729,3,9.085366128549287
4,715,331.1931818181818,nameless,88,4,715,nameless,315375,8,5.498827263525631
4,716,354.9438202247191,little,89,4,716,little,78869880,6,7.89691118005035
4,717,321.6363636363636,bird,88,4,717,bird,4823924,4,6.683400456959494
4,718,327.95454545454544,that,88,4,718,that,1746480437,4,9.24216372530116
4,719,335.02272727272725,was,88,4,719,was,1140172617,3,9.056970606543045
4,720,320.39772727272725,as,88,4,720,as,1139819594,2,9.056836118415085
4,721,327.01149425287355,bold,87,4,721,bold,2562505,4,6.4086647214668515
4,722,333.13793103448273,as,87,4,722,as,1139819594,2,9.056836118415085
4,723,323.90697674418607,brass,86,4,723,brass,1608799,5,6.206501787639271
4,724,344.02298850574715,found,87,4,724,found,84394374,5,7.9263134961257276
4,725,329.4886363636364,a,88,4,725,a,3213754375,1,9.507012680872096
4,726,320.4431818181818,pitch,88,4,726,pitch,3008689,5,6.478377298220535
4,727,345.5113636363636,dark,88,4,727,dark,17668371,4,7.2471965099864635
4,728,390.53409090909093,mouse's,88,4,728,mouse 's,21613,7,4.334715053464358
4,729,448.29213483146066,"hole,",89,4,729,hole,5831470,5,6.765778045739444
4,730,398.54545454545456,and,88,4,730,and,4873010095,3,9.687797311073117
4,731,428.07954545454544,creeping,88,4,731,creeping,620140,8,5.79248974492381
4,732,362.59090909090907,in,88,4,732,in,3271087682,2,9.514692185610274
4,733,371.34831460674155,"cried,",89,4,733,cried,5416949,6,6.73375474676999
4,734,401.5280898876405,'I,89,4,734,I,926120510,2,8.96666750225725
4,735,347.1011235955056,am,89,4,735,am,41836698,2,7.621557400119035
4,736,335.90909090909093,"king,",88,4,736,king,13253011,5,7.122314558433405
4,737,341.9550561797753,I,89,4,737,I,926120510,1,8.96666750225725
4,738,319.47727272727275,am,88,4,738,am,41836698,2,7.621557400119035
4,739,321.03409090909093,king!',88,4,739,king,13253011,6,7.122314558433405
4,740,326.0449438202247,but,89,4,740,but,422070748,3,8.625385254020305
4,741,320.2613636363636,it,88,4,741,it,908536386,2,8.958342325064617
4,742,329.4719101123595,was,89,4,742,was,1140172617,3,9.056970606543045
4,743,294.64772727272725,of,88,4,743,of,6162371881,2,9.789747903165104
4,744,305.1931818181818,no,88,4,744,no,236436100,2,8.373713787073193
4,745,352.22727272727275,avail.,88,4,745,avail,858069,6,5.933522212224435
4,746,352.5681818181818,"'You,",88,4,746,You,108628627,5,8.03594429035236
4,747,345.9325842696629,our,89,4,747,our,162647972,3,8.211248652587438
4,748,388.52272727272725,king?',88,4,748,king,13253011,6,7.122314558433405
4,749,359.3863636363636,all,88,4,749,all,374139462,3,8.573033517406971
4,750,345.0113636363636,the,88,4,750,the,9819942513,3,9.992108945387768
4,751,312.90909090909093,remaining,88,4,751,remaining,8938882,9,6.951283204300034
4,752,328.9318181818182,birds,88,4,752,birds,6361699,5,6.803573116872643
4,753,314.8181818181818,who,88,4,753,who,294018466,3,8.46837460738514
4,754,301.82954545454544,the,88,4,754,the,9819942513,3,9.992108945387768
4,755,307.64772727272725,littlest,88,4,755,littlest,30873,8,4.4895788329204365
4,756,312.46590909090907,bird,88,4,756,bird,4823924,4,6.683400456959494
4,757,330.3258426966292,had,89,4,757,had,537932901,3,8.730728107371226
4,758,332.11494252873564,outwitted,87,4,758,outwitted,48600,9,4.686636269262293
4,759,382.5057471264368,cried,87,4,759,cried,5416949,5,6.73375474676999
4,760,356.96590909090907,"again,",88,4,760,again,64543110,6,7.80984988798604
4,761,352.02272727272725,even,88,4,761,even,130943090,4,8.117082585204544
4,762,325.4318181818182,more,88,4,762,more,329429635,4,8.517762665076773
4,763,322.8068181818182,angrily,88,4,763,angrily,807887,7,5.9073506197988435
4,764,324.65909090909093,than,88,4,764,than,248883542,4,8.395996178830753
4,765,333.3181818181818,before.,88,4,765,before,114226587,7,8.0577672006131
4,766,344.7701149425287,'Do,87,4,766,Do,33048543,3,7.5191523176489445
4,767,326.5730337078652,you,89,4,767,you,578117187,3,8.762015880823492
4,768,305.03409090909093,think,88,4,768,think,67200350,5,7.8273715349983615
4,769,298.92045454545456,we,88,4,769,we,340770885,2,8.532462482151033
4,770,304.41379310344826,would,87,4,770,would,319551796,5,8.504541262788026
4,771,325.72727272727275,reward,88,4,771,reward,3549720,6,6.550194097491495
4,772,305.75,your,88,4,772,your,205261264,4,8.312306998964765
4,773,320.60227272727275,cunning,88,4,773,cunning,777409,7,5.890649564115819
4,774,323.3068181818182,in,88,4,774,in,3271087682,2,9.514692185610274
4,775,311.2386363636364,this,88,4,775,this,599554050,4,8.777828340993896
4,776,318.35227272727275,way?,88,4,776,way,133443039,4,8.125295923925421
4,777,332.4597701149425,"No,",87,4,777,No,46414615,3,7.666654752417921
4,778,334.57471264367814,no!,87,4,778,no,236436100,3,8.373713787073193
4,779,351.375,You,88,4,779,You,108628627,3,8.03594429035236
4,780,326.82954545454544,shall,88,4,780,shall,44913437,5,7.652376290712226
4,781,304.3863636363636,stay,88,4,781,stay,15085046,4,7.178546638840852
4,782,312.20454545454544,in,88,4,782,in,3271087682,2,9.514692185610274
4,783,293.81609195402297,the,87,4,783,the,9819942513,3,9.992108945387768
4,784,300.22727272727275,earth,88,4,784,earth,16796169,5,7.225210235780036
4,785,303.35227272727275,till,88,4,785,till,7643652,4,6.883300906284588
4,786,308.01149425287355,you,87,4,786,you,578117187,3,8.762015880823492
4,787,314.59090909090907,die,88,4,787,die,17676334,3,7.247392199101306
4,788,317.4712643678161,of,87,4,788,of,6162371881,2,9.789747903165104
4,789,326.27272727272725,hunger!',88,4,789,hunger,2292323,8,6.360275811914161
4,790,379.5681818181818,So,88,4,790,So,40649409,2,7.6090542357872915
4,791,318.8863636363636,they,88,4,791,they,418953705,4,8.622166035439204
4,792,301.632183908046,shut,87,4,792,shut,4903290,4,6.690487579902353
4,793,298.4022988505747,up,87,4,793,up,232348461,2,8.366139800200205
4,794,334.70454545454544,the,88,4,794,the,9819942513,3,9.992108945387768
4,795,311.42528735632186,little,87,4,795,little,78869880,6,7.89691118005035
4,796,301.625,bird,88,4,796,bird,4823924,4,6.683400456959494
4,797,320.48275862068965,in,87,4,797,in,3271087682,2,9.514692185610274
4,798,307.0689655172414,the,87,4,798,the,9819942513,3,9.992108945387768
4,799,318.0344827586207,mouse's,87,4,799,mouse 's,21613,7,4.334715053464358
4,800,336.20454545454544,hole,88,4,800,hole,5831470,4,6.765778045739444
4,801,328.9310344827586,that,87,4,801,that,1746480437,4,9.24216372530116
4,802,331.57954545454544,the,88,4,802,the,9819942513,3,9.992108945387768
4,803,354.48275862068965,mouse,87,4,803,mouse,3954755,5,6.597119583802382
4,804,360.40909090909093,gave,88,4,804,gave,30520506,4,7.484591729518301
4,805,368.367816091954,up,87,4,805,up,232348461,2,8.366139800200205
4,806,392.2068965517241,most,87,4,806,most,165240742,4,8.21811713647268
4,807,431.72093023255815,"unwillingly,",86,4,807,unwillingly,146941,12,5.167142991088895
4,808,455.37931034482756,and,87,4,808,and,4873010095,3,9.687797311073117
4,809,366.49411764705883,bade,85,4,809,bade,451170,4,5.654340214052379
4,810,342.89772727272725,the,88,4,810,the,9819942513,3,9.992108945387768
4,811,346.367816091954,owl,87,4,811,owl,564219,3,5.75144770687468
4,812,379.20454545454544,watch,88,4,812,watch,9577111,5,6.981234520980419
4,813,384.8181818181818,him,88,4,813,him,230330497,3,8.362351444703018
4,814,394.27272727272725,carefully,88,4,814,carefully,10230063,9,7.009878308244723
4,815,362.8181818181818,night,88,4,815,night,37510529,5,7.574153188921742
4,816,369.9080459770115,and,87,4,816,and,4873010095,3,9.687797311073117
4,817,359.2183908045977,day.,87,4,817,day,88338993,4,7.946152444310691
4,818,383.95402298850576,Then,87,4,818,Then,39430787,4,7.59583544525345
4,819,374.08045977011494,all,87,4,819,all,374139462,3,8.573033517406971
4,820,329.8390804597701,the,87,4,820,the,9819942513,3,9.992108945387768
4,821,315.3720930232558,birds,86,4,821,birds,6361699,5,6.803573116872643
4,822,315.5348837209302,went,86,4,822,went,48598135,4,7.686619603115173
4,823,304.84090909090907,home,88,4,823,home,58425147,4,7.7665998137678764
4,824,313.96590909090907,to,88,4,824,to,4223327232,2,9.62565473275005
4,825,313.8735632183908,"bed,",87,4,825,bed,17264116,4,7.2371443454337525
4,826,313.6860465116279,for,86,4,826,for,1388290219,3,9.14248026391068
4,827,293.1136363636364,they,88,4,827,they,418953705,4,8.622166035439204
4,828,311.3448275862069,were,87,4,828,were,457504590,4,8.660395455564592
4,829,322.2906976744186,very,86,4,829,very,134366972,4,8.128292530318264
4,830,329.11494252873564,"tired,",87,4,830,tired,4899147,6,6.690120470754768
4,831,317.3255813953488,but,86,4,831,but,422070748,3,8.625385254020305
4,832,328.6818181818182,the,88,4,832,the,9819942513,3,9.992108945387768
4,833,317.40909090909093,owl,88,4,833,owl,564219,3,5.75144770687468
4,834,344.08045977011494,assigned,87,4,834,assigned,7404078,8,6.869470985282265
4,835,324.64772727272725,by,88,4,835,by,877228367,2,8.94311266704604
4,836,334.875,the,88,4,836,the,9819942513,3,9.992108945387768
4,837,322.14772727272725,birds,88,4,837,birds,6361699,5,6.803573116872643
4,838,304.04545454545456,to,88,4,838,to,4223327232,2,9.62565473275005
4,839,312.42528735632186,stand,87,4,839,stand,15695998,5,7.195788934697633
4,840,306.5,guard,88,4,840,guard,5217577,5,6.717468867019399
4,841,314.59302325581393,found,86,4,841,found,84394374,5,7.9263134961257276
4,842,316.29545454545456,his,88,4,842,his,632876249,3,8.80131879748875
4,843,300.97727272727275,job,88,4,843,job,25803539,3,7.41167927428756
4,844,311.7241379310345,was,87,4,844,was,1140172617,3,9.056970606543045
4,845,324.63953488372096,lonely,86,4,845,lonely,2129873,6,6.328353708113117
4,846,323.13953488372096,and,86,4,846,and,4873010095,3,9.687797311073117
4,847,340.6046511627907,wearisome,86,4,847,wearisome,92378,9,4.965568555460146
4,848,366.0919540229885,because,87,4,848,because,136741894,7,8.135901590980518
4,849,327.6860465116279,he,86,4,849,he,602878183,2,8.780229567869084
4,850,320.70454545454544,was,88,4,850,was,1140172617,3,9.056970606543045
4,851,307.3953488372093,just,86,4,851,just,113263289,4,8.054089168749202
4,852,296.2528735632184,sitting,87,4,852,sitting,10039381,7,7.0017069362580315
4,853,307.2528735632184,alone,87,4,853,alone,24587884,5,7.390721155551848
4,854,326.4712643678161,staring,87,4,854,staring,2907063,7,6.463454443623158
4,855,328.1931818181818,at,88,4,855,at,654432238,2,8.815864684979672
4,856,315.2674418604651,the,86,4,856,the,9819942513,3,9.992108945387768
4,857,318.3103448275862,mouse's,87,4,857,mouse 's,21613,7,4.334715053464358
4,858,330.6279069767442,hole.,86,4,858,hole,5831470,5,6.765778045739444
4,859,336.55172413793105,'I,87,4,859,I,926120510,2,8.96666750225725
4,860,316.60919540229884,can,87,4,860,can,416290431,3,8.619396428153989
4,861,322.14942528735634,close,87,4,861,close,31505401,5,7.498385011676235
4,862,325.6823529411765,one,85,4,862,one,398913374,3,8.600878596743621
4,863,328.3720930232558,eye,86,4,863,eye,15763611,3,7.197655709203086
4,864,334.4942528735632,and,87,4,864,and,4873010095,3,9.687797311073117
4,865,325.98850574712645,watch,87,4,865,watch,9577111,5,6.981234520980419
4,866,319.2613636363636,with,88,4,866,with,1110064802,4,9.0453483322367
4,867,319.6136363636364,the,88,4,867,the,9819942513,3,9.992108945387768
4,868,322.97701149425285,"other,'",87,4,868,other,281661595,7,8.449727634289163
4,869,343.54545454545456,he,88,4,869,he,602878183,2,8.780229567869084
4,870,321.7701149425287,thought.,87,4,870,thought,64294078,8,7.808170972763039
4,871,341.2674418604651,So,86,4,871,So,40649409,2,7.6090542357872915
4,872,311.125,he,88,4,872,he,602878183,2,8.780229567869084
4,873,294.5057471264368,closed,87,4,873,closed,13604408,6,7.133679648068944
4,874,311.6818181818182,one,88,4,874,one,398913374,3,8.600878596743621
4,875,296.5057471264368,eye,87,4,875,eye,15763611,3,7.197655709203086
4,876,309.10227272727275,and,88,4,876,and,4873010095,3,9.687797311073117
4,877,296.65909090909093,stared,88,4,877,stared,4513179,6,6.654482558685362
4,878,332.89772727272725,steadfastly,88,4,878,steadfastly,201439,11,5.304143556808864
4,879,336.90909090909093,with,88,4,879,with,1110064802,4,9.0453483322367
4,880,332.42045454545456,the,88,4,880,the,9819942513,3,9.992108945387768
4,881,295.2613636363636,"other,",88,4,881,other,281661595,6,8.449727634289163
4,882,324.20454545454544,but,88,4,882,but,422070748,3,8.625385254020305
4,883,311.18390804597703,before,87,4,883,before,114226587,6,8.0577672006131
4,884,332.2183908045977,he,87,4,884,he,602878183,2,8.780229567869084
4,885,305.17241379310343,knew,87,4,885,knew,37182349,4,7.570336822916057
4,886,310.625,it,88,4,886,it,908536386,2,8.958342325064617
4,887,288.4318181818182,he,88,4,887,he,602878183,2,8.780229567869084
4,888,328.1264367816092,forgot,87,4,888,forgot,1964672,6,6.29329005573932
4,889,305.0,to,87,4,889,to,4223327232,2,9.62565473275005
4,890,286.2298850574713,keep,87,4,890,keep,32794260,4,7.515797835526436
4,891,283.32183908045977,that,87,4,891,that,1746480437,4,9.24216372530116
4,892,294.15909090909093,one,88,4,892,one,398913374,3,8.600878596743621
4,893,321.98850574712645,"open,",87,4,893,open,40299926,5,7.605304248676564
4,894,355.53409090909093,and,88,4,894,and,4873010095,3,9.687797311073117
4,895,321.92045454545456,both,88,4,895,both,116011743,4,8.064501951830184
4,896,283.7386363636364,eyes,88,4,896,eyes,42210806,4,7.62542364492888
4,897,288.95454545454544,were,88,4,897,were,457504590,4,8.660395455564592
4,898,300.59090909090907,fast,88,4,898,fast,11581233,4,7.063754799166018
4,899,361.2183908045977,asleep.,87,4,899,asleep,3203195,7,6.505583377891475
4,900,334.9318181818182,Then,88,4,900,Then,39430787,4,7.59583544525345
4,901,322.52272727272725,the,88,4,901,the,9819942513,3,9.992108945387768
4,902,331.82758620689657,little,87,4,902,little,78869880,6,7.89691118005035
4,903,306.42528735632186,bird,87,4,903,bird,4823924,4,6.683400456959494
4,904,314.0681818181818,guarded,88,4,904,guarded,1152523,7,6.061649601023433
4,905,326.08045977011494,by,87,4,905,by,877228367,2,8.94311266704604
4,906,314.5568181818182,the,88,4,906,the,9819942513,3,9.992108945387768
4,907,304.42528735632186,owl,87,4,907,owl,564219,3,5.75144770687468
4,908,307.39772727272725,peeped,88,4,908,peeped,115964,6,5.064323187262183
4,909,359.20454545454544,"out,",88,4,909,out,242417228,4,8.384563480838569
4,910,313.1954022988506,and,87,4,910,and,4873010095,3,9.687797311073117
4,911,315.78409090909093,when,88,4,911,when,249000060,4,8.396199451744996
4,912,310.4431818181818,he,88,4,912,he,602878183,2,8.780229567869084
4,913,296.125,saw,88,4,913,saw,36746641,3,7.565217646499487
4,914,298.7011494252874,the,87,4,914,the,9819942513,3,9.992108945387768
4,915,286.95454545454544,owl's,88,4,915,owl 's,26838,5,4.428750148556301
4,916,300.17045454545456,two,88,4,916,two,201126338,3,8.303468946275931
4,917,306.264367816092,eyes,87,4,917,eyes,42210806,4,7.62542364492888
4,918,305.6136363636364,tight,88,4,918,tight,4398874,5,6.643341522356854
4,919,347.5977011494253,"shut,",87,4,919,shut,4903290,5,6.690487579902353
4,920,312.45454545454544,he,88,4,920,he,602878183,2,8.780229567869084
4,921,328.46590909090907,slipped,88,4,921,slipped,2912837,7,6.464316182540064
4,922,349.5287356321839,from,87,4,922,from,708532803,4,8.850359961615387
4,923,283.3139534883721,the,86,4,923,the,9819942513,3,9.992108945387768
4,924,292.72093023255815,hole,86,4,924,hole,5831470,4,6.765778045739444
4,925,291.51162790697674,and,86,4,925,and,4873010095,3,9.687797311073117
4,926,290.5632183908046,flew,87,4,926,flew,2656765,4,6.424353141268818
4,927,292.9080459770115,away.,87,4,927,away,56906743,5,7.7551637299132725
4,928,328.1046511627907,He,86,4,928,He,239125461,2,8.378625820294372
4,929,341.8837209302326,wanted,86,4,929,wanted,31176058,6,7.493821200747699
4,930,310.08045977011494,to,87,4,930,to,4223327232,2,9.62565473275005
4,931,315.35227272727275,"shout,",88,4,931,shout,1215676,6,6.084817842895959
4,932,324.3636363636364,'I,88,4,932,I,926120510,2,8.96666750225725
4,933,307.2613636363636,am,88,4,933,am,41836698,2,7.621557400119035
4,934,328.60227272727275,king',88,4,934,king,13253011,5,7.122314558433405
4,935,438.4431818181818,so,88,4,935,so,252284174,2,8.401890007711213
4,936,404.875,that,88,4,936,that,1746480437,4,9.24216372530116
4,937,325.8735632183908,the,87,4,937,the,9819942513,3,9.992108945387768
4,938,309.55172413793105,owl,87,4,938,owl,564219,3,5.75144770687468
4,939,318.55172413793105,could,87,4,939,could,205904563,5,8.313665971017075
4,940,332.8965517241379,hear,87,4,940,hear,18622526,4,7.270038589290667
4,941,311.64772727272725,him,88,4,941,him,230330497,3,8.362351444703018
4,942,331.17045454545456,as,88,4,942,as,1139819594,2,9.056836118415085
4,943,334.85227272727275,he,88,4,943,he,602878183,2,8.780229567869084
4,944,296.82954545454544,"flew,",88,4,944,flew,2656765,5,6.424353141268818
4,945,317.52272727272725,but,88,4,945,but,422070748,3,8.625385254020305
4,946,358.96590909090907,thought,88,4,946,thought,64294078,7,7.808170972763039
4,947,311.3068181818182,better,88,4,947,better,48996201,6,7.690162407606098
4,948,315.9318181818182,of,88,4,948,of,6162371881,2,9.789747903165104
4,949,325.55056179775283,it.,89,4,949,it,908536386,3,8.958342325064617
4,950,343.60227272727275,From,88,4,950,From,32119667,4,7.506771034090699
4,951,310.125,this,88,4,951,this,599554050,4,8.777828340993896
4,952,300.09090909090907,time,88,4,952,time,252986157,4,8.403096757922885
4,953,294.17045454545456,"on,",88,4,953,on,993594775,3,8.99720929902148
4,954,305.79545454545456,the,88,4,954,the,9819942513,3,9.992108945387768
4,955,320.27272727272725,owl,88,4,955,owl,564219,3,5.75144770687468
4,956,334.96590909090907,fooled,88,4,956,fooled,371279,6,5.569700385687135
4,957,353.22727272727275,by,88,4,957,by,877228367,2,8.94311266704604
4,958,314.21590909090907,the,88,4,958,the,9819942513,3,9.992108945387768
4,959,310.6363636363636,little,88,4,959,little,78869880,6,7.89691118005035
4,960,320.3181818181818,bird,88,4,960,bird,4823924,4,6.683400456959494
4,961,301.0,has,87,4,961,has,336617760,3,8.527137025681766
4,962,320.125,not,88,4,962,not,1006314753,3,9.002733839677335
4,963,302.39080459770116,dared,87,4,963,dared,1389752,5,6.1429373077067035
4,964,322.55172413793105,to,87,4,964,to,4223327232,2,9.62565473275005
4,965,314.4712643678161,show,87,4,965,show,38166852,4,7.581686340839613
4,966,338.97727272727275,himself,88,4,966,himself,51056413,7,7.708050299911476
4,967,318.625,by,88,4,967,by,877228367,2,8.94311266704604
4,968,301.625,day,88,4,968,day,88338993,3,7.946152444310691
4,969,328.79545454545456,for,88,4,969,for,1388290219,3,9.14248026391068
4,970,340.5568181818182,fear,88,4,970,fear,17198011,4,7.235478222391634
4,971,313.8181818181818,the,88,4,971,the,9819942513,3,9.992108945387768
4,972,315.7613636363636,birds,88,4,972,birds,6361699,5,6.803573116872643
4,973,328.22727272727275,should,88,4,973,should,157257237,6,8.196610640869892
4,974,300.4886363636364,beat,88,4,974,beat,5158229,4,6.712500618769096
4,975,310.6136363636364,the,88,4,975,the,9819942513,3,9.992108945387768
4,976,315.632183908046,living,87,4,976,living,29569532,6,7.4708444509574345
4,977,337.72727272727275,daylights,88,4,977,daylights,26738,9,4.427128918952586
4,978,331.4431818181818,out,88,4,978,out,242417228,3,8.384563480838569
4,979,295.4431818181818,of,88,4,979,of,6162371881,2,9.789747903165104
4,980,300.78409090909093,him.,88,4,980,him,230330497,4,8.362351444703018
4,981,359.9425287356322,He,87,4,981,He,239125461,2,8.378625820294372
4,982,327.632183908046,flies,87,4,982,flies,1661324,5,6.220454339067957
4,983,318.4712643678161,about,87,4,983,about,265782619,5,8.424526576609713
4,984,312.77272727272725,only,88,4,984,only,224965302,4,8.352115538946988
4,985,326.37931034482756,at,87,4,985,at,654432238,2,8.815864684979672
4,986,332.8636363636364,"nighttime,",88,4,986,nighttime,309088,10,5.490082144387318
4,987,403.0113636363636,hating,88,4,987,hating,301322,6,5.479030841364029
4,988,342.9651162790698,and,86,4,988,and,4873010095,3,9.687797311073117
4,989,428.97701149425285,pursuing,87,4,989,pursuing,1954554,8,6.291047673529103
4,990,394.4431818181818,not,88,4,990,not,1006314753,3,9.002733839677335
4,991,361.39772727272725,the,88,4,991,the,9819942513,3,9.992108945387768
4,992,362.5568181818182,"bird,",88,4,992,bird,4823924,5,6.683400456959494
4,993,339.8045977011494,but,87,4,993,but,422070748,3,8.625385254020305
4,994,337.4886363636364,the,88,4,994,the,9819942513,3,9.992108945387768
4,995,354.44827586206895,mouse,87,4,995,mouse,3954755,5,6.597119583802382
4,996,354.4886363636364,for,88,4,996,for,1388290219,3,9.14248026391068
4,997,342.8735632183908,having,87,4,997,having,42656711,6,7.629987366593555
4,998,338.54545454545456,made,88,4,998,made,132945317,4,8.123673043909942
4,999,318.3068181818182,the,88,4,999,the,9819942513,3,9.992108945387768
4,1000,310.4886363636364,hole,88,4,1000,hole,5831470,4,6.765778045739444
4,1001,321.46590909090907,into,88,4,1001,into,254637739,4,8.40592276940739
4,1002,308.8068181818182,which,88,4,1002,which,508000647,5,8.705864265410595
4,1003,310.20454545454544,the,88,4,1003,the,9819942513,3,9.992108945387768
4,1004,312.03409090909093,little,88,4,1004,little,78869880,6,7.89691118005035
4,1005,297.34090909090907,bird,88,4,1005,bird,4823924,4,6.683400456959494
4,1006,308.64772727272725,crept.,88,4,1006,crept,917285,6,5.962504291719204
4,1007,363.2386363636364,And,88,4,1007,And,105274919,3,8.022324915940162
4,1008,320.29545454545456,the,88,4,1008,the,9819942513,3,9.992108945387768
4,1009,304.8181818181818,little,88,4,1009,little,78869880,6,7.89691118005035
4,1010,308.125,bird,88,4,1010,bird,4823924,4,6.683400456959494
4,1011,309.25,also,88,4,1011,also,248861077,4,8.395956976295276
4,1012,306.07954545454544,keeps,88,4,1012,keeps,3582898,5,6.554234444597118
4,1013,304.1931818181818,out,88,4,1013,out,242417228,3,8.384563480838569
4,1014,317.22727272727275,of,88,4,1014,of,6162371881,2,9.789747903165104
4,1015,305.29545454545456,"sight,",88,4,1015,sight,9606496,6,6.982565006256923
4,1016,322.53409090909093,for,88,4,1016,for,1388290219,3,9.14248026391068
4,1017,296.71590909090907,he,88,4,1017,he,602878183,2,8.780229567869084
4,1018,306.6818181818182,fears,88,4,1018,fears,3918488,5,6.593118521120079
4,1019,319.7613636363636,that,88,4,1019,that,1746480437,4,9.24216372530116
4,1020,283.375,the,88,4,1020,the,9819942513,3,9.992108945387768
4,1021,292.1136363636364,other,88,4,1021,other,281661595,5,8.449727634289163
4,1022,299.4367816091954,birds,87,4,1022,birds,6361699,5,6.803573116872643
4,1023,316.39772727272725,should,88,4,1023,should,157257237,6,8.196610640869892
4,1024,299.98850574712645,punish,87,4,1024,punish,1322732,6,6.121471860278664
4,1025,290.0919540229885,him,87,4,1025,him,230330497,3,8.362351444703018
4,1026,305.60919540229884,for,87,4,1026,for,1388290219,3,9.14248026391068
4,1027,296.67045454545456,his,88,4,1027,his,632876249,3,8.80131879748875
4,1028,305.21590909090907,cunning.,88,4,1028,cunning,777409,8,5.890649564115819
4,1029,376.60227272727275,The,88,4,1029,The,1217211729,3,9.085366128549287
4,1030,363.5287356321839,rejection,87,4,1030,rejection,3517329,9,6.546212992770149
4,1031,330.79545454545456,by,88,4,1031,by,877228367,2,8.94311266704604
4,1032,316.64367816091954,the,87,4,1032,the,9819942513,3,9.992108945387768
4,1033,320.6363636363636,other,88,4,1033,other,281661595,5,8.449727634289163
4,1034,304.5402298850575,birds,87,4,1034,birds,6361699,5,6.803573116872643
4,1035,286.9431818181818,was,88,4,1035,was,1140172617,3,9.056970606543045
4,1036,278.32183908045977,a,87,4,1036,a,3213754375,1,9.507012680872096
4,1037,296.1511627906977,bitter,86,4,1037,bitter,3179269,6,6.502327275405545
4,1038,307.95348837209303,pill,86,4,1038,pill,720689,4,5.857747893398753
4,1039,308.3636363636364,to,88,4,1039,to,4223327232,2,9.62565473275005
4,1040,314.82954545454544,swallow,88,4,1040,swallow,1121515,7,6.049805086544635
4,1041,316.8720930232558,for,86,4,1041,for,1388290219,3,9.14248026391068
4,1042,316.5348837209302,the,86,4,1042,the,9819942513,3,9.992108945387768
4,1043,330.42045454545456,nameless,88,4,1043,nameless,315375,8,5.498827263525631
4,1044,331.3255813953488,bird,86,4,1044,bird,4823924,4,6.683400456959494
4,1045,306.48275862068965,the,87,4,1045,the,9819942513,3,9.992108945387768
4,1046,360.54651162790697,owl,86,4,1046,owl,564219,3,5.75144770687468
4,1047,366.17045454545456,had,88,4,1047,had,537932901,3,8.730728107371226
4,1048,329.4597701149425,let,87,4,1048,let,35077105,3,7.545023742778182
4,1049,333.7011494252874,slip,87,4,1049,slip,3085226,4,6.4892869826181885
4,1050,349.0232558139535,away.,86,4,1050,away,56906743,5,7.7551637299132725
4,1051,365.47727272727275,He,88,4,1051,He,239125461,2,8.378625820294372
4,1052,342.5632183908046,hides,87,4,1052,hides,799709,5,5.902931983635549
4,1053,317.53409090909093,in,88,4,1053,in,3271087682,2,9.514692185610274
4,1054,306.42045454545456,the,88,4,1054,the,9819942513,3,9.992108945387768
4,1055,311.76404494382024,"hedges,",89,4,1055,hedges,364625,7,5.561846442129789
4,1056,329.5287356321839,and,87,4,1056,and,4873010095,3,9.687797311073117
4,1057,319.7386363636364,when,88,4,1057,when,249000060,4,8.396199451744996
4,1058,326.34090909090907,he,88,4,1058,he,602878183,2,8.780229567869084
4,1059,331.6363636363636,thinks,88,4,1059,thinks,4855796,6,6.686260433022861
4,1060,314.9425287356322,himself,87,4,1060,himself,51056413,7,7.708050299911476
4,1061,329.86516853932585,quite,89,4,1061,quite,32424104,5,7.510867983731221
4,1062,340.2613636363636,"safe,",88,4,1062,safe,10018666,5,7.0008098984366445
4,1063,330.367816091954,he,87,4,1063,he,602878183,2,8.780229567869084
4,1064,334.2584269662921,sings,89,4,1064,sings,691024,5,5.839493131146357
4,1065,327.4886363636364,"out,",88,4,1065,out,242417228,4,8.384563480838569
4,1066,369.3258426966292,'I,89,4,1066,I,926120510,2,8.96666750225725
4,1067,321.78409090909093,am,88,4,1067,am,41836698,2,7.621557400119035
4,1068,331.4719101123595,"king,",89,4,1068,king,13253011,5,7.122314558433405
4,1069,317.97752808988764,I,89,4,1069,I,926120510,1,8.96666750225725
4,1070,297.314606741573,am,89,4,1070,am,41836698,2,7.621557400119035
4,1071,309.3707865168539,king!',89,4,1071,king,13253011,6,7.122314558433405
4,1072,330.96666666666664,And,90,4,1072,And,105274919,3,8.022324915940162
4,1073,295.9111111111111,the,90,4,1073,the,9819942513,3,9.992108945387768
4,1074,310.7191011235955,other,89,4,1074,other,281661595,5,8.449727634289163
4,1075,299.0449438202247,birds,89,4,1075,birds,6361699,5,6.803573116872643
4,1076,290.8876404494382,in,89,4,1076,in,3271087682,2,9.514692185610274
4,1077,315.55555555555554,mockery,90,4,1077,mockery,428089,7,5.631534068524155
4,1078,347.46153846153845,call,91,4,1078,call,32401764,4,7.510568654484761
4,1079,337.8131868131868,"out,",91,4,1079,out,242417228,4,8.384563480838569
4,1080,362.6222222222222,"'Yes,",90,4,1080,Yes,19605775,5,7.292384014275657
4,1081,359.3777777777778,"yes,",90,4,1081,yes,6970094,4,6.8432386351146555
4,1082,369.6703296703297,the,91,4,1082,the,9819942513,3,9.992108945387768
4,1083,584.4157303370787,"hedge-king,",89,4,1083,hedge - king,0,11,0.0
4,1084,525.3626373626373,the,91,4,1084,the,9819942513,3,9.992108945387768
4,1085,678.6153846153846,hedge-king!',91,4,1085,hedge - king,0,12,0.0
5,1,602.2736842105263,At,95,5,1,At,58062647,2,7.7638968308633665
5,2,391.4791666666667,ten,96,5,2,ten,19239259,3,7.284188341173296
5,3,442.17525773195877,years,97,5,3,years,114423406,5,8.058514871108287
5,4,398.66315789473686,"old,",95,5,4,old,66132164,4,7.8204127340737415
5,5,352.9484536082474,I,97,5,5,I,926120510,1,8.96666750225725
5,6,345.8041237113402,could,97,5,6,could,205904563,5,8.313665971017075
5,7,314.9157894736842,not,95,5,7,not,1006314753,3,9.002733839677335
5,8,340.1578947368421,figure,95,5,8,figure,20104468,6,7.303292585386143
5,9,322.56382978723406,out,94,5,9,out,242417228,3,8.384563480838569
5,10,333.21875,what,96,5,10,what,218817723,4,8.340082494486747
5,11,340.36842105263156,it,95,5,11,it,908536386,2,8.958342325064617
5,12,325.41052631578947,was,95,5,12,was,1140172617,3,9.056970606543045
5,13,349.3191489361702,that,94,5,13,that,1746480437,4,9.24216372530116
5,14,367.1720430107527,this,93,5,14,this,599554050,4,8.777828340993896
5,15,373.3404255319149,Elvis,94,5,15,Elvis,650069,5,5.812959456225692
5,16,387.30526315789473,Presley,95,5,16,Presley,256517,7,5.4091161521439055
5,17,353.1979166666667,guy,96,5,17,guy,5546978,3,6.744056443416685
5,18,358.0103092783505,had,97,5,18,had,537932901,3,8.730728107371226
5,19,352.10309278350513,that,97,5,19,that,1746480437,4,9.24216372530116
5,20,355.07216494845363,the,97,5,20,the,9819942513,3,9.992108945387768
5,21,338.4479166666667,rest,96,5,21,rest,23781741,4,7.376243645026828
5,22,320.85263157894735,of,95,5,22,of,6162371881,2,9.789747903165104
5,23,300.7604166666667,us,96,5,23,us,108913586,2,8.037082057504254
5,24,322.62105263157895,boys,95,5,24,boys,11013213,4,7.041914038736053
5,25,332.6458333333333,did,96,5,25,did,164942220,3,8.217331835548208
5,26,328.73118279569894,not,93,5,26,not,1006314753,3,9.002733839677335
5,27,372.07608695652175,have.,92,5,27,have,593092485,5,8.773122421177646
5,28,374.63157894736844,He,95,5,28,He,239125461,2,8.378625820294372
5,29,358.9895833333333,seemed,96,5,29,seemed,29429319,6,7.4687802125595475
5,30,316.11578947368423,to,95,5,30,to,4223327232,2,9.62565473275005
5,31,343.78723404255317,be,94,5,31,be,964072174,2,8.984109548007202
5,32,316.0,no,95,5,32,no,236436100,2,8.373713787073193
5,33,336.8421052631579,different,95,5,33,different,94725345,9,7.976466195697608
5,34,322.9895833333333,from,96,5,34,from,708532803,4,8.850359961615387
5,35,353.63157894736844,the,95,5,35,the,9819942513,3,9.992108945387768
5,36,296.7894736842105,rest,95,5,36,rest,23781741,4,7.376243645026828
5,37,296.6,of,95,5,37,of,6162371881,2,9.789747903165104
5,38,342.968085106383,us.,94,5,38,us,108913586,3,8.037082057504254
5,39,331.7096774193548,He,93,5,39,He,239125461,2,8.378625820294372
5,40,344.5531914893617,was,94,5,40,was,1140172617,3,9.056970606543045
5,41,309.8085106382979,simply,94,5,41,simply,28445238,6,7.454009571840977
5,42,313.9157894736842,a,95,5,42,a,3213754375,1,9.507012680872096
5,43,309.35483870967744,man,93,5,43,man,97465290,3,7.988849979336074
5,44,306.0851063829787,who,94,5,44,who,294018466,3,8.46837460738514
5,45,305.24468085106383,had,94,5,45,had,537932901,3,8.730728107371226
5,46,301.27659574468083,a,94,5,46,a,3213754375,1,9.507012680872096
5,47,326.7340425531915,"head,",94,5,47,head,48252042,5,7.683515697173422
5,48,374.0531914893617,two,94,5,48,two,201126338,3,8.303468946275931
5,49,345.81720430107526,arms,93,5,49,arms,15980830,4,7.20359933161496
5,50,306.6063829787234,and,94,5,50,and,4873010095,3,9.687797311073117
5,51,323.11578947368423,two,95,5,51,two,201126338,3,8.303468946275931
5,52,325.0105263157895,legs.,95,5,52,legs,7656636,5,6.884038001025109
5,53,336.06315789473683,It,95,5,53,It,278516683,2,8.444851214295534
5,54,333.47872340425533,must,94,5,54,must,124852809,4,8.096398317768474
5,55,309.741935483871,have,93,5,55,have,593092485,4,8.773122421177646
5,56,317.32978723404256,been,94,5,56,been,310806848,4,8.492490579034436
5,57,343.34736842105264,something,95,5,57,something,56397999,9,7.751263695496204
5,58,304.06315789473683,pretty,95,5,58,pretty,9374625,6,6.971953904273035
5,59,383.1684210526316,superlative,95,5,59,superlative,153725,11,5.186744501716686
5,60,507.5157894736842,that,95,5,60,that,1746480437,4,9.24216372530116
5,61,416.7684210526316,he,95,5,61,he,602878183,2,8.780229567869084
5,62,377.7157894736842,had,95,5,62,had,537932901,3,8.730728107371226
5,63,369.0842105263158,hidden,95,5,63,hidden,6412449,6,6.807023924068153
5,64,375.85263157894735,"away,",95,5,64,away,56906743,5,7.7551637299132725
5,65,372.9894736842105,because,95,5,65,because,136741894,7,8.135901590980518
5,66,358.5052631578947,he,95,5,66,he,602878183,2,8.780229567869084
5,67,318.32978723404256,had,94,5,67,had,537932901,3,8.730728107371226
5,68,323.9148936170213,every,94,5,68,every,63144706,5,7.800336945526913
5,69,323.3510638297872,young,94,5,69,young,42619892,5,7.629612344865197
5,70,336.13978494623655,girl,93,5,70,girl,16352263,4,7.213577863443013
5,71,343.13684210526316,at,95,5,71,at,654432238,2,8.815864684979672
5,72,348.1914893617021,the,94,5,72,the,9819942513,3,9.992108945387768
5,73,422.29473684210524,orphanage,95,5,73,orphanage,253927,9,5.4047088817621844
5,74,430.74468085106383,wrapped,94,5,74,wrapped,2842395,7,6.453684430523237
5,75,380.48936170212767,around,94,5,75,around,66671286,6,7.823938832166472
5,76,337.94736842105266,his,95,5,76,his,632876249,3,8.80131879748875
5,77,366.3510638297872,little,94,5,77,little,78869880,6,7.89691118005035
5,78,402.4255319148936,finger.,94,5,78,finger,5091093,7,6.70681103045276
5,79,373.8804347826087,At,92,5,79,At,58062647,2,7.7638968308633665
5,80,384.0736842105263,about,95,5,80,about,265782619,5,8.424526576609713
5,81,383.86170212765956,nine,94,5,81,nine,9145840,4,6.961223599436428
5,82,409.43617021276594,o'clock,94,5,82,o'clock,3555398,7,6.55088822377995
5,83,348.1170212765957,on,94,5,83,on,993594775,2,8.99720929902148
5,84,370.258064516129,Saturday,93,5,84,Saturday,4006925,8,6.602811213560482
5,85,402.8804347826087,"morning,",92,5,85,morning,22128226,8,7.3449465983243325
5,86,375.3010752688172,I,93,5,86,I,926120510,1,8.96666750225725
5,87,337.82978723404256,figured,94,5,87,figured,2453961,7,6.389867656345596
5,88,334.2,a,95,5,88,a,3213754375,1,9.507012680872096
5,89,335.6,good,95,5,89,good,99518711,4,7.997904742254174
5,90,349.98936170212767,solution,94,5,90,solution,19087669,8,7.280752895274302
5,91,363.6736842105263,was,95,5,91,was,1140172617,3,9.056970606543045
5,92,348.12631578947367,to,95,5,92,to,4223327232,2,9.62565473275005
5,93,321.8510638297872,ask,94,5,93,ask,22058779,3,7.343581469652766
5,94,356.29347826086956,Eugene,92,5,94,Eugene,1514603,6,6.180298812703935
5,95,671.0,"Correthers,",91,5,95,Correthers,0,11,0.0
5,96,542.6,who,95,5,96,who,294018466,3,8.46837460738514
5,97,420.6842105263158,was,95,5,97,was,1140172617,3,9.056970606543045
5,98,384.34736842105264,one,95,5,98,one,398913374,3,8.600878596743621
5,99,366.2736842105263,of,95,5,99,of,6162371881,2,9.789747903165104
5,100,333.2,the,95,5,100,the,9819942513,3,9.992108945387768
5,101,362.96774193548384,older,93,5,101,older,14300395,5,7.155348033545561
5,102,398.968085106383,and,94,5,102,and,4873010095,3,9.687797311073117
5,103,369.85263157894735,smarter,95,5,103,smarter,333103,7,5.522578544061872
5,104,355.531914893617,"boys,",94,5,104,boys,11013213,5,7.041914038736053
5,105,396.2315789473684,what,95,5,105,what,218817723,4,8.340082494486747
5,106,348.02127659574467,it,94,5,106,it,908536386,2,8.958342325064617
5,107,317.3578947368421,was,95,5,107,was,1140172617,3,9.056970606543045
5,108,345.0,that,94,5,108,that,1746480437,4,9.24216372530116
5,109,340.7578947368421,made,95,5,109,made,132945317,4,8.123673043909942
5,110,330.4148936170213,this,94,5,110,this,599554050,4,8.777828340993896
5,111,341.9578947368421,Elvis,95,5,111,Elvis,650069,5,5.812959456225692
5,112,341.8,guy,95,5,112,guy,5546978,3,6.744056443416685
5,113,338.61052631578946,so,95,5,113,so,252284174,2,8.401890007711213
5,114,384.71276595744683,special.,94,5,114,special,29951345,8,7.476416329662309
5,115,361.78723404255317,He,94,5,115,He,239125461,2,8.378625820294372
5,116,328.6989247311828,told,93,5,116,told,43901950,4,7.642483810798649
5,117,312.82105263157894,me,95,5,117,me,196933753,2,8.294320157404627
5,118,304.29473684210524,that,95,5,118,that,1746480437,4,9.24216372530116
5,119,319.0851063829787,it,94,5,119,it,908536386,2,8.958342325064617
5,120,305.247311827957,was,93,5,120,was,1140172617,3,9.056970606543045
5,121,315.02150537634407,not,93,5,121,not,1006314753,3,9.002733839677335
5,122,329.8191489361702,anything,94,5,122,anything,29918715,8,7.475942936772855
5,123,329.7578947368421,about,95,5,123,about,265782619,5,8.424526576609713
5,124,375.2736842105263,Elvis's,95,5,124,Elvis 's,37482,7,4.573822756329665
5,125,385.7578947368421,"personality,",95,5,125,personality,7645081,12,6.883382091143588
5,126,387.0842105263158,but,95,5,126,but,422070748,3,8.625385254020305
5,127,350.19354838709677,his,93,5,127,his,632876249,3,8.80131879748875
5,128,353.36170212765956,wavy,94,5,128,wavy,309794,4,5.491073002215553
5,129,403.5806451612903,"hair,",93,5,129,hair,16590025,5,7.21984704047607
5,130,371.98924731182797,and,93,5,130,and,4873010095,3,9.687797311073117
5,131,331.8723404255319,the,94,5,131,the,9819942513,3,9.992108945387768
5,132,330.29473684210524,way,95,5,132,way,133443039,3,8.125295923925421
5,133,318.51063829787233,he,94,5,133,he,602878183,2,8.780229567869084
5,134,345.9894736842105,moved,95,5,134,moved,19311958,5,7.285826308242707
5,135,342.4731182795699,his,93,5,135,his,632876249,3,8.80131879748875
5,136,371.0105263157895,body.,95,5,136,body,53702614,5,7.729995425702273
5,137,386.38947368421054,About,95,5,137,About,6811087,5,6.833216427688073
5,138,356.6914893617021,a,94,5,138,a,3213754375,1,9.507012680872096
5,139,331.17894736842106,half,95,5,139,half,36278645,4,7.559651057880548
5,140,330.4421052631579,an,95,5,140,an,576832090,2,8.761049412810996
5,141,349.48936170212767,hour,94,5,141,hour,16736533,4,7.223665498166681
5,142,343.5744680851064,"later,",94,5,142,later,55784164,6,7.746510928982147
5,143,352.0537634408602,the,93,5,143,the,9819942513,3,9.992108945387768
5,144,323.9789473684211,boys,95,5,144,boys,11013213,4,7.041914038736053
5,145,317.90526315789475,in,95,5,145,in,3271087682,2,9.514692185610274
5,146,321.6736842105263,the,95,5,146,the,9819942513,3,9.992108945387768
5,147,360.6063829787234,orphanage,94,5,147,orphanage,253927,9,5.4047088817621844
5,148,365.1914893617021,called,94,5,148,called,69300306,6,7.840735152271519
5,149,334.0842105263158,down,95,5,149,down,98751710,4,7.99454462467454
5,150,329.7684210526316,to,95,5,150,to,4223327232,2,9.62565473275005
5,151,317.3191489361702,the,94,5,151,the,9819942513,3,9.992108945387768
5,152,345.93684210526317,main,95,5,152,main,29437798,4,7.468905320875538
5,153,329.4842105263158,dining,95,5,153,dining,2910400,6,6.463952681719408
5,154,360.37894736842105,room,95,5,154,room,42569269,4,7.629096192531094
5,155,336.3157894736842,by,95,5,155,by,877228367,2,8.94311266704604
5,156,336.9574468085106,the,94,5,156,the,9819942513,3,9.992108945387768
5,157,370.36559139784947,matron,93,5,157,matron,214787,6,5.332007992115421
5,158,391.02150537634407,were,93,5,158,were,457504590,4,8.660395455564592
5,159,429.5376344086022,told,93,5,159,told,43901950,4,7.642483810798649
5,160,357.0967741935484,that,93,5,160,that,1746480437,4,9.24216372530116
5,161,337.9255319148936,they,94,5,161,they,418953705,4,8.622166035439204
5,162,309.4315789473684,were,95,5,162,were,457504590,4,8.660395455564592
5,163,330.4315789473684,all,95,5,163,all,374139462,3,8.573033517406971
5,164,339.90526315789475,going,95,5,164,going,55442137,5,7.743839961672675
5,165,317.13829787234044,to,94,5,165,to,4223327232,2,9.62565473275005
5,166,358.9583333333333,downtown,96,5,166,downtown,1857146,8,6.26884604725185
5,167,482.505376344086,"Jacksonville,",93,5,167,Jacksonville,263906,13,5.421449264177116
5,168,465.66315789473686,Florida,95,5,168,Florida,5211391,7,6.716953658615245
5,169,447.9157894736842,to,95,5,169,to,4223327232,2,9.62565473275005
5,170,359.25531914893617,get,94,5,170,get,86515246,3,7.937092647005015
5,171,327.97872340425533,a,94,5,171,a,3213754375,1,9.507012680872096
5,172,329.468085106383,new,94,5,172,new,140488451,3,8.147640624076509
5,173,331.6842105263158,pair,95,5,173,pair,7856480,4,6.895228009272668
5,174,318.7263157894737,of,95,5,174,of,6162371881,2,9.789747903165104
5,175,369.75531914893617,Buster,94,5,175,Buster,233013,6,5.367380151372667
5,176,405.2736842105263,Brown,95,5,176,Brown,9564348,5,6.980655369590344
5,177,404.79787234042556,shoes,94,5,177,shoes,4271116,5,6.630541366668168
5,178,374.0659340659341,and,91,5,178,and,4873010095,3,9.687797311073117
5,179,334.4731182795699,a,93,5,179,a,3213754375,1,9.507012680872096
5,180,369.1684210526316,haircut.,95,5,180,haircut,210866,8,5.324006559811769
5,181,398.0421052631579,That,95,5,181,That,61071875,4,7.7858412537055965
5,182,352.9157894736842,is,95,5,182,is,1780724214,2,9.250596664206503
5,183,343.81720430107526,when,93,5,183,when,249000060,4,8.396199451744996
5,184,345.6063829787234,I,94,5,184,I,926120510,1,8.96666750225725
5,185,322.9578947368421,got,95,5,185,got,43005809,3,7.633527121771523
5,186,348.22105263157897,this,95,5,186,this,599554050,4,8.777828340993896
5,187,336.21505376344084,big,93,5,187,big,22941525,3,7.360622283533505
5,188,337.42105263157896,"idea,",95,5,188,idea,32654099,5,7.513937705101015
5,189,375.4255319148936,which,94,5,189,which,508000647,5,8.705864265410595
5,190,340.505376344086,hit,93,5,190,hit,9467805,3,6.976249304570091
5,191,319.1290322580645,me,93,5,191,me,196933753,2,8.294320157404627
5,192,329.58947368421053,like,95,5,192,like,167991828,4,8.225288155887608
5,193,317.24468085106383,a,94,5,193,a,3213754375,1,9.507012680872096
5,194,307.2903225806452,ton,93,5,194,ton,1397730,3,6.14542328669227
5,195,305.7659574468085,of,94,5,195,of,6162371881,2,9.789747903165104
5,196,323.9139784946237,bricks.,93,5,196,bricks,943998,7,5.974971074181666
5,197,356.5108695652174,If,92,5,197,If,123141271,2,8.090403631839822
5,198,347.0752688172043,the,93,5,198,the,9819942513,3,9.992108945387768
5,199,323.70526315789476,Elvis,95,5,199,Elvis,650069,5,5.812959456225692
5,200,349.2315789473684,haircut,95,5,200,haircut,210866,7,5.324006559811769
5,201,409.65263157894736,was,95,5,201,was,1140172617,3,9.056970606543045
5,202,353.3263157894737,the,95,5,202,the,9819942513,3,9.992108945387768
5,203,311.55913978494624,big,93,5,203,big,22941525,3,7.360622283533505
5,204,315.6276595744681,"secret,",94,5,204,secret,8933332,7,6.9510134744890495
5,205,353.13829787234044,then,94,5,205,then,161019392,4,8.206878182438311
5,206,342.0430107526882,Elvis's,93,5,206,Elvis 's,37482,7,4.573822756329665
5,207,359.29347826086956,haircut,92,5,207,haircut,210866,7,5.324006559811769
5,208,335.9230769230769,I,91,5,208,I,926120510,1,8.96666750225725
5,209,366.86170212765956,was,94,5,209,was,1140172617,3,9.056970606543045
5,210,330.70652173913044,going,92,5,210,going,55442137,5,7.743839961672675
5,211,305.1808510638298,to,94,5,211,to,4223327232,2,9.62565473275005
5,212,343.4673913043478,get.,92,5,212,get,86515246,4,7.937092647005015
5,213,355.7578947368421,I,95,5,213,I,926120510,1,8.96666750225725
5,214,336.55913978494624,was,93,5,214,was,1140172617,3,9.056970606543045
5,215,317.17894736842106,going,95,5,215,going,55442137,5,7.743839961672675
5,216,305.9139784946237,to,93,5,216,to,4223327232,2,9.62565473275005
5,217,310.70526315789476,have,95,5,217,have,593092485,4,8.773122421177646
5,218,307.1170212765957,my,94,5,218,my,230745730,2,8.363133673058314
5,219,326.0842105263158,day,95,5,219,day,88338993,3,7.946152444310691
5,220,341.0105263157895,in,95,5,220,in,3271087682,2,9.514692185610274
5,221,305.4,the,95,5,221,the,9819942513,3,9.992108945387768
5,222,300.98936170212767,"sun,",94,5,222,sun,12492350,4,7.096644143420737
5,223,311.3085106382979,and,94,5,223,and,4873010095,3,9.687797311073117
5,224,311.97849462365593,all,93,5,224,all,374139462,3,8.573033517406971
5,225,302.57894736842104,the,95,5,225,the,9819942513,3,9.992108945387768
5,226,301.7578947368421,way,95,5,226,way,133443039,3,8.125295923925421
5,227,317.77894736842103,to,95,5,227,to,4223327232,2,9.62565473275005
5,228,297.9263157894737,town,95,5,228,town,21082393,4,7.323919904819015
5,229,312.57894736842104,that,95,5,229,that,1746480437,4,9.24216372530116
5,230,340.8315789473684,was,95,5,230,was,1140172617,3,9.056970606543045
5,231,342.40425531914894,all,94,5,231,all,374139462,3,8.573033517406971
5,232,305.75,I,92,5,232,I,926120510,1,8.96666750225725
5,233,316.44086021505376,talked,93,5,233,talked,6615885,6,6.820587947527034
5,234,301.02150537634407,about.,93,5,234,about,265782619,6,8.424526576609713
5,235,324.0752688172043,The,93,5,235,The,1217211729,3,9.085366128549287
5,236,331.3404255319149,fact,94,5,236,fact,61142902,4,7.786346047616712
5,237,298.86170212765956,that,94,5,237,that,1746480437,4,9.24216372530116
5,238,302.21505376344084,I,93,5,238,I,926120510,1,8.96666750225725
5,239,305.3440860215054,was,93,5,239,was,1140172617,3,9.056970606543045
5,240,299.1276595744681,getting,94,5,240,getting,18555552,7,7.268473878490146
5,241,296.10869565217394,an,92,5,241,an,576832090,2,8.761049412810996
5,242,305.78723404255317,Elvis,94,5,242,Elvis,650069,5,5.812959456225692
5,243,319.48936170212767,"haircut,",94,5,243,haircut,210866,8,5.324006559811769
5,244,333.968085106383,not,94,5,244,not,1006314753,3,9.002733839677335
5,245,309.258064516129,just,93,5,245,just,113263289,4,8.054089168749202
5,246,327.14130434782606,the,92,5,246,the,9819942513,3,9.992108945387768
5,247,300.4148936170213,simple,94,5,247,simple,25423655,6,7.405237986510061
5,248,312.74468085106383,fact,94,5,248,fact,61142902,4,7.786346047616712
5,249,329.35483870967744,that,93,5,249,that,1746480437,4,9.24216372530116
5,250,317.6774193548387,we,93,5,250,we,340770885,2,8.532462482151033
5,251,331.7659574468085,were,94,5,251,were,457504590,4,8.660395455564592
5,252,297.96774193548384,getting,93,5,252,getting,18555552,7,7.268473878490146
5,253,332.01063829787233,out,94,5,253,out,242417228,3,8.384563480838569
5,254,302.23655913978496,of,93,5,254,of,6162371881,2,9.789747903165104
5,255,293.27659574468083,the,94,5,255,the,9819942513,3,9.992108945387768
5,256,321.76344086021504,"orphanage,",93,5,256,orphanage,253927,10,5.4047088817621844
5,257,337.86021505376345,made,93,5,257,made,132945317,4,8.123673043909942
5,258,317.494623655914,me,93,5,258,me,196933753,2,8.294320157404627
5,259,333.20212765957444,particularly,94,5,259,particularly,27491414,12,7.439197078024788
5,260,430.23655913978496,loquacious.,93,5,260,loquacious,49783,11,4.6970810643133145
5,261,574.8913043478261,I,92,5,261,I,926120510,1,8.96666750225725
5,262,458.9782608695652,told,92,5,262,told,43901950,4,7.642483810798649
5,263,418.7826086956522,"everybody,",92,5,263,everybody,4066554,10,6.609226543695385
5,264,390.78723404255317,including,94,5,264,including,45597635,9,7.658942317816067
5,265,352.67021276595744,the,94,5,265,the,9819942513,3,9.992108945387768
5,266,357.70212765957444,orphanage,94,5,266,orphanage,253927,9,5.4047088817621844
5,267,384.83870967741933,matron,93,5,267,matron,214787,6,5.332007992115421
5,268,380.63829787234044,I,94,5,268,I,926120510,1,8.96666750225725
5,269,397.16129032258067,normally,93,5,269,normally,7271856,8,6.861645270238032
5,270,395.968085106383,"feared,",94,5,270,feared,3268205,7,6.514309290080846
5,271,413.3191489361702,that,94,5,271,that,1746480437,4,9.24216372530116
5,272,335.9148936170213,I,94,5,272,I,926120510,1,8.96666750225725
5,273,314.29787234042556,was,94,5,273,was,1140172617,3,9.056970606543045
5,274,297.531914893617,going,94,5,274,going,55442137,5,7.743839961672675
5,275,295.97872340425533,to,94,5,275,to,4223327232,2,9.62565473275005
5,276,304.40425531914894,look,94,5,276,look,47510867,4,7.676792955695573
5,277,291.8829787234043,just,94,5,277,just,113263289,4,8.054089168749202
5,278,296.7659574468085,like,94,5,278,like,167991828,4,8.225288155887608
5,279,304.8936170212766,Elvis,94,5,279,Elvis,650069,5,5.812959456225692
5,280,314.8510638297872,Presley,94,5,280,Presley,256517,7,5.4091161521439055
5,281,337.09574468085106,and,94,5,281,and,4873010095,3,9.687797311073117
5,282,323.3829787234043,that,94,5,282,that,1746480437,4,9.24216372530116
5,283,330.0744680851064,I,94,5,283,I,926120510,1,8.96666750225725
5,284,302.1808510638298,would,94,5,284,would,319551796,5,8.504541262788026
5,285,305.3010752688172,learn,93,5,285,learn,18725006,5,7.2724219655312625
5,286,304.8936170212766,to,94,5,286,to,4223327232,2,9.62565473275005
5,287,314.51063829787233,move,94,5,287,move,24909837,4,7.396370885696596
5,288,303.48936170212767,around,94,5,288,around,66671286,6,7.823938832166472
5,289,323.0531914893617,just,94,5,289,just,113263289,4,8.054089168749202
5,290,295.7659574468085,like,94,5,290,like,167991828,4,8.225288155887608
5,291,295.79787234042556,he,94,5,291,he,602878183,2,8.780229567869084
5,292,299.16129032258067,did,93,5,292,did,164942220,3,8.217331835548208
5,293,337.8829787234043,and,94,5,293,and,4873010095,3,9.687797311073117
5,294,292.25531914893617,that,94,5,294,that,1746480437,4,9.24216372530116
5,295,318.63440860215053,I,93,5,295,I,926120510,1,8.96666750225725
5,296,296.7204301075269,would,93,5,296,would,319551796,5,8.504541262788026
5,297,297.8279569892473,be,93,5,297,be,964072174,2,8.984109548007202
5,298,305.5824175824176,rich,91,5,298,rich,12456985,4,7.095412941495797
5,299,287.6304347826087,and,92,5,299,and,4873010095,3,9.687797311073117
5,300,295.8723404255319,famous,94,5,300,famous,9360112,6,6.971281045393122
5,301,314.1290322580645,one,93,5,301,one,398913374,3,8.600878596743621
5,302,317.83870967741933,"day,",93,5,302,day,88338993,4,7.946152444310691
5,303,312.22340425531917,just,94,5,303,just,113263289,4,8.054089168749202
5,304,297.79787234042556,like,94,5,304,like,167991828,4,8.225288155887608
5,305,286.4574468085106,him.,94,5,305,him,230330497,4,8.362351444703018
5,306,321.1808510638298,The,94,5,306,The,1217211729,3,9.085366128549287
5,307,356.81720430107526,matron,93,5,307,matron,214787,6,5.332007992115421
5,308,360.89130434782606,understood,92,5,308,understood,13568850,10,7.132543041483021
5,309,339.7204301075269,my,93,5,309,my,230745730,2,8.363133673058314
5,310,320.6666666666667,idea,93,5,310,idea,32654099,4,7.513937705101015
5,311,352.1505376344086,was,93,5,311,was,1140172617,3,9.056970606543045
5,312,342.78494623655916,something,93,5,312,something,56397999,9,7.751263695496204
5,313,326.6989247311828,that,93,5,313,that,1746480437,4,9.24216372530116
5,314,312.29787234042556,I,94,5,314,I,926120510,1,8.96666750225725
5,315,300.6276595744681,was,94,5,315,was,1140172617,3,9.056970606543045
5,316,307.1489361702128,really,94,5,316,really,36961130,6,7.56774524028786
5,317,325.98936170212767,excited,94,5,317,excited,3675168,7,6.565277196428464
5,318,340.9347826086956,about,92,5,318,about,265782619,5,8.424526576609713
5,319,316.4255319148936,and,94,5,319,and,4873010095,3,9.687797311073117
5,320,314.48936170212767,said,94,5,320,said,171981082,4,8.235480676937357
5,321,330.21505376344084,nothing.,93,5,321,nothing,38429085,8,7.58466004399644
5,322,393.79787234042556,When,94,5,322,When,89217452,4,7.950449815877786
5,323,343.3829787234043,I,94,5,323,I,926120510,1,8.96666750225725
5,324,307.8936170212766,got,94,5,324,got,43005809,3,7.633527121771523
5,325,319.70212765957444,my,94,5,325,my,230745730,2,8.363133673058314
5,326,292.51063829787233,new,94,5,326,new,140488451,3,8.147640624076509
5,327,306.4574468085106,Buster,94,5,327,Buster,233013,6,5.367380151372667
5,328,317.78723404255317,Brown,94,5,328,Brown,9564348,5,6.980655369590344
5,329,333.74468085106383,"shoes,",94,5,329,shoes,4271116,6,6.630541366668168
5,330,337.3829787234043,I,94,5,330,I,926120510,1,8.96666750225725
5,331,324.8085106382979,was,94,5,331,was,1140172617,3,9.056970606543045
5,332,352.8191489361702,smiling,94,5,332,smiling,3119136,7,6.49403431119891
5,333,298.968085106383,from,94,5,333,from,708532803,4,8.850359961615387
5,334,315.531914893617,ear,94,5,334,ear,5829757,3,6.765650452570586
5,335,310.2903225806452,to,93,5,335,to,4223327232,2,9.62565473275005
5,336,288.5483870967742,ear.,93,5,336,ear,5829757,4,6.765650452570586
5,337,322.3333333333333,Those,93,5,337,Those,9857753,5,6.993777932090066
5,338,363.02150537634407,"shoes,",93,5,338,shoes,4271116,6,6.630541366668168
5,339,361.9139784946237,they,93,5,339,they,418953705,4,8.622166035439204
5,340,341.5217391304348,shined,92,5,340,shined,111445,6,5.047060588553174
5,341,362.9673913043478,really,92,5,341,really,36961130,6,7.56774524028786
5,342,335.494623655914,"brightly,",93,5,342,brightly,855309,9,5.932123041922461
5,343,324.0869565217391,and,92,5,343,and,4873010095,3,9.687797311073117
5,344,340.7826086956522,I,92,5,344,I,926120510,1,8.96666750225725
5,345,315.0869565217391,liked,92,5,345,liked,6186837,5,6.791468674136524
5,346,300.02127659574467,looking,94,5,346,looking,26020896,7,7.415322246920269
5,347,334.1290322580645,at,93,5,347,at,654432238,2,8.815864684979672
5,348,319.90425531914894,the,94,5,348,the,9819942513,3,9.992108945387768
5,349,319.0108695652174,bones,92,5,349,bones,4376162,5,6.641093390657141
5,350,377.59574468085106,in,94,5,350,in,3271087682,2,9.514692185610274
5,351,336.21505376344084,my,93,5,351,my,230745730,2,8.363133673058314
5,352,374.61290322580646,"feet,",93,5,352,feet,23073556,5,7.3631145313293755
5,353,418.5806451612903,which,93,5,353,which,508000647,5,8.705864265410595
5,354,351.39784946236557,I,93,5,354,I,926120510,1,8.96666750225725
5,355,364.76344086021504,had,93,5,355,had,537932901,3,8.730728107371226
5,356,332.13978494623655,never,93,5,356,never,74546406,5,7.8724267102706635
5,357,340.02150537634407,seen,93,5,357,seen,48510258,4,7.685833584411229
5,358,346.25,"before,",92,5,358,before,114226587,7,8.0577672006131
5,359,413.52127659574467,through,94,5,359,through,147254130,7,8.168067484179392
5,360,391.3440860215054,a,93,5,360,a,3213754375,1,9.507012680872096
5,361,373.67021276595744,special,94,5,361,special,29951345,7,7.476416329662309
5,362,384.3936170212766,x-ray,94,5,362,x - ray,704943,5,5.848154002400976
5,363,444.02127659574467,machine,94,5,363,machine,11313867,7,7.053611069091893
5,364,400.4148936170213,they,94,5,364,they,418953705,4,8.622166035439204
5,365,358.1276595744681,had,94,5,365,had,537932901,3,8.730728107371226
5,366,321.86170212765956,in,94,5,366,in,3271087682,2,9.514692185610274
5,367,329.5531914893617,the,94,5,367,the,9819942513,3,9.992108945387768
5,368,309.1489361702128,shoe,94,5,368,shoe,1458588,4,6.16393263624246
5,369,350.74468085106383,store,94,5,369,store,10270499,5,7.011591544637376
5,370,374.6276595744681,that,94,5,370,that,1746480437,4,9.24216372530116
5,371,350.97849462365593,made,93,5,371,made,132945317,4,8.123673043909942
5,372,327.9468085106383,the,94,5,372,the,9819942513,3,9.992108945387768
5,373,323.968085106383,bones,94,5,373,bones,4376162,5,6.641093390657141
5,374,354.1276595744681,in,94,5,374,in,3271087682,2,9.514692185610274
5,375,327.51063829787233,your,94,5,375,your,205261264,4,8.312306998964765
5,376,302.0860215053763,feet,93,5,376,feet,23073556,4,7.3631145313293755
5,377,317.39130434782606,look,92,5,377,look,47510867,4,7.676792955695573
5,378,318.7142857142857,green.,91,5,378,green,12917565,6,7.11118065555312
5,379,444.6236559139785,I,93,5,379,I,926120510,1,8.96666750225725
5,380,380.7340425531915,was,94,5,380,was,1140172617,3,9.056970606543045
5,381,328.9468085106383,now,94,5,381,now,112827853,3,8.05241632403567
5,382,326.3191489361702,almost,94,5,382,almost,40784201,6,7.610491958498274
5,383,335.9148936170213,ready,94,5,383,ready,16067422,5,7.205946200286075
5,384,322.48387096774195,to,93,5,384,to,4223327232,2,9.62565473275005
5,385,304.97849462365593,go,93,5,385,go,74237337,2,7.870622384722818
5,386,317.8829787234043,back,94,5,386,back,107859495,4,8.032858382582713
5,387,319.40860215053766,to,93,5,387,to,4223327232,2,9.62565473275005
5,388,310.3191489361702,the,94,5,388,the,9819942513,3,9.992108945387768
5,389,299.48936170212767,orphanage,94,5,389,orphanage,253927,9,5.4047088817621844
5,390,308.4468085106383,and,94,5,390,and,4873010095,3,9.687797311073117
5,391,304.5531914893617,practice,94,5,391,practice,31369864,8,7.496512635874105
5,392,315.8936170212766,being,94,5,392,being,117515747,5,8.070096065560838
5,393,308.44086021505376,like,93,5,393,like,167991828,4,8.225288155887608
5,394,305.8085106382979,the,94,5,394,the,9819942513,3,9.992108945387768
5,395,306.21276595744683,man,94,5,395,man,97465290,3,7.988849979336074
5,396,306.2795698924731,who,93,5,396,who,294018466,3,8.46837460738514
5,397,330.3085106382979,all,94,5,397,all,374139462,3,8.573033517406971
5,398,302.2258064516129,the,93,5,398,the,9819942513,3,9.992108945387768
5,399,302.9032258064516,girls,93,5,399,girls,12006242,5,7.079407092826736
5,400,276.7741935483871,"loved,",93,5,400,loved,9427047,6,6.974375672329091
5,401,302.6195652173913,since,92,5,401,since,58545854,5,7.767496145374635
5,402,300.85869565217394,I,92,5,402,I,926120510,1,8.96666750225725
5,403,287.9569892473118,had,93,5,403,had,537932901,3,8.730728107371226
5,404,289.9130434782609,my,92,5,404,my,230745730,2,8.363133673058314
5,405,283.3804347826087,new,92,5,405,new,140488451,3,8.147640624076509
5,406,302.2795698924731,Buster,93,5,406,Buster,233013,6,5.367380151372667
5,407,290.13978494623655,Brown,93,5,407,Brown,9564348,5,6.980655369590344
5,408,316.031914893617,shoes.,94,5,408,shoes,4271116,6,6.630541366668168
5,409,325.98924731182797,It,93,5,409,It,278516683,2,8.444851214295534
5,410,300.1914893617021,was,94,5,410,was,1140172617,3,9.056970606543045
5,411,298.9255319148936,the,94,5,411,the,9819942513,3,9.992108945387768
5,412,283.4516129032258,new,93,5,412,new,140488451,3,8.147640624076509
5,413,281.01063829787233,"haircut,",94,5,413,haircut,210866,8,5.324006559811769
5,414,339.74468085106383,"though,",94,5,414,though,52696046,7,7.721778029542639
5,415,346.1595744680851,that,94,5,415,that,1746480437,4,9.24216372530116
5,416,301.7096774193548,I,93,5,416,I,926120510,1,8.96666750225725
5,417,310.3010752688172,needed,93,5,417,needed,29198561,6,7.465361448532015
5,418,304.1170212765957,to,94,5,418,to,4223327232,2,9.62565473275005
5,419,303.09574468085106,complete,94,5,419,complete,23000029,8,7.361728383605942
5,420,305.8085106382979,my,94,5,420,my,230745730,2,8.363133673058314
5,421,298.06451612903226,new,93,5,421,new,140488451,3,8.147640624076509
5,422,312.1170212765957,look.,94,5,422,look,47510867,5,7.676792955695573
5,423,318.9782608695652,We,92,5,423,We,121071685,2,8.08304258669304
5,424,304.2340425531915,finally,94,5,424,finally,17208239,7,7.235736429205323
5,425,310.1182795698925,arrived,93,5,425,arrived,12208049,7,7.086646263761764
5,426,297.9255319148936,at,94,5,426,at,654432238,2,8.815864684979672
5,427,281.5744680851064,the,94,5,427,the,9819942513,3,9.992108945387768
5,428,340.02150537634407,"unassuming,",93,5,428,unassuming,139149,11,5.1434800896061565
5,429,529.1075268817204,unembellished,93,5,429,unembellished,9697,13,3.986637395610154
5,430,544.8510638297872,"barbershop,",94,5,430,barbershop,76561,11,4.8840075973346915
5,431,410.48936170212767,where,94,5,431,where,136128991,5,8.133950625501162
5,432,352.51063829787233,they,94,5,432,they,418953705,4,8.622166035439204
5,433,334.0744680851064,cut,94,5,433,cut,19831304,3,7.297351272015939
5,434,327.8829787234043,our,94,5,434,our,162647972,3,8.211248652587438
5,435,332.82978723404256,hair,94,5,435,hair,16590025,4,7.21984704047607
5,436,304.24468085106383,for,94,5,436,for,1388290219,3,9.14248026391068
5,437,306.27659574468083,free,94,5,437,free,39192789,4,7.593206169428911
5,438,331.01063829787233,because,94,5,438,because,136741894,7,8.135901590980518
5,439,319.9148936170213,we,94,5,439,we,340770885,2,8.532462482151033
5,440,312.69473684210527,were,95,5,440,were,457504590,4,8.660395455564592
5,441,323.03225806451616,orphans.,93,5,441,orphans,454850,8,5.65786819904679
5,442,370.5806451612903,Even,93,5,442,Even,24724315,4,7.393124268081507
5,443,339.0,though,94,5,443,though,52696046,6,7.721778029542639
5,444,311.40425531914894,we,94,5,444,we,340770885,2,8.532462482151033
5,445,314.8723404255319,were,94,5,445,were,457504590,4,8.660395455564592
5,446,324.97849462365593,supposed,93,5,446,supposed,9366370,8,6.9715713097331005
5,447,326.0531914893617,to,94,5,447,to,4223327232,2,9.62565473275005
5,448,324.1914893617021,slowly,94,5,448,slowly,10859756,6,7.035820067513967
5,449,346.4623655913978,wait,93,5,449,wait,9441077,4,6.975021539687616
5,450,327.4301075268817,to,93,5,450,to,4223327232,2,9.62565473275005
5,451,335.0425531914894,be,94,5,451,be,964072174,2,8.984109548007202
5,452,332.51063829787233,"called,",94,5,452,called,69300306,7,7.840735152271519
5,453,308.1489361702128,I,94,5,453,I,926120510,1,8.96666750225725
5,454,298.4516129032258,ran,93,5,454,ran,11331563,3,7.054289817670841
5,455,301.3510638297872,straight,94,5,455,straight,10602691,8,7.025416104710987
5,456,316.8829787234043,up,94,5,456,up,232348461,2,8.366139800200205
5,457,288.43617021276594,to,94,5,457,to,4223327232,2,9.62565473275005
5,458,309.17021276595744,one,94,5,458,one,398913374,3,8.600878596743621
5,459,298.56382978723406,of,94,5,459,of,6162371881,2,9.789747903165104
5,460,291.3723404255319,the,94,5,460,the,9819942513,3,9.992108945387768
5,461,301.22340425531917,barber,94,5,461,barber,394790,6,5.596366143491465
5,462,322.59574468085106,chairs,94,5,462,chairs,2514661,6,6.4004794463491494
5,463,324.73118279569894,and,93,5,463,and,4873010095,3,9.687797311073117
5,464,302.3829787234043,climbed,94,5,464,climbed,2532328,7,6.4035199570184345
5,465,319.8510638297872,up,94,5,465,up,232348461,2,8.366139800200205
5,466,304.3404255319149,onto,94,5,466,onto,11889539,4,7.0751650157929955
5,467,291.4468085106383,the,94,5,467,the,9819942513,3,9.992108945387768
5,468,301.4468085106383,board,94,5,468,board,13482309,5,7.129764276478568
5,469,324.1914893617021,the,94,5,469,the,9819942513,3,9.992108945387768
5,470,387.25531914893617,barber,94,5,470,barber,394790,6,5.596366143491465
5,471,353.1276595744681,placed,94,5,471,placed,19012612,6,7.279041785422065
5,472,348.22340425531917,across,94,5,472,across,33682916,6,7.527409682230524
5,473,326.5531914893617,the,94,5,473,the,9819942513,3,9.992108945387768
5,474,322.2340425531915,arms,94,5,474,arms,15980830,4,7.20359933161496
5,475,350.2340425531915,to,94,5,475,to,4223327232,2,9.62565473275005
5,476,331.1914893617021,make,94,5,476,make,111219711,4,8.046181762245393
5,477,308.3936170212766,me,94,5,477,me,196933753,2,8.294320157404627
5,478,322.6808510638298,sit,94,5,478,sit,9144370,3,6.961153790189867
5,479,330.17021276595744,up,94,5,479,up,232348461,2,8.366139800200205
5,480,343.96774193548384,higher.,93,5,480,higher,32907416,7,7.517293781382791
5,481,397.20212765957444,I,94,5,481,I,926120510,1,8.96666750225725
5,482,358.63829787234044,looked,94,5,482,looked,37086942,6,7.569221025097896
5,483,334.47872340425533,at,94,5,483,at,654432238,2,8.815864684979672
5,484,327.4731182795699,the,93,5,484,the,9819942513,3,9.992108945387768
5,485,351.4574468085106,man,94,5,485,man,97465290,3,7.988849979336074
5,486,314.06382978723406,and,94,5,486,and,4873010095,3,9.687797311073117
5,487,304.21276595744683,"said,",94,5,487,said,171981082,5,8.235480676937357
5,488,323.29787234042556,with,94,5,488,with,1110064802,4,9.0453483322367
5,489,319.67021276595744,a,94,5,489,a,3213754375,1,9.507012680872096
5,490,324.21276595744683,beaming,94,5,490,beaming,304264,7,5.483250570411924
5,491,360.98936170212767,smile,94,5,491,smile,8995820,5,6.954040756924908
5,492,319.2659574468085,on,94,5,492,on,993594775,2,8.99720929902148
5,493,314.531914893617,my,94,5,493,my,230745730,2,8.363133673058314
5,494,293.79347826086956,"face,",92,5,494,face,45765806,5,7.660541115300077
5,495,307.2795698924731,'I,93,5,495,I,926120510,2,8.96666750225725
5,496,326.2258064516129,want,93,5,496,want,61590617,4,7.789514554769799
5,497,295.0967741935484,an,93,5,497,an,576832090,2,8.761049412810996
5,498,315.3936170212766,Elvis,94,5,498,Elvis,650069,5,5.812959456225692
5,499,320.4574468085106,haircut.,94,5,499,haircut,210866,8,5.324006559811769
5,500,373.6595744680851,Can,94,5,500,Can,10473641,3,7.020097683715646
5,501,316.1170212765957,you,94,5,501,you,578117187,3,8.762015880823492
5,502,296.61290322580646,make,93,5,502,make,111219711,4,8.046181762245393
5,503,300.28723404255317,my,94,5,503,my,230745730,2,8.363133673058314
5,504,298.09574468085106,hair,94,5,504,hair,16590025,4,7.21984704047607
5,505,304.531914893617,like,94,5,505,like,167991828,4,8.225288155887608
5,506,351.8817204301075,Elvis's?',93,5,506,Elvis 's,37482,9,4.573822756329665
5,507,360.29347826086956,I,92,5,507,I,926120510,1,8.96666750225725
5,508,351.02150537634407,asked.,93,5,508,asked,46175331,6,7.664410017289502
5,509,349.6666666666667,The,93,5,509,The,1217211729,3,9.085366128549287
5,510,328.7741935483871,"barber,",93,5,510,barber,394790,7,5.596366143491465
5,511,302.78723404255317,who,94,5,511,who,294018466,3,8.46837460738514
5,512,320.71276595744683,was,94,5,512,was,1140172617,3,9.056970606543045
5,513,305.75531914893617,a,94,5,513,a,3213754375,1,9.507012680872096
5,514,320.6914893617021,genial,94,5,514,genial,292785,6,5.46654882312372
5,515,357.93617021276594,young,94,5,515,young,42619892,5,7.629612344865197
5,516,337.71276595744683,"man,",94,5,516,man,97465290,4,7.988849979336074
5,517,353.4148936170213,grinned,94,5,517,grinned,1562726,7,6.193882837827535
5,518,350.63829787234044,back,94,5,518,back,107859495,4,8.032858382582713
5,519,316.02127659574467,at,94,5,519,at,654432238,2,8.815864684979672
5,520,321.63829787234044,me,94,5,520,me,196933753,2,8.294320157404627
5,521,306.67021276595744,and,94,5,521,and,4873010095,3,9.687797311073117
5,522,293.9247311827957,said,93,5,522,said,171981082,4,8.235480676937357
5,523,301.1720430107527,that,93,5,523,that,1746480437,4,9.24216372530116
5,524,315.3225806451613,he,93,5,524,he,602878183,2,8.780229567869084
5,525,309.59139784946234,would,93,5,525,would,319551796,5,8.504541262788026
5,526,302.59139784946234,try,93,5,526,try,21092781,3,7.324133843529464
5,527,308.1505376344086,his,93,5,527,his,632876249,3,8.80131879748875
5,528,308.48387096774195,best.,93,5,528,best,50874818,5,7.7065028685873385
5,529,342.0,I,93,5,529,I,926120510,1,8.96666750225725
5,530,294.0752688172043,was,93,5,530,was,1140172617,3,9.056970606543045
5,531,309.79787234042556,so,94,5,531,so,252284174,2,8.401890007711213
5,532,292.0967741935484,happy,93,5,532,happy,12121639,5,7.083561345946676
5,533,294.5268817204301,when,93,5,533,when,249000060,4,8.396199451744996
5,534,280.4148936170213,he,94,5,534,he,602878183,2,8.780229567869084
5,535,279.5851063829787,started,94,5,535,started,22218842,7,7.34672142066627
5,536,295.3936170212766,to,94,5,536,to,4223327232,2,9.62565473275005
5,537,319.1182795698925,cut,93,5,537,cut,19831304,3,7.297351272015939
5,538,293.82978723404256,my,94,5,538,my,230745730,2,8.363133673058314
5,539,318.56382978723406,"hair,",94,5,539,hair,16590025,5,7.21984704047607
5,540,291.93548387096774,but,93,5,540,but,422070748,3,8.625385254020305
5,541,297.5483870967742,just,93,5,541,just,113263289,4,8.054089168749202
5,542,313.7717391304348,as,92,5,542,as,1139819594,2,9.056836118415085
5,543,304.1170212765957,he,94,5,543,he,602878183,2,8.780229567869084
5,544,307.40425531914894,started,94,5,544,started,22218842,7,7.34672142066627
5,545,317.77659574468083,to,94,5,545,to,4223327232,2,9.62565473275005
5,546,304.02127659574467,"cut,",94,5,546,cut,19831304,4,7.297351272015939
5,547,305.3723404255319,the,94,5,547,the,9819942513,3,9.992108945387768
5,548,342.28723404255317,"matron,",94,5,548,matron,214787,7,5.332007992115421
5,549,337.71276595744683,who,94,5,549,who,294018466,3,8.46837460738514
5,550,357.5744680851064,had,94,5,550,had,537932901,3,8.730728107371226
5,551,321.6063829787234,been,94,5,551,been,310806848,4,8.492490579034436
5,552,321.752688172043,watching,93,5,552,watching,7234206,8,6.859390871496305
5,553,304.4731182795699,me,93,5,553,me,196933753,2,8.294320157404627
5,554,301.06666666666666,and,90,5,554,and,4873010095,3,9.687797311073117
5,555,308.7204301075269,had,93,5,555,had,537932901,3,8.730728107371226
5,556,314.25531914893617,a,94,5,556,a,3213754375,1,9.507012680872096
5,557,308.51063829787233,look,94,5,557,look,47510867,4,7.676792955695573
5,558,319.52127659574467,as,94,5,558,as,1139819594,2,9.056836118415085
5,559,311.6559139784946,cold,93,5,559,cold,14949741,4,7.174633668697561
5,560,311.8478260869565,as,92,5,560,as,1139819594,2,9.056836118415085
5,561,327.1595744680851,"ice,",94,5,561,ice,8173957,4,6.912432348727686
5,562,353.90425531914894,motioned,94,5,562,motioned,584481,8,5.7667703979114195
5,563,333.8723404255319,for,94,5,563,for,1388290219,3,9.14248026391068
5,564,329.0744680851064,him,94,5,564,him,230330497,3,8.362351444703018
5,565,316.3085106382979,to,94,5,565,to,4223327232,2,9.62565473275005
5,566,296.21276595744683,come,94,5,566,come,69378970,4,7.841227848019203
5,567,299.1808510638298,over,94,5,567,over,162192656,4,8.210031185689672
5,568,315.86021505376345,to,93,5,568,to,4223327232,2,9.62565473275005
5,569,299.06451612903226,where,93,5,569,where,136128991,5,8.133950625501162
5,570,310.0,she,93,5,570,she,278699382,3,8.445136005691102
5,571,296.63829787234044,was,94,5,571,was,1140172617,3,9.056970606543045
5,572,308.4574468085106,standing.,94,5,572,standing,13587754,9,7.133147675568489
5,573,340.5744680851064,She,94,5,573,She,118491481,3,8.07368712766523
5,574,331.8936170212766,whispered,94,5,574,whispered,3750988,9,6.574145674776657
5,575,343.3510638297872,something,94,5,575,something,56397999,9,7.751263695496204
5,576,302.97849462365593,into,93,5,576,into,254637739,4,8.40592276940739
5,577,304.4516129032258,his,93,5,577,his,632876249,3,8.80131879748875
5,578,291.968085106383,ear,94,5,578,ear,5829757,3,6.765650452570586
5,579,300.3936170212766,that,94,5,579,that,1746480437,4,9.24216372530116
5,580,295.77659574468083,caused,94,5,580,caused,16335731,6,7.213138573287307
5,581,311.1808510638298,the,94,5,581,the,9819942513,3,9.992108945387768
5,582,306.52127659574467,barber,94,5,582,barber,394790,6,5.596366143491465
5,583,308.5851063829787,to,94,5,583,to,4223327232,2,9.62565473275005
5,584,316.82978723404256,shake,94,5,584,shake,2330953,5,6.3675335167439
5,585,334.55913978494624,his,93,5,585,his,632876249,3,8.80131879748875
5,586,324.1063829787234,"head,",94,5,586,head,48252042,5,7.683515697173422
5,587,333.9032258064516,like,93,5,587,like,167991828,4,8.225288155887608
5,588,331.5108695652174,he,92,5,588,he,602878183,2,8.780229567869084
5,589,318.4731182795699,was,93,5,589,was,1140172617,3,9.056970606543045
5,590,296.9148936170213,telling,94,5,590,telling,8529549,7,6.930926068448945
5,591,306.8085106382979,"her,",94,5,591,her,415597541,4,8.61867296926702
5,592,382.72340425531917,'No'.,94,5,592,No,46414615,5,7.666654752417921
5,593,405.21276595744683,In,94,5,593,In,372732694,2,8.57139748827585
5,594,356.06382978723406,"response,",94,5,594,response,28758864,9,7.458771727042022
5,595,334.3510638297872,the,94,5,595,the,9819942513,3,9.992108945387768
5,596,316.98924731182797,matron,93,5,596,matron,214787,6,5.332007992115421
5,597,330.72340425531917,walked,94,5,597,walked,12580771,6,7.0997072572288955
5,598,366.26881720430106,over,93,5,598,over,162192656,4,8.210031185689672
5,599,320.8152173913044,to,92,5,599,to,4223327232,2,9.62565473275005
5,600,310.70652173913044,a,92,5,600,a,3213754375,1,9.507012680872096
5,601,324.98936170212767,little,94,5,601,little,78869880,6,7.89691118005035
5,602,310.01075268817203,man,93,5,602,man,97465290,3,7.988849979336074
5,603,337.17021276595744,sitting,94,5,603,sitting,10039381,7,7.0017069362580315
5,604,309.83870967741933,in,93,5,604,in,3271087682,2,9.514692185610274
5,605,299.4623655913978,an,93,5,605,an,576832090,2,8.761049412810996
5,606,326.27659574468083,office,94,5,606,office,24308787,6,7.3857632882407085
5,607,322.5744680851064,chair,94,5,607,chair,8889250,5,6.948865120407578
5,608,314.32978723404256,that,94,5,608,that,1746480437,4,9.24216372530116
5,609,333.6170212765957,squeaked,94,5,609,squeaked,116770,8,5.067331280208168
5,610,337.6808510638298,as,94,5,610,as,1139819594,2,9.056836118415085
5,611,339.0537634408602,it,93,5,611,it,908536386,2,8.958342325064617
5,612,308.89247311827955,rolled,93,5,612,rolled,3677748,6,6.56558196798013
5,613,322.9255319148936,around,94,5,613,around,66671286,6,7.823938832166472
5,614,315.28723404255317,the,94,5,614,the,9819942513,3,9.992108945387768
5,615,301.3369565217391,floor,92,5,615,floor,15763266,5,7.197646204195896
5,616,319.97849462365593,and,93,5,616,and,4873010095,3,9.687797311073117
5,617,309.7826086956522,spoke,92,5,617,spoke,11008911,5,7.04174436074451
5,618,298.1630434782609,to,92,5,618,to,4223327232,2,9.62565473275005
5,619,287.78494623655916,him.,93,5,619,him,230330497,4,8.362351444703018
5,620,331.9462365591398,It,93,5,620,It,278516683,2,8.444851214295534
5,621,318.7659574468085,was,94,5,621,was,1140172617,3,9.056970606543045
5,622,281.7340425531915,the,94,5,622,the,9819942513,3,9.992108945387768
5,623,318.71276595744683,little,94,5,623,little,78869880,6,7.89691118005035
5,624,307.39784946236557,man,93,5,624,man,97465290,3,7.988849979336074
5,625,294.6195652173913,who,92,5,625,who,294018466,3,8.46837460738514
5,626,317.23655913978496,then,93,5,626,then,161019392,4,8.206878182438311
5,627,304.10869565217394,walked,92,5,627,walked,12580771,6,7.0997072572288955
5,628,293.6595744680851,over,94,5,628,over,162192656,4,8.210031185689672
5,629,284.6666666666667,and,93,5,629,and,4873010095,3,9.687797311073117
5,630,290.98924731182797,said,93,5,630,said,171981082,4,8.235480676937357
5,631,307.61290322580646,something,93,5,631,something,56397999,9,7.751263695496204
5,632,319.9574468085106,to,94,5,632,to,4223327232,2,9.62565473275005
5,633,293.5531914893617,the,94,5,633,the,9819942513,3,9.992108945387768
5,634,298.5,man,94,5,634,man,97465290,3,7.988849979336074
5,635,312.968085106383,who,94,5,635,who,294018466,3,8.46837460738514
5,636,301.0537634408602,was,93,5,636,was,1140172617,3,9.056970606543045
5,637,279.98936170212767,cutting,94,5,637,cutting,5223062,7,6.717925181130515
5,638,280.63829787234044,my,94,5,638,my,230745730,2,8.363133673058314
5,639,297.35483870967744,hair.,93,5,639,hair,16590025,5,7.21984704047607
5,640,310.1758241758242,The,91,5,640,The,1217211729,3,9.085366128549287
5,641,319.3510638297872,next,94,5,641,next,47961300,4,7.6808909462194475
5,642,290.18279569892474,thing,93,5,642,thing,36695676,5,7.564614892590644
5,643,277.6847826086956,I,92,5,643,I,926120510,1,8.96666750225725
5,644,287.0,"knew,",92,5,644,knew,37182349,5,7.570336822916057
5,645,303.8085106382979,the,94,5,645,the,9819942513,3,9.992108945387768
5,646,321.9148936170213,man,94,5,646,man,97465290,3,7.988849979336074
5,647,288.52127659574467,who,94,5,647,who,294018466,3,8.46837460738514
5,648,290.0425531914894,was,94,5,648,was,1140172617,3,9.056970606543045
5,649,292.03225806451616,cutting,93,5,649,cutting,5223062,7,6.717925181130515
5,650,282.5483870967742,my,93,5,650,my,230745730,2,8.363133673058314
5,651,273.9255319148936,hair,94,5,651,hair,16590025,4,7.21984704047607
5,652,296.5531914893617,told,94,5,652,told,43901950,4,7.642483810798649
5,653,297.63440860215053,me,93,5,653,me,196933753,2,8.294320157404627
5,654,285.19354838709677,that,93,5,654,that,1746480437,4,9.24216372530116
5,655,313.06451612903226,he,93,5,655,he,602878183,2,8.780229567869084
5,656,308.1505376344086,was,93,5,656,was,1140172617,3,9.056970606543045
5,657,302.18279569892474,no,93,5,657,no,236436100,2,8.373713787073193
5,658,328.505376344086,longer,93,5,658,longer,28040212,6,7.447781292821087
5,659,325.86170212765956,allowed,94,5,659,allowed,17955384,7,7.254194697532142
5,660,313.48387096774195,to,93,5,660,to,4223327232,2,9.62565473275005
5,661,303.6304347826087,give,92,5,661,give,51024596,4,7.707779574766544
5,662,292.0537634408602,me,93,5,662,me,196933753,2,8.294320157404627
5,663,304.22340425531917,an,94,5,663,an,576832090,2,8.761049412810996
5,664,310.0851063829787,Elvis,94,5,664,Elvis,650069,5,5.812959456225692
5,665,298.97849462365593,cut.,93,5,665,cut,19831304,4,7.297351272015939
5,666,338.0869565217391,'Why,92,5,666,Why,23831262,4,7.3771470413025595
5,667,352.63829787234044,not?',94,5,667,not,1006314753,5,9.002733839677335
5,668,326.36170212765956,I,94,5,668,I,926120510,1,8.96666750225725
5,669,308.4255319148936,cried,94,5,669,cried,5416949,5,6.73375474676999
5,670,350.86170212765956,desperately.,94,5,670,desperately,1575581,12,6.197440734992582
5,671,342.28723404255317,The,94,5,671,The,1217211729,3,9.085366128549287
5,672,330.18279569892474,kindly,93,5,672,kindly,1664380,6,6.2212524884584335
5,673,347.8191489361702,barber,94,5,673,barber,394790,6,5.596366143491465
5,674,333.2795698924731,stopped,93,5,674,stopped,11653050,7,7.066439609894952
5,675,333.51612903225805,by,93,5,675,by,877228367,2,8.94311266704604
5,676,333.0744680851064,the,94,5,676,the,9819942513,3,9.992108945387768
5,677,344.06382978723406,matron,94,5,677,matron,214787,6,5.332007992115421
5,678,350.1914893617021,did,94,5,678,did,164942220,3,8.217331835548208
5,679,441.72340425531917,not,94,5,679,not,1006314753,3,9.002733839677335
5,680,410.25531914893617,"answer,",94,5,680,answer,23098124,7,7.3635767084837855
5,681,411.10752688172045,but,93,5,681,but,422070748,3,8.625385254020305
5,682,370.6559139784946,from,93,5,682,from,708532803,4,8.850359961615387
5,683,318.81720430107526,his,93,5,683,his,632876249,3,8.80131879748875
5,684,326.0967741935484,"expression,",93,5,684,expression,20601318,11,7.313895005894235
5,685,350.1290322580645,I,93,5,685,I,926120510,1,8.96666750225725
5,686,307.77659574468083,could,94,5,686,could,205904563,5,8.313665971017075
5,687,298.1276595744681,tell,94,5,687,tell,34311287,4,7.535437008540445
5,688,299.1290322580645,that,93,5,688,that,1746480437,4,9.24216372530116
5,689,292.9139784946237,he,93,5,689,he,602878183,2,8.780229567869084
5,690,302.8279569892473,wished,93,5,690,wished,4999448,6,6.698922055578397
5,691,329.0752688172043,he,93,5,691,he,602878183,2,8.780229567869084
5,692,320.81720430107526,could,93,5,692,could,205904563,5,8.313665971017075
5,693,304.1720430107527,cut,93,5,693,cut,19831304,3,7.297351272015939
5,694,302.1276595744681,it,94,5,694,it,908536386,2,8.958342325064617
5,695,298.2903225806452,as,93,5,695,as,1139819594,2,9.056836118415085
5,696,303.968085106383,I,94,5,696,I,926120510,1,8.96666750225725
5,697,313.63829787234044,had,94,5,697,had,537932901,3,8.730728107371226
5,698,306.3440860215054,asked.,93,5,698,asked,46175331,6,7.664410017289502
5,699,347.98936170212767,Within,94,5,699,Within,6298400,6,6.799230238433963
5,700,321.56382978723406,a,94,5,700,a,3213754375,1,9.507012680872096
5,701,306.505376344086,few,93,5,701,few,64575815,3,7.810069896034192
5,702,293.4468085106383,"minutes,",94,5,702,minutes,19913825,8,7.2991546862878645
5,703,319.3510638297872,it,94,5,703,it,908536386,2,8.958342325064617
5,704,314.752688172043,wasn't,93,5,704,was n't,15985,6,4.203712640607707
5,705,310.4731182795699,an,93,5,705,an,576832090,2,8.761049412810996
5,706,306.90425531914894,Elvis,94,5,706,Elvis,650069,5,5.812959456225692
5,707,337.79787234042556,"haircut,",94,5,707,haircut,210866,8,5.324006559811769
5,708,302.3085106382979,but,94,5,708,but,422070748,3,8.625385254020305
5,709,295.43617021276594,a,94,5,709,a,3213754375,1,9.507012680872096
5,710,294.5376344086022,short,93,5,710,short,35215395,5,7.546732564100159
5,711,312.6595744680851,buzz,94,5,711,buzz,435991,4,5.639477524381707
5,712,335.0851063829787,cut,94,5,712,cut,19831304,3,7.297351272015939
5,713,328.5,that,94,5,713,that,1746480437,4,9.24216372530116
5,714,310.48387096774195,the,93,5,714,the,9819942513,3,9.992108945387768
5,715,308.7340425531915,barber,94,5,715,barber,394790,6,5.596366143491465
5,716,321.90425531914894,had,94,5,716,had,537932901,3,8.730728107371226
5,717,318.86021505376345,given,93,5,717,given,66612125,5,7.82355328834915
5,718,319.36170212765956,me.,94,5,718,me,196933753,3,8.294320157404627
5,719,353.4347826086956,When,92,5,719,When,89217452,4,7.950449815877786
5,720,331.4193548387097,he,93,5,720,he,602878183,2,8.780229567869084
5,721,323.75531914893617,finished,94,5,721,finished,8993459,8,6.9539267591068
5,722,306.2043010752688,shaving,93,5,722,shaving,338391,7,5.52941880382823
5,723,321.1808510638298,off,94,5,723,off,72362056,3,7.85951089783357
5,724,324.98936170212767,all,94,5,724,all,374139462,3,8.573033517406971
5,725,325.5851063829787,my,94,5,725,my,230745730,2,8.363133673058314
5,726,312.2340425531915,hair,94,5,726,hair,16590025,4,7.21984704047607
5,727,317.3191489361702,and,94,5,727,and,4873010095,3,9.687797311073117
5,728,327.2258064516129,made,93,5,728,made,132945317,4,8.123673043909942
5,729,294.63440860215053,me,93,5,729,me,196933753,2,8.294320157404627
5,730,294.4468085106383,smell,94,5,730,smell,3934490,5,6.59488844583352
5,731,313.28723404255317,real,94,5,731,real,40475381,4,7.60719094551482
5,732,320.80645161290323,good,93,5,732,good,99518711,4,7.997904742254174
5,733,326.03225806451616,with,93,5,733,with,1110064802,4,9.0453483322367
5,734,307.13829787234044,his,94,5,734,his,632876249,3,8.80131879748875
5,735,303.77659574468083,"powder,",94,5,735,powder,3003953,7,6.4776931333919405
5,736,339.13978494623655,the,93,5,736,the,9819942513,3,9.992108945387768
5,737,328.6595744680851,barber,94,5,737,barber,394790,6,5.596366143491465
5,738,328.4623655913978,handed,93,5,738,handed,5039115,6,6.702354269706338
5,739,312.09574468085106,me,94,5,739,me,196933753,2,8.294320157404627
5,740,310.19354838709677,a,93,5,740,a,3213754375,1,9.507012680872096
5,741,308.98936170212767,nickel,94,5,741,nickel,929620,6,5.968305458630811
5,742,339.0425531914894,and,94,5,742,and,4873010095,3,9.687797311073117
5,743,319.0,told,93,5,743,told,43901950,4,7.642483810798649
5,744,302.9032258064516,me,93,5,744,me,196933753,2,8.294320157404627
5,745,289.3225806451613,to,93,5,745,to,4223327232,2,9.62565473275005
5,746,298.6559139784946,go,93,5,746,go,74237337,2,7.870622384722818
5,747,296.494623655914,outside,93,5,747,outside,28641062,7,7.456989117413357
5,748,306.02127659574467,to,94,5,748,to,4223327232,2,9.62565473275005
5,749,309.40860215053766,the,93,5,749,the,9819942513,3,9.992108945387768
5,750,300.3404255319149,snack,94,5,750,snack,604773,5,5.7815923939138525
5,751,312.741935483871,machine,93,5,751,machine,11313867,7,7.053611069091893
5,752,313.9569892473118,and,93,5,752,and,4873010095,3,9.687797311073117
5,753,303.8279569892473,buy,93,5,753,buy,10703771,3,7.029536809084042
5,754,307.3085106382979,myself,94,5,754,myself,19447387,6,7.2888612566789055
5,755,303.247311827957,a,93,5,755,a,3213754375,1,9.507012680872096
5,756,318.18279569892474,candy,93,5,756,candy,1070570,5,6.029615069220208
5,757,317.1720430107527,bar.,93,5,757,bar,9621120,4,6.983225631446026
5,758,360.60215053763443,I,93,5,758,I,926120510,1,8.96666750225725
5,759,319.8279569892473,handed,93,5,759,handed,5039115,6,6.702354269706338
5,760,309.9574468085106,him,94,5,760,him,230330497,3,8.362351444703018
5,761,300.0425531914894,the,94,5,761,the,9819942513,3,9.992108945387768
5,762,295.1182795698925,nickel,93,5,762,nickel,929620,6,5.968305458630811
5,763,301.07608695652175,back,92,5,763,back,107859495,4,8.032858382582713
5,764,318.7659574468085,and,94,5,764,and,4873010095,3,9.687797311073117
5,765,322.2340425531915,told,94,5,765,told,43901950,4,7.642483810798649
5,766,300.9247311827957,him,93,5,766,him,230330497,3,8.362351444703018
5,767,285.8279569892473,that,93,5,767,that,1746480437,4,9.24216372530116
5,768,304.0537634408602,I,93,5,768,I,926120510,1,8.96666750225725
5,769,297.68817204301075,was,93,5,769,was,1140172617,3,9.056970606543045
5,770,283.31182795698925,not,93,5,770,not,1006314753,3,9.002733839677335
5,771,292.83870967741933,hungry.,93,5,771,hungry,2856691,7,6.455863266545677
5,772,355.7659574468085,'I'm,94,5,772,I 'm,39638273,4,7.598114724448228
5,773,322.531914893617,so,94,5,773,so,252284174,2,8.401890007711213
5,774,318.7204301075269,"sorry,",93,5,774,sorry,5821062,6,6.765002224970241
5,775,332.51063829787233,"baby,'",94,5,775,baby,11074167,6,7.0443110684473265
5,776,397.09574468085106,he,94,5,776,he,602878183,2,8.780229567869084
5,777,381.59139784946234,"said,",93,5,777,said,171981082,5,8.235480676937357
5,778,388.9130434782609,as,92,5,778,as,1139819594,2,9.056836118415085
5,779,370.6276595744681,I,94,5,779,I,926120510,1,8.96666750225725
5,780,331.3085106382979,climbed,94,5,780,climbed,2532328,7,6.4035199570184345
5,781,314.78494623655916,out,93,5,781,out,242417228,3,8.384563480838569
5,782,305.1195652173913,of,92,5,782,of,6162371881,2,9.789747903165104
5,783,293.25531914893617,his,94,5,783,his,632876249,3,8.80131879748875
5,784,318.17021276595744,barber,94,5,784,barber,394790,6,5.596366143491465
5,785,326.06451612903226,chair.,93,5,785,chair,8889250,6,6.948865120407578
5,786,326.26881720430106,'I,93,5,786,I,926120510,2,8.96666750225725
5,787,318.61290322580646,am,93,5,787,am,41836698,2,7.621557400119035
5,788,307.3440860215054,not,93,5,788,not,1006314753,3,9.002733839677335
5,789,300.3478260869565,a,92,5,789,a,3213754375,1,9.507012680872096
5,790,326.0326086956522,"baby,'",92,5,790,baby,11074167,6,7.0443110684473265
5,791,380.60215053763443,I,93,5,791,I,926120510,1,8.96666750225725
5,792,342.39130434782606,"said,",92,5,792,said,171981082,5,8.235480676937357
5,793,343.6923076923077,as,91,5,793,as,1139819594,2,9.056836118415085
5,794,319.98924731182797,I,93,5,794,I,926120510,1,8.96666750225725
5,795,302.64835164835165,wiped,91,5,795,wiped,1470454,5,6.167451443084066
5,796,307.5978260869565,the,92,5,796,the,9819942513,3,9.992108945387768
5,797,338.64130434782606,tears,92,5,797,tears,6156948,5,6.789365485667424
5,798,313.2043010752688,from,93,5,798,from,708532803,4,8.850359961615387
5,799,291.9139784946237,my,93,5,799,my,230745730,2,8.363133673058314
5,800,324.8494623655914,eyes.,93,5,800,eyes,42210806,5,7.62542364492888
5,801,303.57608695652175,I,92,5,801,I,926120510,1,8.96666750225725
5,802,308.28723404255317,then,94,5,802,then,161019392,4,8.206878182438311
5,803,305.5425531914894,sat,94,5,803,sat,14799021,3,7.170232986451663
5,804,299.6373626373626,down,91,5,804,down,98751710,4,7.99454462467454
5,805,313.5698924731183,on,93,5,805,on,993594775,2,8.99720929902148
5,806,331.0,the,92,5,806,the,9819942513,3,9.992108945387768
5,807,297.8279569892473,floor,93,5,807,floor,15763266,5,7.197646204195896
5,808,290.13829787234044,and,94,5,808,and,4873010095,3,9.687797311073117
5,809,290.2043010752688,brushed,93,5,809,brushed,1150796,7,6.060998343676277
5,810,297.7741935483871,away,93,5,810,away,56906743,4,7.7551637299132725
5,811,291.0537634408602,the,93,5,811,the,9819942513,3,9.992108945387768
5,812,291.25531914893617,hair,94,5,812,hair,16590025,4,7.21984704047607
5,813,309.61290322580646,that,93,5,813,that,1746480437,4,9.24216372530116
5,814,298.8131868131868,had,91,5,814,had,537932901,3,8.730728107371226
5,815,342.7032967032967,accumulated,91,5,815,accumulated,2139868,11,6.330386984265215
5,816,335.7741935483871,on,93,5,816,on,993594775,2,8.99720929902148
5,817,290.2391304347826,my,92,5,817,my,230745730,2,8.363133673058314
5,818,306.54347826086956,shiny,92,5,818,shiny,940068,5,5.973159269511019
5,819,307.6914893617021,new,94,5,819,new,140488451,3,8.147640624076509
5,820,308.5806451612903,Buster,93,5,820,Buster,233013,6,5.367380151372667
5,821,321.17391304347825,Brown,92,5,821,Brown,9564348,5,6.980655369590344
5,822,323.8085106382979,shoes.,94,5,822,shoes,4271116,6,6.630541366668168
5,823,353.71276595744683,My,94,5,823,My,34976117,2,7.543771593047782
5,824,333.0860215053763,head,93,5,824,head,48252042,4,7.683515697173422
5,825,313.81720430107526,was,93,5,825,was,1140172617,3,9.056970606543045
5,826,299.17021276595744,no,94,5,826,no,236436100,2,8.373713787073193
5,827,299.55913978494624,longer,93,5,827,longer,28040212,6,7.447781292821087
5,828,286.67391304347825,in,92,5,828,in,3271087682,2,9.514692185610274
5,829,293.18279569892474,the,93,5,829,the,9819942513,3,9.992108945387768
5,830,285.5978260869565,"clouds,",92,5,830,clouds,3380244,7,6.528948050582061
5,831,305.5376344086022,and,93,5,831,and,4873010095,3,9.687797311073117
5,832,297.26881720430106,I,93,5,832,I,926120510,1,8.96666750225725
5,833,291.4516129032258,got,93,5,833,got,43005809,3,7.633527121771523
5,834,286.03225806451616,up,93,5,834,up,232348461,2,8.366139800200205
5,835,293.1505376344086,off,93,5,835,off,72362056,3,7.85951089783357
5,836,284.5263157894737,the,95,5,836,the,9819942513,3,9.992108945387768
5,837,298.79787234042556,"floor,",94,5,837,floor,15763266,6,7.197646204195896
5,838,298.80645161290323,brushed,93,5,838,brushed,1150796,7,6.060998343676277
5,839,305.1182795698925,off,93,5,839,off,72362056,3,7.85951089783357
5,840,292.82978723404256,my,94,5,840,my,230745730,2,8.363133673058314
5,841,285.02150537634407,short,93,5,841,short,35215395,5,7.546732564100159
5,842,314.79347826086956,"pants,",92,5,842,pants,1736028,6,6.239556725533692
5,843,318.0978260869565,and,92,5,843,and,4873010095,3,9.687797311073117
5,844,336.258064516129,walked,93,5,844,walked,12580771,6,7.0997072572288955
5,845,300.3369565217391,sullenly,92,5,845,sullenly,99652,8,4.998486019346065
5,846,343.9894736842105,towards,95,5,846,towards,20140341,7,7.304066819403529
5,847,336.3763440860215,the,93,5,847,the,9819942513,3,9.992108945387768
5,848,294.7608695652174,door.,92,5,848,door,28468168,5,7.454359520076683
5,849,331.59574468085106,The,94,5,849,The,1217211729,3,9.085366128549287
5,850,311.8829787234043,matron,94,5,850,matron,214787,6,5.332007992115421
5,851,310.04347826086956,was,92,5,851,was,1140172617,3,9.056970606543045
5,852,307.9462365591398,smiling,93,5,852,smiling,3119136,7,6.49403431119891
5,853,299.01075268817203,at,93,5,853,at,654432238,2,8.815864684979672
5,854,294.86813186813185,me,91,5,854,me,196933753,2,8.294320157404627
5,855,300.4193548387097,sort,93,5,855,sort,15450103,4,7.188931379047749
5,856,299.46315789473687,of,95,5,856,of,6162371881,2,9.789747903165104
5,857,295.3723404255319,funny,94,5,857,funny,2653472,5,6.423814509221989
5,858,320.5108695652174,like.,92,5,858,like,167991828,5,8.225288155887608
5,859,360.4574468085106,The,94,5,859,The,1217211729,3,9.085366128549287
5,860,338.13829787234044,barber,94,5,860,barber,394790,6,5.596366143491465
5,861,314.02150537634407,upset,93,5,861,upset,3061407,5,6.48592107089235
5,862,319.4526315789474,by,95,5,862,by,877228367,2,8.94311266704604
5,863,329.6421052631579,the,95,5,863,the,9819942513,3,9.992108945387768
5,864,302.09473684210525,matron,95,5,864,matron,214787,6,5.332007992115421
5,865,325.031914893617,said,94,5,865,said,171981082,4,8.235480676937357
5,866,317.86021505376345,to,93,5,866,to,4223327232,2,9.62565473275005
5,867,329.2340425531915,"her,",94,5,867,her,415597541,4,8.61867296926702
5,868,339.8494623655914,'You,93,5,868,You,108628627,4,8.03594429035236
5,869,328.72340425531917,are,94,5,869,are,817391287,3,8.912430004028879
5,870,304.1276595744681,just,94,5,870,just,113263289,4,8.054089168749202
5,871,310.9574468085106,a,94,5,871,a,3213754375,1,9.507012680872096
5,872,330.2842105263158,damn,95,5,872,damn,2010010,4,6.303198218084178
5,873,369.0860215053763,"bitch,",93,5,873,bitch,945530,6,5.975675312797943
5,874,405.8279569892473,lady.',93,5,874,lady,6862097,6,6.836456852785587
5,875,428.2795698924731,She,93,5,875,She,118491481,3,8.07368712766523
5,876,384.71276595744683,yelled,94,5,876,yelled,1620781,6,6.209724336923213
5,877,347.90425531914894,back,94,5,877,back,107859495,4,8.032858382582713
5,878,308.77659574468083,at,94,5,878,at,654432238,2,8.815864684979672
5,879,308.79787234042556,him,94,5,879,him,230330497,3,8.362351444703018
5,880,357.3085106382979,at,94,5,880,at,654432238,2,8.815864684979672
5,881,344.1182795698925,the,93,5,881,the,9819942513,3,9.992108945387768
5,882,314.468085106383,top,94,5,882,top,26274935,3,7.419541650326303
5,883,292.5531914893617,of,94,5,883,of,6162371881,2,9.789747903165104
5,884,291.1505376344086,her,93,5,884,her,415597541,3,8.61867296926702
5,885,317.7659574468085,"lungs,",94,5,885,lungs,2205601,6,6.343526950003041
5,886,335.1914893617021,before,94,5,886,before,114226587,6,8.0577672006131
5,887,311.1489361702128,walking,94,5,887,walking,7623336,7,6.882145061804675
5,888,316.01075268817203,toward,93,5,888,toward,32888621,6,7.517045664159275
5,889,305.5,the,94,5,889,the,9819942513,3,9.992108945387768
5,890,311.29347826086956,"office,",92,5,890,office,24308787,7,7.3857632882407085
5,891,328.97872340425533,as,94,5,891,as,1139819594,2,9.056836118415085
5,892,309.69473684210527,fast,95,5,892,fast,11581233,4,7.063754799166018
5,893,297.21276595744683,as,94,5,893,as,1139819594,2,9.056836118415085
5,894,304.0425531914894,she,94,5,894,she,278699382,3,8.445136005691102
5,895,326.5806451612903,could.,93,5,895,could,205904563,6,8.313665971017075
5,896,334.93548387096774,To,93,5,896,To,69417655,2,7.841469938667553
5,897,319.40425531914894,show,94,5,897,show,38166852,4,7.581686340839613
5,898,305.5744680851064,his,94,5,898,his,632876249,3,8.80131879748875
5,899,333.25531914893617,"anger,",94,5,899,anger,6714851,6,6.827036380281616
5,900,328.2736842105263,the,95,5,900,the,9819942513,3,9.992108945387768
5,901,320.40425531914894,man,94,5,901,man,97465290,3,7.988849979336074
5,902,317.56382978723406,hit,94,5,902,hit,9467805,3,6.976249304570091
5,903,304.1808510638298,the,94,5,903,the,9819942513,3,9.992108945387768
5,904,324.2258064516129,wall,93,5,904,wall,16611174,4,7.220400327436585
5,905,328.7340425531915,with,94,5,905,with,1110064802,4,9.0453483322367
5,906,304.8709677419355,his,93,5,906,his,632876249,3,8.80131879748875
5,907,317.1182795698925,hand,93,5,907,hand,63081980,4,7.799905316387664
5,908,306.1595744680851,and,94,5,908,and,4873010095,3,9.687797311073117
5,909,330.6847826086956,then,92,5,909,then,161019392,4,8.206878182438311
5,910,311.2258064516129,walked,93,5,910,walked,12580771,6,7.0997072572288955
5,911,309.4468085106383,outside,94,5,911,outside,28641062,7,7.456989117413357
5,912,329.1847826086956,where,92,5,912,where,136128991,5,8.133950625501162
5,913,292.468085106383,he,94,5,913,he,602878183,2,8.780229567869084
5,914,299.4574468085106,stood,94,5,914,stood,17437380,5,7.241481231914181
5,915,331.8085106382979,against,94,5,915,against,79033828,7,7.897813017482879
5,916,303.1720430107527,the,93,5,916,the,9819942513,3,9.992108945387768
5,917,322.8829787234043,brick,94,5,917,brick,2410149,5,6.382043892316577
5,918,344.8279569892473,"wall,",93,5,918,wall,16611174,5,7.220400327436585
5,919,329.31111111111113,smoking,90,5,919,smoking,3671304,7,6.56482034747217
5,920,329.4255319148936,a,94,5,920,a,3213754375,1,9.507012680872096
5,921,333.51612903225805,cigarette.,93,5,921,cigarette,2291328,10,6.3600872622116285
5,922,347.7741935483871,I,93,5,922,I,926120510,1,8.96666750225725
5,923,339.7741935483871,understood,93,5,923,understood,13568850,10,7.132543041483021
5,924,325.1595744680851,right,94,5,924,right,91408680,5,7.960987437496594
5,925,317.1505376344086,there,93,5,925,there,243799443,5,8.38703270906619
5,926,317.9782608695652,my,92,5,926,my,230745730,2,8.363133673058314
5,927,336.32978723404256,haircut,94,5,927,haircut,210866,7,5.324006559811769
5,928,336.5851063829787,was,94,5,928,was,1140172617,3,9.056970606543045
5,929,330.5268817204301,something,93,5,929,something,56397999,9,7.751263695496204
5,930,340.0,that,94,5,930,that,1746480437,4,9.24216372530116
5,931,316.51612903225805,had,93,5,931,had,537932901,3,8.730728107371226
5,932,319.06382978723406,been,94,5,932,been,310806848,4,8.492490579034436
5,933,320.0425531914894,out,94,5,933,out,242417228,3,8.384563480838569
5,934,315.83870967741933,of,93,5,934,of,6162371881,2,9.789747903165104
5,935,294.9462365591398,the,93,5,935,the,9819942513,3,9.992108945387768
5,936,322.22340425531917,power,94,5,936,power,69017913,5,7.838961822728762
5,937,351.1182795698925,of,93,5,937,of,6162371881,2,9.789747903165104
5,938,328.2391304347826,the,92,5,938,the,9819942513,3,9.992108945387768
5,939,312.1808510638298,barber,94,5,939,barber,394790,6,5.596366143491465
5,940,312.468085106383,and,94,5,940,and,4873010095,3,9.687797311073117
5,941,306.52127659574467,then,94,5,941,then,161019392,4,8.206878182438311
5,942,298.5483870967742,I,93,5,942,I,926120510,1,8.96666750225725
5,943,311.4301075268817,slowly,93,5,943,slowly,10859756,6,7.035820067513967
5,944,310.4255319148936,walked,94,5,944,walked,12580771,6,7.0997072572288955
5,945,311.36170212765956,outside,94,5,945,outside,28641062,7,7.456989117413357
5,946,299.494623655914,to,93,5,946,to,4223327232,2,9.62565473275005
5,947,299.60215053763443,join,93,5,947,join,7989363,4,6.902512153955631
5,948,308.8829787234043,the,94,5,948,the,9819942513,3,9.992108945387768
5,949,306.8085106382979,man.,94,5,949,man,97465290,4,7.988849979336074
5,950,343.19354838709677,He,93,5,950,He,239125461,2,8.378625820294372
5,951,336.01075268817203,looked,93,5,951,looked,37086942,6,7.569221025097896
5,952,310.76344086021504,"down,",93,5,952,down,98751710,5,7.99454462467454
5,953,312.2659574468085,smiled,94,5,953,smiled,7544213,6,6.877613941582236
5,954,302.70212765957444,at,94,5,954,at,654432238,2,8.815864684979672
5,955,302.4193548387097,"me,",93,5,955,me,196933753,3,8.294320157404627
5,956,299.3936170212766,then,94,5,956,then,161019392,4,8.206878182438311
5,957,304.8829787234043,he,94,5,957,he,602878183,2,8.780229567869084
5,958,308.67021276595744,patted,94,5,958,patted,663234,6,5.82166678176703
5,959,312.3191489361702,me,94,5,959,me,196933753,2,8.294320157404627
5,960,288.76344086021504,on,93,5,960,on,993594775,2,8.99720929902148
5,961,288.59139784946234,the,93,5,961,the,9819942513,3,9.992108945387768
5,962,299.47872340425533,top,94,5,962,top,26274935,3,7.419541650326303
5,963,280.74468085106383,of,94,5,963,of,6162371881,2,9.789747903165104
5,964,294.8279569892473,my,93,5,964,my,230745730,2,8.363133673058314
5,965,292.6304347826087,bald,92,5,965,bald,737288,4,5.867637165442236
5,966,340.0851063829787,as,94,5,966,as,1139819594,2,9.056836118415085
5,967,442.752688172043,a,93,5,967,a,3213754375,1,9.507012680872096
5,968,404.9569892473118,coot,93,5,968,coot,32122,4,4.506802577762401
5,969,476.19565217391306,head.,92,5,969,head,48252042,5,7.683515697173422
5,970,450.8279569892473,It,93,5,970,It,278516683,2,8.444851214295534
5,971,357.0531914893617,was,94,5,971,was,1140172617,3,9.056970606543045
5,972,334.0752688172043,a,93,5,972,a,3213754375,1,9.507012680872096
5,973,305.494623655914,fact,93,5,973,fact,61142902,4,7.786346047616712
5,974,313.5698924731183,of,93,5,974,of,6162371881,2,9.789747903165104
5,975,315.18279569892474,my,93,5,975,my,230745730,2,8.363133673058314
5,976,314.96774193548384,life,93,5,976,life,120194864,4,8.079885910394554
5,977,320.73118279569894,that,93,5,977,that,1746480437,4,9.24216372530116
5,978,294.16129032258067,I,93,5,978,I,926120510,1,8.96666750225725
5,979,302.06382978723406,was,94,5,979,was,1140172617,3,9.056970606543045
5,980,309.7659574468085,not,94,5,980,not,1006314753,3,9.002733839677335
5,981,287.93548387096774,gonna,93,5,981,gon na,74,5,1.8692317197309762
5,982,285.1595744680851,have,94,5,982,have,593092485,4,8.773122421177646
5,983,291.3829787234043,hair,94,5,983,hair,16590025,4,7.21984704047607
5,984,295.3763440860215,that,93,5,984,that,1746480437,4,9.24216372530116
5,985,314.90425531914894,was,94,5,985,was,1140172617,3,9.056970606543045
5,986,321.52127659574467,anything,94,5,986,anything,29918715,8,7.475942936772855
5,987,325.21505376344084,like,93,5,987,like,167991828,4,8.225288155887608
5,988,302.73118279569894,Elvis's,93,5,988,Elvis 's,37482,7,4.573822756329665
5,989,315.90425531914894,anytime,94,5,989,anytime,511912,7,5.709195310196268
5,990,326.97872340425533,soon.,94,5,990,soon,26497323,5,7.423201999783804
5,991,340.5578947368421,I,95,5,991,I,926120510,1,8.96666750225725
5,992,310.12631578947367,then,95,5,992,then,161019392,4,8.206878182438311
5,993,310.22105263157897,looked,95,5,993,looked,37086942,6,7.569221025097896
5,994,309.7578947368421,up,95,5,994,up,232348461,2,8.366139800200205
5,995,292.71875,at,96,5,995,at,654432238,2,8.815864684979672
5,996,288.4736842105263,the,95,5,996,the,9819942513,3,9.992108945387768
5,997,304.0208333333333,barber,96,5,997,barber,394790,6,5.596366143491465
5,998,314.8541666666667,with,96,5,998,with,1110064802,4,9.0453483322367
5,999,297.0927835051546,my,97,5,999,my,230745730,2,8.363133673058314
5,1000,288.0927835051546,wet,97,5,1000,wet,5090834,3,6.706788935957124
5,1001,303.7368421052632,red,95,5,1001,red,19233374,3,7.284055476700727
5,1002,333.7604166666667,eyes,96,5,1002,eyes,42210806,4,7.62542364492888
5,1003,328.2061855670103,and,97,5,1003,and,4873010095,3,9.687797311073117
5,1004,318.35051546391753,"asked,",97,5,1004,asked,46175331,6,7.664410017289502
5,1005,351.6145833333333,'Do,96,5,1005,Do,33048543,3,7.5191523176489445
5,1006,313.6701030927835,you,97,5,1006,you,578117187,3,8.762015880823492
5,1007,305.8659793814433,know,97,5,1007,know,103090059,4,8.013216788177813
5,1008,302.5157894736842,if,95,5,1008,if,232130093,2,8.365731445396332
5,1009,320.7368421052632,Elvis,95,5,1009,Elvis,650069,5,5.812959456225692
5,1010,376.5625,Presley,96,5,1010,Presley,256517,7,5.4091161521439055
5,1011,346.5578947368421,has,95,5,1011,has,336617760,3,8.527137025681766
5,1012,377.1354166666667,green,96,5,1012,green,12917565,5,7.11118065555312
5,1013,800.3510638297872,bones?',94,5,1013,bones,4376162,7,6.641093390657141
6,1,515.9662921348314,This,89,6,1,This,229531441,4,8.36084218319599
6,2,379.4146341463415,is,82,6,2,is,1780724214,2,9.250596664206503
6,3,323.9024390243902,a,82,6,3,a,3213754375,1,9.507012680872096
6,4,371.7590361445783,story,83,6,4,story,31595058,5,7.499619156948206
6,5,354.88235294117646,of,85,6,5,of,6162371881,2,9.789747903165104
6,6,332.05882352941177,how,85,6,6,how,128607031,3,8.109264712297628
6,8,348.975,Sticky,80,6,8,Sticky,63728,6,4.804330289065253
6,9,381.48809523809524,got,84,6,9,got,43005809,3,7.633527121771523
6,10,356.0705882352941,in,85,6,10,in,3271087682,2,9.514692185610274
6,11,397.05882352941177,Abby's,85,6,11,Abby 's,49601,6,4.695490432339068
6,12,462.27710843373495,fish,83,6,12,fish,11132902,4,7.0466083861054924
6,13,550.7848101265823,tank.,79,6,13,tank,3246402,5,6.511402297243699
6,14,555.6666666666666,'He's,81,6,14,He 's,6196810,5,6.792168180478135
6,15,384.8333333333333,very,84,6,15,very,134366972,4,8.128292530318264
6,16,350.31325301204816,"small,'",83,6,16,small,68870614,7,7.838033954854396
6,17,392.10843373493975,Abby's,83,6,17,Abby 's,49601,6,4.695490432339068
6,18,444.25925925925924,mom,81,6,18,mom,2069091,3,6.3157795916462875
6,19,380.6875,said,80,6,19,said,171981082,4,8.235480676937357
6,20,384.5952380952381,as,84,6,20,as,1139819594,2,9.056836118415085
6,21,393.5421686746988,she,83,6,21,she,278699382,3,8.445136005691102
6,22,363.1807228915663,peered,83,6,22,peered,860488,6,5.93474481821951
6,23,349.1341463414634,at,82,6,23,at,654432238,2,8.815864684979672
6,24,342.48192771084337,the,83,6,24,the,9819942513,3,9.992108945387768
6,25,356.3414634146341,tiny,82,6,25,tiny,5635566,4,6.750937540316912
6,26,403.2073170731707,water,82,6,26,water,64469088,5,7.809351526588196
6,27,480.4268292682927,snail.,82,6,27,snail,333225,6,5.522737576632571
6,28,600.0506329113924,Abby,79,6,28,Abby,596695,4,5.775752398692921
6,29,447.0,said,84,6,29,said,171981082,4,8.235480676937357
6,30,394.0357142857143,that,84,6,30,that,1746480437,4,9.24216372530116
6,31,366.6666666666667,he,84,6,31,he,602878183,2,8.780229567869084
6,32,361.5952380952381,would,84,6,32,would,319551796,5,8.504541262788026
6,33,356.25,grow,84,6,33,grow,9734379,4,6.988308251133331
6,34,356.07142857142856,and,84,6,34,and,4873010095,3,9.687797311073117
6,35,347.8780487804878,then,82,6,35,then,161019392,4,8.206878182438311
6,36,380.34939759036143,pulled,83,6,36,pulled,9729077,6,6.988071640595099
6,37,405.7439024390244,her,82,6,37,her,415597541,3,8.61867296926702
6,38,425.8658536585366,pajama,82,6,38,pajama,53699,6,4.7299661982037335
6,39,403.5,bottoms,82,6,39,bottoms,409011,7,5.611734988141964
6,40,371.9759036144578,up,83,6,40,up,232348461,2,8.366139800200205
6,41,382.06024096385545,again,83,6,41,again,64543110,5,7.80984988798604
6,42,377.90361445783134,before,83,6,42,before,114226587,6,8.0577672006131
6,43,367.42857142857144,she,84,6,43,she,278699382,3,8.445136005691102
6,44,360.0,got,84,6,44,got,43005809,3,7.633527121771523
6,45,354.04819277108436,into,83,6,45,into,254637739,4,8.40592276940739
6,46,425.7710843373494,"bed,",83,6,46,bed,17264116,4,7.2371443454337525
6,47,447.72289156626505,for,83,6,47,for,1388290219,3,9.14248026391068
6,48,398.7710843373494,they,83,6,48,they,418953705,4,8.622166035439204
6,49,353.7469879518072,were,83,6,49,were,457504590,4,8.660395455564592
6,50,370.3734939759036,always,83,6,50,always,61220587,6,7.786897489417453
6,51,363.9404761904762,falling,84,6,51,falling,5726190,7,6.757865754195984
6,52,379.219512195122,down.,82,6,52,down,98751710,5,7.99454462467454
6,53,441.6463414634146,"Usually,",82,6,53,Usually,2474597,8,6.393504482086997
6,54,439.3734939759036,Abby's,83,6,54,Abby 's,49601,6,4.695490432339068
6,55,388.5061728395062,mom,81,6,55,mom,2069091,3,6.3157795916462875
6,56,392.8780487804878,got,82,6,56,got,43005809,3,7.633527121771523
6,57,327.7469879518072,up,83,6,57,up,232348461,2,8.366139800200205
6,58,341.22222222222223,at,81,6,58,at,654432238,2,8.815864684979672
6,59,360.1566265060241,the,83,6,59,the,9819942513,3,9.992108945387768
6,60,369.421686746988,crack,83,6,60,crack,2946791,5,6.469349334775793
6,61,321.0120481927711,of,83,6,61,of,6162371881,2,9.789747903165104
6,62,314.3170731707317,"dawn,",82,6,62,dawn,2570111,5,6.409951880392183
6,63,350.65060240963857,but,83,6,63,but,422070748,3,8.625385254020305
6,64,321.0843373493976,it,83,6,64,it,908536386,2,8.958342325064617
6,65,294.28915662650604,was,83,6,65,was,1140172617,3,9.056970606543045
6,66,354.93975903614455,Abby,83,6,66,Abby,596695,4,5.775752398692921
6,67,366.0,who,83,6,67,who,294018466,3,8.46837460738514
6,68,343.76190476190476,jumped,84,6,68,jumped,2900435,6,6.462463137185917
6,69,317.87951807228916,out,83,6,69,out,242417228,3,8.384563480838569
6,70,343.9879518072289,of,83,6,70,of,6162371881,2,9.789747903165104
6,71,362.3734939759036,bed,83,6,71,bed,17264116,3,7.2371443454337525
6,72,366.7926829268293,first,82,6,72,first,172429084,5,8.236610521090785
6,73,354.5903614457831,the,83,6,73,the,9819942513,3,9.992108945387768
6,74,366.69135802469134,next,81,6,74,next,47961300,4,7.6808909462194475
6,75,368.90361445783134,morning,83,6,75,morning,22128226,7,7.3449465983243325
6,76,342.9012345679012,and,81,6,76,and,4873010095,3,9.687797311073117
6,77,334.3536585365854,switched,82,6,77,switched,1626812,8,6.2113373672699
6,78,336.6219512195122,on,82,6,78,on,993594775,2,8.99720929902148
6,79,326.13253012048193,the,83,6,79,the,9819942513,3,9.992108945387768
6,80,349.28915662650604,light,83,6,80,light,42409052,5,7.627458564471724
6,81,333.3975903614458,in,83,6,81,in,3271087682,2,9.514692185610274
6,82,328.109756097561,her,82,6,82,her,415597541,3,8.61867296926702
6,83,331.7142857142857,fish,84,6,83,fish,11132902,4,7.0466083861054924
6,84,385.3048780487805,"tank,",82,6,84,tank,3246402,5,6.511402297243699
6,85,374.7951807228916,which,83,6,85,which,508000647,5,8.705864265410595
6,86,383.8536585365854,contained,82,6,86,contained,9402181,9,6.973228607471739
6,87,338.30120481927713,three,83,6,87,three,94037962,5,7.973303208481986
6,88,381.0853658536585,fish.,82,6,88,fish,11132902,5,7.0466083861054924
6,89,442.91358024691357,At,81,6,89,At,58062647,2,7.7638968308633665
6,90,357.3048780487805,"first,",82,6,90,first,172429084,6,8.236610521090785
6,91,341.41975308641975,she,81,6,91,she,278699382,3,8.445136005691102
6,92,344.96385542168673,could,83,6,92,could,205904563,5,8.313665971017075
6,93,321.1219512195122,see,82,6,93,see,158936043,3,8.201222396269541
6,94,353.7710843373494,neither,83,6,94,neither,14001676,7,7.146180023820129
6,95,426.9642857142857,hide,84,6,95,hide,4034362,4,6.605774864513551
6,96,428.7317073170732,nor,82,6,96,nor,23501188,3,7.371089816688914
6,97,395.32142857142856,hair,84,6,97,hair,16590025,4,7.21984704047607
6,98,379.1807228915663,of,83,6,98,of,6162371881,2,9.789747903165104
6,99,346.3095238095238,the,84,6,99,the,9819942513,3,9.992108945387768
6,100,339.9879518072289,"snail,",83,6,100,snail,333225,6,5.522737576632571
6,101,414.780487804878,but,82,6,101,but,422070748,3,8.625385254020305
6,102,395.96385542168673,then,83,6,102,then,161019392,4,8.206878182438311
6,103,339.67469879518075,she,83,6,103,she,278699382,3,8.445136005691102
6,104,347.6190476190476,spotted,84,6,104,spotted,1681996,7,6.225824958655714
6,105,370.06024096385545,him.,83,6,105,him,230330497,4,8.362351444703018
6,106,338.51190476190476,It,84,6,106,It,278516683,2,8.444851214295534
6,107,334.35714285714283,had,84,6,107,had,537932901,3,8.730728107371226
6,108,337.2289156626506,taken,83,6,108,taken,43883248,5,7.642298764214293
6,109,355.4047619047619,Abby,84,6,109,Abby,596695,4,5.775752398692921
6,110,356.89156626506025,a,83,6,110,a,3213754375,1,9.507012680872096
6,111,332.22352941176473,while,85,6,111,while,83722224,5,7.922840756433239
6,112,328.98809523809524,to,84,6,112,to,4223327232,2,9.62565473275005
6,113,312.6024096385542,find,83,6,113,find,59792457,4,7.776646399876377
6,114,343.8809523809524,Sticky,84,6,114,Sticky,63728,6,4.804330289065253
6,115,385.9759036144578,because,83,6,115,because,136741894,7,8.135901590980518
6,116,370.9156626506024,he,83,6,116,he,602878183,2,8.780229567869084
6,117,333.6024096385542,was,83,6,117,was,1140172617,3,9.056970606543045
6,118,348.3690476190476,clinging,84,6,118,clinging,730204,8,5.863444207651191
6,119,339.35714285714283,to,84,6,119,to,4223327232,2,9.62565473275005
6,120,338.9764705882353,the,85,6,120,the,9819942513,3,9.992108945387768
6,121,331.76190476190476,glass,84,6,121,glass,12138452,5,7.084163305295736
6,122,365.3975903614458,near,83,6,122,near,26915276,4,7.429998837603775
6,123,336.22352941176473,the,85,6,123,the,9819942513,3,9.992108945387768
6,124,348.2073170731707,"bottom,",82,6,124,bottom,12039696,7,7.08061552120841
6,125,401.6707317073171,right,82,6,125,right,91408680,5,7.960987437496594
6,126,365.26190476190476,next,84,6,126,next,47961300,4,7.6808909462194475
6,127,328.6463414634146,to,82,6,127,to,4223327232,2,9.62565473275005
6,128,337.95238095238096,the,84,6,128,the,9819942513,3,9.992108945387768
6,129,353.27710843373495,gravel.,83,6,129,gravel,1307986,7,6.116603095551485
6,130,401.2409638554217,At,83,6,130,At,58062647,2,7.7638968308633665
6,131,367.9047619047619,school,84,6,131,school,49507062,6,7.6946671538603075
6,132,371.68674698795184,that,83,6,132,that,1746480437,4,9.24216372530116
6,133,341.8414634146341,"day,",82,6,133,day,88338993,4,7.946152444310691
6,134,364.28915662650604,"Abby,",83,6,134,Abby,596695,5,5.775752398692921
6,135,357.3614457831325,encouraged,83,6,135,encouraged,6234031,10,6.794768957564733
6,136,382.8809523809524,by,84,6,136,by,877228367,2,8.94311266704604
6,137,347.9759036144578,her,83,6,137,her,415597541,3,8.61867296926702
6,138,380.7142857142857,"teacher,",84,6,138,teacher,14634862,8,7.165388631592423
6,139,360.95180722891564,wrote,83,6,139,wrote,20759269,5,7.31721205655331
6,140,363.89156626506025,excitedly,83,6,140,excitedly,380331,9,5.580161725307055
6,141,366.68674698795184,about,83,6,141,about,265782619,5,8.424526576609713
6,142,336.49411764705883,the,85,6,142,the,9819942513,3,9.992108945387768
6,143,317.90588235294115,small,85,6,143,small,68870614,5,7.838033954854396
6,144,372.8452380952381,and,84,6,144,and,4873010095,3,9.687797311073117
6,145,416.67857142857144,mysterious,84,6,145,mysterious,2586545,10,6.412720038547027
6,147,389.5975609756098,"Sticky,",82,6,147,Sticky,63728,7,4.804330289065253
6,148,380.1547619047619,who,84,6,148,who,294018466,3,8.46837460738514
6,149,342.2738095238095,you,84,6,149,you,578117187,3,8.762015880823492
6,150,361.8292682926829,could,82,6,150,could,205904563,5,8.313665971017075
6,151,341.2560975609756,mistake,82,6,151,mistake,4855710,7,6.686252741254881
6,152,348.48809523809524,for,84,6,152,for,1388290219,3,9.14248026391068
6,153,321.04819277108436,a,83,6,153,a,3213754375,1,9.507012680872096
6,154,335.65060240963857,piece,83,6,154,piece,13321986,5,7.1245689729234565
6,155,326.4457831325301,of,83,6,155,of,6162371881,2,9.789747903165104
6,156,353.74074074074076,gravel.,81,6,156,gravel,1307986,7,6.116603095551485
6,157,386.50602409638554,He,83,6,157,He,239125461,2,8.378625820294372
6,158,400.4047619047619,seemed,84,6,158,seemed,29429319,6,7.4687802125595475
6,159,351.69879518072287,an,83,6,159,an,576832090,2,8.761049412810996
6,160,368.3333333333333,ideal,84,6,160,ideal,9395146,5,6.972903533398938
6,161,342.8690476190476,pet,84,6,161,pet,1554092,3,6.191476724831478
6,162,360.0952380952381,for,84,6,162,for,1388290219,3,9.14248026391068
6,163,312.12048192771084,"her,",83,6,163,her,415597541,4,8.61867296926702
6,164,327.73809523809524,some,84,6,164,some,212953941,4,8.328285681689485
6,165,338.96385542168673,of,83,6,165,of,6162371881,2,9.789747903165104
6,166,323.855421686747,the,83,6,166,the,9819942513,3,9.992108945387768
6,167,327.45238095238096,girls,84,6,167,girls,12006242,5,7.079407092826736
6,168,303.95180722891564,in,83,6,168,in,3271087682,2,9.514692185610274
6,169,295.75,her,84,6,169,her,415597541,3,8.61867296926702
6,170,314.68674698795184,class,83,6,170,class,42067820,5,7.623950006989632
6,171,334.4642857142857,"teased,",84,6,171,teased,572460,7,5.757745146232574
6,172,390.578313253012,because,83,6,172,because,136741894,7,8.135901590980518
6,173,354.96385542168673,Abby,83,6,173,Abby,596695,4,5.775752398692921
6,174,365.0843373493976,was,83,6,174,was,1140172617,3,9.056970606543045
6,175,319.4698795180723,also,83,6,175,also,248861077,4,8.395956976295276
6,176,315.35714285714283,very,84,6,176,very,134366972,4,8.128292530318264
6,177,337.5301204819277,small.,83,6,177,small,68870614,6,7.838033954854396
6,178,396.22222222222223,That,81,6,178,That,61071875,4,7.7858412537055965
6,179,368.1829268292683,"evening,",82,6,179,evening,12026621,8,7.080143625079926
6,180,391.35714285714283,Abby,84,6,180,Abby,596695,4,5.775752398692921
6,181,349.01190476190476,turned,84,6,181,turned,31575372,6,7.499348475825803
6,182,369.27710843373495,on,83,6,182,on,993594775,2,8.99720929902148
6,183,337.5542168674699,the,83,6,183,the,9819942513,3,9.992108945387768
6,184,324.9390243902439,light,82,6,184,light,42409052,5,7.627458564471724
6,185,327.68674698795184,and,83,6,185,and,4873010095,3,9.687797311073117
6,186,312.4096385542169,found,83,6,186,found,84394374,5,7.9263134961257276
6,188,354.4047619047619,Sticky,84,6,188,Sticky,63728,6,4.804330289065253
6,189,344.7261904761905,clinging,84,6,189,clinging,730204,8,5.863444207651191
6,190,346.48192771084337,to,83,6,190,to,4223327232,2,9.62565473275005
6,191,314.5357142857143,the,84,6,191,the,9819942513,3,9.992108945387768
6,192,351.0238095238095,pond,84,6,192,pond,1463397,4,6.165362160383871
6,193,391.8658536585366,weed,82,6,193,weed,914901,4,5.961374102285198
6,194,400.1829268292683,and,82,6,194,and,4873010095,3,9.687797311073117
6,195,389.57142857142856,bobbing,84,6,195,bobbing,221230,7,5.3448440193371205
6,196,358.03614457831327,about,83,6,196,about,265782619,5,8.424526576609713
6,197,361.5,in,84,6,197,in,3271087682,2,9.514692185610274
6,198,315.26190476190476,the,84,6,198,the,9819942513,3,9.992108945387768
6,199,318.0238095238095,air,84,6,199,air,31277584,3,7.49523319911954
6,200,353.075,bubbles.,80,6,200,bubbles,894966,8,5.951806536664668
6,201,436.1686746987952,'That,83,6,201,That,61071875,5,7.7858412537055965
6,202,371.0,looks,84,6,202,looks,10558295,5,7.023593792073194
6,203,350.6666666666667,fun!',84,6,203,fun,5883928,5,6.769667349746517
6,204,359.2409638554217,Abby,83,6,204,Abby,596695,4,5.775752398692921
6,205,355.60714285714283,exclaimed.,84,6,205,exclaimed,2353102,10,6.371640752963121
6,206,391.73493975903614,She,83,6,206,She,118491481,3,8.07368712766523
6,207,327.855421686747,tried,83,6,207,tried,20190743,5,7.3051523008585875
6,208,343.04761904761904,to,84,6,208,to,4223327232,2,9.62565473275005
6,209,323.3975903614458,imagine,83,6,209,imagine,7187692,7,6.856589458870114
6,210,346.92857142857144,what,84,6,210,what,218817723,4,8.340082494486747
6,211,318.2857142857143,it,84,6,211,it,908536386,2,8.958342325064617
6,212,312.56626506024094,must,83,6,212,must,124852809,4,8.096398317768474
6,213,314.73809523809524,be,84,6,213,be,964072174,2,8.984109548007202
6,214,306.45882352941175,like,85,6,214,like,167991828,4,8.225288155887608
6,215,348.2705882352941,to,85,6,215,to,4223327232,2,9.62565473275005
6,216,328.5,have,84,6,216,have,593092485,4,8.773122421177646
6,217,335.32142857142856,to,84,6,217,to,4223327232,2,9.62565473275005
6,218,317.2261904761905,hang,84,6,218,hang,2829330,4,6.451683604516297
6,219,331.2530120481928,on,83,6,219,on,993594775,2,8.99720929902148
6,220,330.85714285714283,to,84,6,220,to,4223327232,2,9.62565473275005
6,221,335.9404761904762,things,84,6,221,things,56035173,6,7.74846071708923
6,222,333.9047619047619,all,84,6,222,all,374139462,3,8.573033517406971
6,223,329.0722891566265,day,83,6,223,day,88338993,3,7.946152444310691
6,224,307.8433734939759,and,83,6,224,and,4873010095,3,9.687797311073117
6,225,339.48192771084337,decided,83,6,225,decided,17207383,7,7.235714825290881
6,226,328.26506024096386,the,83,6,226,the,9819942513,3,9.992108945387768
6,227,321.68674698795184,answer,83,6,227,answer,23098124,6,7.3635767084837855
6,228,323.20238095238096,was,84,6,228,was,1140172617,3,9.056970606543045
6,229,311.25,that,84,6,229,that,1746480437,4,9.24216372530116
6,230,303.2289156626506,it,83,6,230,it,908536386,2,8.958342325064617
6,231,294.51190476190476,was,84,6,231,was,1140172617,3,9.056970606543045
6,232,319.0833333333333,probably,84,6,232,probably,29000763,8,7.462409424186218
6,233,325.9277108433735,very,83,6,233,very,134366972,4,8.128292530318264
6,234,344.0357142857143,tiring.,84,6,234,tiring,242176,7,5.384131101713642
6,235,437.890243902439,Abby,82,6,235,Abby,596695,4,5.775752398692921
6,236,376.82142857142856,told,84,6,236,told,43901950,4,7.642483810798649
6,237,321.54761904761904,her,84,6,237,her,415597541,3,8.61867296926702
6,238,347.1666666666667,mom,84,6,238,mom,2069091,3,6.3157795916462875
6,239,323.9146341463415,that,82,6,239,that,1746480437,4,9.24216372530116
6,240,303.9761904761905,she,84,6,240,she,278699382,3,8.445136005691102
6,241,323.2261904761905,thought,84,6,241,thought,64294078,7,7.808170972763039
6,242,325.2738095238095,Sticky,84,6,242,Sticky,63728,6,4.804330289065253
6,243,327.23809523809524,had,84,6,243,had,537932901,3,8.730728107371226
6,244,327.6144578313253,grown,83,6,244,grown,7750420,5,6.889325237827604
6,245,313.8333333333333,a,84,6,245,a,3213754375,1,9.507012680872096
6,246,332.4404761904762,bit,84,6,246,bit,15770554,3,7.19784694982332
6,247,342.8095238095238,the,84,6,247,the,9819942513,3,9.992108945387768
6,248,354.6309523809524,next,84,6,248,next,47961300,4,7.6808909462194475
6,249,330.43373493975906,day,83,6,249,day,88338993,3,7.946152444310691
6,250,346.0843373493976,at,83,6,250,at,654432238,2,8.815864684979672
6,251,364.4166666666667,breakfast.,84,6,251,breakfast,4103728,10,6.613178567500001
6,252,366.85714285714283,'Just,84,6,252,Just,14423523,5,7.159071351408931
6,253,347.8192771084337,as,83,6,253,as,1139819594,2,9.056836118415085
6,254,315.03614457831327,well,83,6,254,well,134592416,4,8.129020588995349
6,255,317.27710843373495,if,83,6,255,if,232130093,2,8.365731445396332
6,256,325.4761904761905,he's,84,6,256,he 's,8066569,4,6.9066888530354165
6,257,328.1309523809524,going,84,6,257,going,55442137,5,7.743839961672675
6,258,319.0,to,84,6,258,to,4223327232,2,9.62565473275005
6,259,325.0722891566265,be,83,6,259,be,964072174,2,8.984109548007202
6,260,337.0731707317073,gobbled,82,6,260,gobbled,71105,7,4.851900140758745
6,261,349.855421686747,up,83,6,261,up,232348461,2,8.366139800200205
6,262,352.90361445783134,like,83,6,262,like,167991828,4,8.225288155887608
6,263,337.48192771084337,"that,'",83,6,263,that,1746480437,6,9.24216372530116
6,264,369.7682926829268,her,82,6,264,her,415597541,3,8.61867296926702
6,265,383.7831325301205,mom,83,6,265,mom,2069091,3,6.3157795916462875
6,266,407.89156626506025,responded,83,6,266,responded,4723881,9,6.674298948701364
6,267,352.73493975903614,who,83,6,267,who,294018466,3,8.46837460738514
6,268,340.4698795180723,was,83,6,268,was,1140172617,3,9.056970606543045
6,269,353.0487804878049,busy,82,6,269,busy,5424151,4,6.734331771116005
6,270,337.5903614457831,preparing,83,6,270,preparing,3933717,9,6.594803112634841
6,271,364.96385542168673,breakfast.,83,6,271,breakfast,4103728,10,6.613178567500001
6,272,374.0240963855422,Abby,83,6,272,Abby,596695,4,5.775752398692921
6,273,354.3855421686747,whined,83,6,273,whined,168315,6,5.226122821424083
6,274,363.93975903614455,that,83,6,274,that,1746480437,4,9.24216372530116
6,275,364.0952380952381,she,84,6,275,she,278699382,3,8.445136005691102
6,276,322.7469879518072,didn't,83,6,276,did n't,47073,6,4.672771877123848
6,277,310.3614457831325,want,83,6,277,want,61590617,4,7.789514554769799
6,278,306.2048192771084,him,83,6,278,him,230330497,3,8.362351444703018
6,279,307.1927710843373,to,83,6,279,to,4223327232,2,9.62565473275005
6,280,315.72289156626505,get,83,6,280,get,86515246,3,7.937092647005015
6,281,334.31325301204816,too,83,6,281,too,82143809,3,7.9145748371751425
6,282,335.8192771084337,big,83,6,282,big,22941525,3,7.360622283533505
6,283,339.9879518072289,or,83,6,283,or,793525686,2,8.899560989197376
6,284,335.8313253012048,he,83,6,284,he,602878183,2,8.780229567869084
6,285,329.43373493975906,wouldn't,83,6,285,would n't,23745,8,4.375572173918037
6,286,325.03614457831327,be,83,6,286,be,964072174,2,8.984109548007202
6,287,336.96385542168673,cute,83,6,287,cute,676322,4,5.830153514770015
6,288,372.28395061728395,anymore.,81,6,288,anymore,2743132,8,6.438246706435116
6,289,384.77777777777777,'Small,81,6,289,Small,4516827,6,6.654833456869963
6,290,357.48192771084337,"things,",83,6,290,things,56035173,7,7.74846071708923
6,291,360.56626506024094,not,83,6,291,not,1006314753,3,9.002733839677335
6,292,342.4457831325301,big,83,6,292,big,22941525,3,7.360622283533505
6,293,350.3855421686747,"things,",83,6,293,things,56035173,7,7.74846071708923
6,294,338.67469879518075,are,83,6,294,are,817391287,3,8.912430004028879
6,295,325.09638554216866,"cute,",83,6,295,cute,676322,5,5.830153514770015
6,296,383.30120481927713,right?',83,6,296,right,91408680,7,7.960987437496594
6,297,381.0240963855422,she,83,6,297,she,278699382,3,8.445136005691102
6,298,343.89156626506025,"asked,",83,6,298,asked,46175331,6,7.664410017289502
6,299,353.28915662650604,half,83,6,299,half,36278645,4,7.559651057880548
6,300,333.95180722891564,to,83,6,300,to,4223327232,2,9.62565473275005
6,301,372.12048192771084,herself.,83,6,301,herself,20074494,8,7.30264460721212
6,302,403.2289156626506,The,83,6,302,The,1217211729,3,9.085366128549287
6,303,366.9277108433735,next,83,6,303,next,47961300,4,7.6808909462194475
6,304,352.890243902439,day,82,6,304,day,88338993,3,7.946152444310691
6,305,322.0975609756098,in,82,6,305,in,3271087682,2,9.514692185610274
6,306,336.6829268292683,art,82,6,306,art,24358486,3,7.386650291256434
6,307,342.28915662650604,"class,",83,6,307,class,42067820,6,7.623950006989632
6,308,331.3614457831325,Abby,83,6,308,Abby,596695,4,5.775752398692921
6,309,320.7951807228916,needed,83,6,309,needed,29198561,6,7.465361448532015
6,310,313.1686746987952,two,83,6,310,two,201126338,3,8.303468946275931
6,311,336.4698795180723,pieces,83,6,311,pieces,9098205,6,6.9589557180914055
6,312,319.1566265060241,of,83,6,312,of,6162371881,2,9.789747903165104
6,313,308.5853658536585,paper,82,6,313,paper,26454718,5,7.4225031364333125
6,314,324.8888888888889,that,81,6,314,that,1746480437,4,9.24216372530116
6,315,319.5121951219512,were,82,6,315,were,457504590,4,8.660395455564592
6,316,367.4166666666667,very,84,6,316,very,134366972,4,8.128292530318264
6,317,357.0975609756098,"expensive,",82,6,317,expensive,6087651,10,6.784449746732497
6,318,406.1829268292683,to,82,6,318,to,4223327232,2,9.62565473275005
6,319,340.12048192771084,draw,83,6,319,draw,9102897,4,6.959179628682558
6,320,335.2168674698795,an,83,6,320,an,576832090,2,8.761049412810996
6,321,397.7831325301205,"elephant,",83,6,321,elephant,1213127,9,6.083906268724811
6,322,435.4691358024691,but,81,6,322,but,422070748,3,8.625385254020305
6,323,368.578313253012,the,83,6,323,the,9819942513,3,9.992108945387768
6,324,336.2048192771084,teacher,83,6,324,teacher,14634862,7,7.165388631592423
6,325,315.31325301204816,didn't,83,6,325,did n't,47073,6,4.672771877123848
6,326,310.73493975903614,mind,83,6,326,mind,42835533,4,7.631804175171001
6,327,344.28915662650604,Abby,83,6,327,Abby,596695,4,5.775752398692921
6,328,349.6219512195122,using,82,6,328,using,56850112,5,7.754731324625056
6,329,341.7710843373494,the,83,6,329,the,9819942513,3,9.992108945387768
6,330,350.4578313253012,expensive,83,6,330,expensive,6087651,9,6.784449746732497
6,331,377.3975903614458,paper,83,6,331,paper,26454718,5,7.4225031364333125
6,332,358.48192771084337,because,83,6,332,because,136741894,7,8.135901590980518
6,333,328.421686746988,she,83,6,333,she,278699382,3,8.445136005691102
6,334,313.0853658536585,was,82,6,334,was,1140172617,3,9.056970606543045
6,335,303.8313253012048,pleased,83,6,335,pleased,4509512,7,6.654129546939127
6,336,335.31325301204816,with,83,6,336,with,1110064802,4,9.0453483322367
6,337,319.66265060240966,the,83,6,337,the,9819942513,3,9.992108945387768
6,338,320.43373493975906,drawing,83,6,338,drawing,8745005,7,6.941760062124791
6,339,357.3292682926829,and,82,6,339,and,4873010095,3,9.687797311073117
6,340,336.6585365853659,wanted,82,6,340,wanted,31176058,6,7.493821200747699
6,341,316.26506024096386,it,83,6,341,it,908536386,2,8.958342325064617
6,342,321.43373493975906,on,83,6,342,on,993594775,2,8.99720929902148
6,343,337.89285714285717,the,84,6,343,the,9819942513,3,9.992108945387768
6,344,341.5357142857143,wall.,84,6,344,wall,16611174,5,7.220400327436585
6,345,380.6463414634146,The,82,6,345,The,1217211729,3,9.085366128549287
6,346,333.0120481927711,"teacher,",83,6,346,teacher,14634862,8,7.165388631592423
6,347,325.31325301204816,who,83,6,347,who,294018466,3,8.46837460738514
6,348,330.2409638554217,was,83,6,348,was,1140172617,3,9.056970606543045
6,349,323.95180722891564,always,83,6,349,always,61220587,6,7.786897489417453
6,350,331.719512195122,very,82,6,350,very,134366972,4,8.128292530318264
6,351,364.9012345679012,"encouraging,",81,6,351,encouraging,2968133,12,6.472483357480289
6,352,393.8658536585366,remarked,82,6,352,remarked,2825594,8,6.451109759697001
6,353,358.1666666666667,that,84,6,353,that,1746480437,4,9.24216372530116
6,354,318.5357142857143,the,84,6,354,the,9819942513,3,9.992108945387768
6,355,320.04819277108436,drawing,83,6,355,drawing,8745005,7,6.941760062124791
6,356,324.2857142857143,Abby,84,6,356,Abby,596695,4,5.775752398692921
6,357,342.144578313253,had,83,6,357,had,537932901,3,8.730728107371226
6,358,337.7469879518072,made,83,6,358,made,132945317,4,8.123673043909942
6,359,323.72289156626505,was,83,6,359,was,1140172617,3,9.056970606543045
6,360,339.6829268292683,very,82,6,360,very,134366972,4,8.128292530318264
6,361,388.13253012048193,creative,83,6,361,creative,6663180,8,6.823681545513498
6,362,316.2530120481928,and,83,6,362,and,4873010095,3,9.687797311073117
6,363,315.32530120481925,beamed,83,6,363,beamed,404320,6,5.60672522457584
6,364,379.34939759036143,at,83,6,364,at,654432238,2,8.815864684979672
6,365,366.14814814814815,"Abby,",81,6,365,Abby,596695,5,5.775752398692921
6,366,402.0240963855422,giving,83,6,366,giving,16417665,6,7.21531138970636
6,367,325.95180722891564,her,83,6,367,her,415597541,3,8.61867296926702
6,368,316.4390243902439,the,82,6,368,the,9819942513,3,9.992108945387768
6,369,327.6265060240964,seal,83,6,369,seal,2323646,4,6.3661699653891555
6,370,336.93975903614455,of,83,6,370,of,6162371881,2,9.789747903165104
6,371,373.0243902439024,approval.,82,6,371,approval,5058348,9,6.704008704265162
6,372,393.9012345679012,Back,81,6,372,Back,3576541,4,6.553463207982909
6,373,337.0722891566265,at,83,6,373,at,654432238,2,8.815864684979672
6,374,315.3734939759036,"home,",83,6,374,home,58425147,5,7.7665998137678764
6,375,359.4166666666667,"Mom,",84,6,375,Mom,3030686,4,6.481540942790772
6,376,337.30120481927713,convinced,83,6,376,convinced,5274085,9,6.722147124838054
6,377,352.9759036144578,by,83,6,377,by,877228367,2,8.94311266704604
6,378,340.87951807228916,Abby,83,6,378,Abby,596695,4,5.775752398692921
6,379,350.93975903614455,to,83,6,379,to,4223327232,2,9.62565473275005
6,380,335.5421686746988,clean,83,6,380,clean,8058996,5,6.906280940214595
6,381,306.2530120481928,out,83,6,381,out,242417228,3,8.384563480838569
6,382,322.89156626506025,the,83,6,382,the,9819942513,3,9.992108945387768
6,383,311.5542168674699,"tank,",83,6,383,tank,3246402,5,6.511402297243699
6,384,342.4878048780488,was,82,6,384,was,1140172617,3,9.056970606543045
6,385,388.0853658536585,cleaning,82,6,385,cleaning,2786708,8,6.445091464360068
6,386,332.86746987951807,with,83,6,386,with,1110064802,4,9.0453483322367
6,387,313.9879518072289,a,83,6,387,a,3213754375,1,9.507012680872096
6,388,319.6144578313253,special,83,6,388,special,29951345,7,7.476416329662309
6,389,339.7710843373494,"vacuum,",83,6,389,vacuum,2420726,7,6.3839456347856585
6,390,342.95,or,80,6,390,or,793525686,2,8.899560989197376
6,391,388.3536585365854,'hoover'.,82,6,391,hoover,5310,9,3.725094521081469
6,392,464.1951219512195,'Where's,82,6,392,Where 's,698948,8,5.844444866513765
6,394,398.1975308641975,Sticky?',81,6,394,Sticky,63728,8,4.804330289065253
6,395,399.8433734939759,Abby,83,6,395,Abby,596695,4,5.775752398692921
6,396,361.2289156626506,asked,83,6,396,asked,46175331,5,7.664410017289502
6,397,355.48192771084337,first,83,6,397,first,172429084,5,8.236610521090785
6,398,335.32530120481925,thing,83,6,398,thing,36695676,5,7.564614892590644
6,399,345.3614457831325,when,83,6,399,when,249000060,4,8.396199451744996
6,400,334.06024096385545,she,83,6,400,she,278699382,3,8.445136005691102
6,401,306.5421686746988,came,83,6,401,came,61302439,4,7.787477753852336
6,402,316.65060240963857,home,83,6,402,home,58425147,4,7.7665998137678764
6,403,315.4096385542169,from,83,6,403,from,708532803,4,8.850359961615387
6,404,323.33734939759034,school.,83,6,404,school,49507062,7,7.6946671538603075
6,405,366.6024096385542,'On,83,6,405,On,57934134,3,7.76293451951115
6,406,332.4698795180723,the,83,6,406,the,9819942513,3,9.992108945387768
6,407,327.1686746987952,"side,'",83,6,407,side,48798225,6,7.688404025143588
6,408,363.7439024390244,Mom,82,6,408,Mom,3030686,3,6.481540942790772
6,409,358.2048192771084,replied.,83,6,409,replied,9141323,8,6.961009054598101
6,410,343.49397590361446,And,83,6,410,And,105274919,3,8.022324915940162
6,411,346.2530120481928,then,83,6,411,then,161019392,4,8.206878182438311
6,412,313.30379746835445,she,79,6,412,she,278699382,3,8.445136005691102
6,413,308.8888888888889,"added,",81,6,413,added,21322284,6,7.328833723594125
6,414,343.8536585365854,'Don't,82,6,414,Do n't,1112,6,3.0461047872460387
6,415,328.86746987951807,worry.,83,6,415,worry,5621974,6,6.749888832789985
6,416,339.3614457831325,I,83,6,416,I,926120510,1,8.96666750225725
6,417,331.3734939759036,went,83,6,417,went,48598135,4,7.686619603115173
6,418,305.68674698795184,extra,83,6,418,extra,7759192,5,6.889816498550499
6,419,318.6951219512195,slowly,82,6,419,slowly,10859756,6,7.035820067513967
6,420,328.2926829268293,since,82,6,420,since,58545854,5,7.767496145374635
6,421,329.8658536585366,it's,82,6,421,it 's,27535650,4,7.439895332790476
6,422,350.578313253012,better,83,6,422,better,48996201,6,7.690162407606098
6,423,327.12048192771084,to,83,6,423,to,4223327232,2,9.62565473275005
6,424,314.04819277108436,be,83,6,424,be,964072174,2,8.984109548007202
6,425,319.1807228915663,safe,83,6,425,safe,10018666,4,7.0008098984366445
6,426,312.5421686746988,than,83,6,426,than,248883542,4,8.395996178830753
6,427,323.7590361445783,sorry.',83,6,427,sorry,5821062,7,6.765002224970241
6,428,377.6219512195122,Abby,82,6,428,Abby,596695,4,5.775752398692921
6,429,324.6144578313253,looked,83,6,429,looked,37086942,6,7.569221025097896
6,430,312.27710843373495,on,83,6,430,on,993594775,2,8.99720929902148
6,431,294.13253012048193,all,83,6,431,all,374139462,3,8.573033517406971
6,432,324.4268292682927,sides,82,6,432,sides,9829499,5,6.992531382829053
6,433,311.13253012048193,of,83,6,433,of,6162371881,2,9.789747903165104
6,434,294.27710843373495,the,83,6,434,the,9819942513,3,9.992108945387768
6,435,308.65060240963857,"tank,",83,6,435,tank,3246402,5,6.511402297243699
6,436,314.4457831325301,but,83,6,436,but,422070748,3,8.625385254020305
6,437,307.96385542168673,there,83,6,437,there,243799443,5,8.38703270906619
6,438,298.96385542168673,was,83,6,438,was,1140172617,3,9.056970606543045
6,439,304.3855421686747,no,83,6,439,no,236436100,2,8.373713787073193
6,440,306.6265060240964,sign,83,6,440,sign,13731175,4,7.137707702144414
6,441,312.5542168674699,of,83,6,441,of,6162371881,2,9.789747903165104
6,442,300.06024096385545,the,83,6,442,the,9819942513,3,9.992108945387768
6,443,301.13253012048193,water,83,6,443,water,64469088,5,7.809351526588196
6,444,333.7037037037037,snail,81,6,444,snail,333225,5,5.522737576632571
6,445,335.4146341463415,that,82,6,445,that,1746480437,4,9.24216372530116
6,446,318.890243902439,she,82,6,446,she,278699382,3,8.445136005691102
6,447,317.6219512195122,had,82,6,447,had,537932901,3,8.730728107371226
6,448,322.1463414634146,discovered,82,6,448,discovered,10134571,10,7.005805369578015
6,449,321.4390243902439,a,82,6,449,a,3213754375,1,9.507012680872096
6,450,326.5,couple,82,6,450,couple,11386681,6,7.056397153979125
6,451,306.51807228915663,of,83,6,451,of,6162371881,2,9.789747903165104
6,452,301.9879518072289,days,83,6,452,days,45157467,4,7.654729573226914
6,453,322.1566265060241,ago.,83,6,453,ago,15950013,4,7.2027610413634795
6,454,338.09638554216866,She,83,6,454,She,118491481,3,8.07368712766523
6,455,293.26506024096386,was,83,6,455,was,1140172617,3,9.056970606543045
6,456,295.03614457831327,very,83,6,456,very,134366972,4,8.128292530318264
6,457,303.12048192771084,sad.,83,6,457,sad,4094656,4,6.612217421706406
6,458,323.0120481927711,Her,83,6,458,Her,21805547,3,7.338566985579587
6,459,312.6024096385542,mom,83,6,459,mom,2069091,3,6.3157795916462875
6,460,295.09638554216866,said,83,6,460,said,171981082,4,8.235480676937357
6,461,288.6024096385542,to,83,6,461,to,4223327232,2,9.62565473275005
6,462,302.31325301204816,wait,83,6,462,wait,9441077,4,6.975021539687616
6,463,307.96385542168673,a,83,6,463,a,3213754375,1,9.507012680872096
6,464,310.0,few,83,6,464,few,64575815,3,7.810069896034192
6,465,309.7469879518072,hours,83,6,465,hours,25015518,5,7.39820950031207
6,466,309.3855421686747,until,83,6,466,until,54630510,5,7.737435254864791
6,467,295.2289156626506,the,83,6,467,the,9819942513,3,9.992108945387768
6,468,292.96385542168673,water,83,6,468,water,64469088,5,7.809351526588196
6,469,330.27710843373495,clears,83,6,469,clears,295123,6,5.4700030569545275
6,470,321.1566265060241,to,83,6,470,to,4223327232,2,9.62565473275005
6,471,318.65060240963857,take,83,6,471,take,83145589,4,7.9198392141836385
6,472,308.2048192771084,another,83,6,472,another,83344110,7,7.9208749132835905
6,473,336.87951807228916,careful,83,6,473,careful,7678101,7,6.885253820656376
6,474,310.6707317073171,look.,82,6,474,look,47510867,5,7.676792955695573
6,475,343.28915662650604,That,83,6,475,That,61071875,4,7.7858412537055965
6,476,330.3614457831325,"evening,",83,6,476,evening,12026621,8,7.080143625079926
6,477,324.13253012048193,Abby,83,6,477,Abby,596695,4,5.775752398692921
6,478,307.9512195121951,went,82,6,478,went,48598135,4,7.686619603115173
6,479,301.5421686746988,up,83,6,479,up,232348461,2,8.366139800200205
6,480,282.73493975903614,to,83,6,480,to,4223327232,2,9.62565473275005
6,481,295.1566265060241,her,83,6,481,her,415597541,3,8.61867296926702
6,482,289.6341463414634,bedroom,82,6,482,bedroom,3784939,7,6.578058884581964
6,483,296.30120481927713,to,83,6,483,to,4223327232,2,9.62565473275005
6,484,322.0722891566265,check,83,6,484,check,12411063,5,7.093808980150096
6,485,295.41975308641975,the,81,6,485,the,9819942513,3,9.992108945387768
6,486,310.95061728395063,tank,81,6,486,tank,3246402,4,6.511402297243699
6,487,335.5731707317073,again.,82,6,487,again,64543110,6,7.80984988798604
6,488,321.7951807228916,The,83,6,488,The,1217211729,3,9.085366128549287
6,489,299.0853658536585,water,82,6,489,water,64469088,5,7.809351526588196
6,490,300.5243902439024,had,82,6,490,had,537932901,3,8.730728107371226
6,491,304.5432098765432,settled,81,6,491,settled,6959663,7,6.842588210762316
6,492,295.2962962962963,and,81,6,492,and,4873010095,3,9.687797311073117
6,493,299.3536585365854,looked,82,6,493,looked,37086942,6,7.569221025097896
6,494,304.9512195121951,"clear,",82,6,494,clear,35415613,6,7.5491947632941825
6,495,311.0617283950617,but,81,6,495,but,422070748,3,8.625385254020305
6,496,309.1829268292683,Abby,82,6,496,Abby,596695,4,5.775752398692921
6,497,300.4878048780488,could,82,6,497,could,205904563,5,8.313665971017075
6,498,293.34939759036143,not,83,6,498,not,1006314753,3,9.002733839677335
6,499,290.34939759036143,see,83,6,499,see,158936043,3,8.201222396269541
6,501,289.0,Sticky.,82,6,501,Sticky,63728,7,4.804330289065253
6,502,315.1219512195122,Abby,82,6,502,Abby,596695,4,5.775752398692921
6,503,341.8780487804878,kneeled,82,6,503,kneeled,87036,7,4.939698923509371
6,504,316.6707317073171,down,82,6,504,down,98751710,4,7.99454462467454
6,505,321.7682926829268,to,82,6,505,to,4223327232,2,9.62565473275005
6,506,312.5975609756098,have,82,6,506,have,593092485,4,8.773122421177646
6,507,306.9512195121951,another,82,6,507,another,83344110,7,7.9208749132835905
6,508,292.4390243902439,look,82,6,508,look,47510867,4,7.676792955695573
6,509,290.962962962963,in,81,6,509,in,3271087682,2,9.514692185610274
6,510,281.82716049382714,the,81,6,510,the,9819942513,3,9.992108945387768
6,511,277.425,tank,80,6,511,tank,3246402,4,6.511402297243699
6,512,280.8024691358025,that,81,6,512,that,1746480437,4,9.24216372530116
6,513,285.1975308641975,her,81,6,513,her,415597541,3,8.61867296926702
6,514,303.8395061728395,mom,81,6,514,mom,2069091,3,6.3157795916462875
6,515,293.4,had,80,6,515,had,537932901,3,8.730728107371226
6,516,326.5365853658537,cleared,82,6,516,cleared,2753286,7,6.439851326457072
6,517,326.9024390243902,so,82,6,517,so,252284174,2,8.401890007711213
6,518,358.219512195122,"thoroughly,",82,6,518,thoroughly,3882420,11,6.589102515548952
6,519,325.7682926829268,but,82,6,519,but,422070748,3,8.625385254020305
6,521,300.3780487804878,Sticky,82,6,521,Sticky,63728,6,4.804330289065253
6,522,294.2439024390244,was,82,6,522,was,1140172617,3,9.056970606543045
6,523,289.890243902439,still,82,6,523,still,82706155,5,7.917537830992306
6,524,308.2073170731707,nowhere,82,6,524,nowhere,2429404,7,6.385499742216064
6,525,334.219512195122,to,82,6,525,to,4223327232,2,9.62565473275005
6,526,286.8048780487805,be,82,6,526,be,964072174,2,8.984109548007202
6,527,289.6463414634146,found.,82,6,527,found,84394374,6,7.9263134961257276
6,528,332.1585365853659,Abby,82,6,528,Abby,596695,4,5.775752398692921
6,529,298.7926829268293,was,82,6,529,was,1140172617,3,9.056970606543045
6,530,296.7926829268293,a,82,6,530,a,3213754375,1,9.507012680872096
6,531,304.6463414634146,bundle,82,6,531,bundle,1489577,6,6.173062957910764
6,532,319.1566265060241,of,83,6,532,of,6162371881,2,9.789747903165104
6,533,297.51807228915663,nerves,83,6,533,nerves,2442763,6,6.387881333209563
6,534,310.890243902439,as,82,6,534,as,1139819594,2,9.056836118415085
6,535,291.0609756097561,she,82,6,535,she,278699382,3,8.445136005691102
6,536,301.3048780487805,descended,82,6,536,descended,1647453,9,6.216813033504706
6,537,356.0246913580247,the,81,6,537,the,9819942513,3,9.992108945387768
6,538,308.4756097560976,stairs.,82,6,538,stairs,3465933,7,6.539820163106251
6,539,327.8658536585366,In,82,6,539,In,372732694,2,8.57139748827585
6,540,323.81481481481484,the,81,6,540,the,9819942513,3,9.992108945387768
6,541,293.3658536585366,"study,",82,6,541,study,52155023,6,7.717296141259808
6,542,333.8536585365854,surrounded,82,6,542,surrounded,4468786,10,6.650189557783113
6,543,385.890243902439,by,82,6,543,by,877228367,2,8.94311266704604
6,544,323.4074074074074,books,81,6,544,books,20471356,5,7.311146610801875
6,545,315.0,and,82,6,545,and,4873010095,3,9.687797311073117
6,546,305.280487804878,"papers,",82,6,546,papers,8290715,7,6.918591986179268
6,547,332.9512195121951,her,82,6,547,her,415597541,3,8.61867296926702
6,548,324.4756097560976,mom,82,6,548,mom,2069091,3,6.3157795916462875
6,549,323.0487804878049,was,82,6,549,was,1140172617,3,9.056970606543045
6,550,296.890243902439,working,82,6,550,working,34445827,7,7.537136616065231
6,551,295.5975609756098,and,82,6,551,and,4873010095,3,9.687797311073117
6,552,300.609756097561,she,82,6,552,she,278699382,3,8.445136005691102
6,553,308.7037037037037,looked,81,6,553,looked,37086942,6,7.569221025097896
6,554,306.8170731707317,impatient,82,6,554,impatient,1051793,9,6.021930276126146
6,555,312.1341463414634,when,82,6,555,when,249000060,4,8.396199451744996
6,556,362.8536585365854,she,82,6,556,she,278699382,3,8.445136005691102
6,557,311.5301204819277,saw,83,6,557,saw,36746641,3,7.565217646499487
6,558,296.0609756097561,Abby,82,6,558,Abby,596695,4,5.775752398692921
6,559,311.5609756097561,in,82,6,559,in,3271087682,2,9.514692185610274
6,560,303.109756097561,the,82,6,560,the,9819942513,3,9.992108945387768
6,561,317.2560975609756,doorway,82,6,561,doorway,1916234,7,6.282448541644182
6,562,329.2926829268293,and,82,6,562,and,4873010095,3,9.687797311073117
6,563,315.4390243902439,even,82,6,563,even,130943090,4,8.117082585204544
6,564,301.6296296296296,more,81,6,564,more,329429635,4,8.517762665076773
6,565,306.0975609756098,worried,82,6,565,worried,3879612,7,6.5887882939744
6,566,303.5487804878049,when,82,6,566,when,249000060,4,8.396199451744996
6,567,295.3703703703704,she,81,6,567,she,278699382,3,8.445136005691102
6,568,283.0609756097561,heard,82,6,568,heard,26357604,5,7.4209059288023616
6,569,300.4024390243902,the,82,6,569,the,9819942513,3,9.992108945387768
6,570,296.8170731707317,bad,82,6,570,bad,19213952,3,7.28361670141919
6,571,316.2317073170732,news.,82,6,571,news,14013481,5,7.14654602902669
6,572,388.5625,'He'll,80,6,572,He 'll,808987,6,5.907941542782078
6,573,331.390243902439,turn,82,6,573,turn,30820919,4,7.488845584112397
6,574,313.7560975609756,"up,'",82,6,574,up,232348461,4,8.366139800200205
6,575,328.17283950617286,Mom,81,6,575,Mom,3030686,3,6.481540942790772
6,576,313.91358024691357,"said,",81,6,576,said,171981082,5,8.235480676937357
6,577,316.2098765432099,and,81,6,577,and,4873010095,3,9.687797311073117
6,578,311.6829268292683,that,82,6,578,that,1746480437,4,9.24216372530116
6,579,303.4878048780488,was,82,6,579,was,1140172617,3,9.056970606543045
6,580,304.9634146341463,that.,82,6,580,that,1746480437,5,9.24216372530116
6,581,319.1951219512195,"Then,",82,6,581,Then,39430787,5,7.59583544525345
6,582,329.51851851851853,to,81,6,582,to,4223327232,2,9.62565473275005
6,583,316.4878048780488,add,82,6,583,add,13812708,3,7.140278830943907
6,584,324.8780487804878,fuel,82,6,584,fuel,5641113,4,6.751364799385902
6,585,296.8658536585366,to,82,6,585,to,4223327232,2,9.62565473275005
6,586,289.9390243902439,the,82,6,586,the,9819942513,3,9.992108945387768
6,587,290.109756097561,"flames,",82,6,587,flames,1627160,7,6.21143025957523
6,588,329.8414634146341,she,82,6,588,she,278699382,3,8.445136005691102
6,589,311.7560975609756,raised,82,6,589,raised,14251814,6,7.1538701457516165
6,590,308.55555555555554,her,81,6,590,her,415597541,3,8.61867296926702
6,591,309.4268292682927,tone,82,6,591,tone,7827418,4,6.8936185266455094
6,592,296.3536585365854,of,82,6,592,of,6162371881,2,9.789747903165104
6,593,296.8414634146341,voice,82,6,593,voice,26116077,5,7.416907940397497
6,594,296.9146341463415,and,82,6,594,and,4873010095,3,9.687797311073117
6,595,307.280487804878,said,82,6,595,said,171981082,4,8.235480676937357
6,596,327.61728395061726,"dismissively,",81,6,596,dismissively,72289,13,4.859072217035173
6,597,379.3780487804878,'For,82,6,597,For,120135284,4,8.079670579392786
6,598,328.28395061728395,the,81,6,598,the,9819942513,3,9.992108945387768
6,599,334.1463414634146,time,82,6,599,time,252986157,4,8.403096757922885
6,600,356.0243902439024,"being,",82,6,600,being,117515747,6,8.070096065560838
6,601,346.0987654320988,go,81,6,601,go,74237337,2,7.870622384722818
6,602,311.8780487804878,to,82,6,602,to,4223327232,2,9.62565473275005
6,603,317.0365853658537,"bed,",82,6,603,bed,17264116,4,7.2371443454337525
6,604,334.0,Abby.,82,6,604,Abby,596695,5,5.775752398692921
6,605,344.5365853658537,I've,82,6,605,I 've,15923265,4,7.202032122829971
6,606,311.5121951219512,got,82,6,606,got,43005809,3,7.633527121771523
6,607,318.0843373493976,masses,83,6,607,masses,3770528,6,6.57640217021384
6,608,313.1927710843373,of,83,6,608,of,6162371881,2,9.789747903165104
6,609,320.30120481927713,work,83,6,609,work,135320001,4,8.131361992325331
6,610,293.10843373493975,to,83,6,610,to,4223327232,2,9.62565473275005
6,611,309.93975903614455,catch,83,6,611,catch,6166843,5,6.790062891980448
6,612,316.2168674698795,up,83,6,612,up,232348461,2,8.366139800200205
6,613,301.9390243902439,on.',82,6,613,on,993594775,4,8.99720929902148
6,614,338.0121951219512,Abby,82,6,614,Abby,596695,4,5.775752398692921
6,615,326.7857142857143,had,84,6,615,had,537932901,3,8.730728107371226
6,616,314.6385542168675,a,83,6,616,a,3213754375,1,9.507012680872096
6,617,301.4457831325301,quick,83,6,617,quick,7462194,5,6.87286653551616
6,618,292.8192771084337,temper,83,6,618,temper,1831950,6,6.262913616154743
6,619,295.5609756097561,and,82,6,619,and,4873010095,3,9.687797311073117
6,620,315.8072289156627,she,83,6,620,she,278699382,3,8.445136005691102
6,621,307.49397590361446,was,83,6,621,was,1140172617,3,9.056970606543045
6,622,293.10843373493975,angry,83,6,622,angry,5736154,5,6.758620802431783
6,623,308.5903614457831,as,83,6,623,as,1139819594,2,9.056836118415085
6,624,336.10843373493975,hell.,83,6,624,hell,5879237,5,6.769320967540264
6,625,409.8395061728395,'You've,81,6,625,You 've,2574939,7,6.410766945114224
6,626,435.0843373493976,hoovered,83,6,626,hoovered,2093,8,3.3207692283386865
6,627,421.9759036144578,him,83,6,627,him,230330497,3,8.362351444703018
6,628,407.09638554216866,"up,",83,6,628,up,232348461,3,8.366139800200205
6,629,375.9879518072289,haven't,83,6,629,have n't,12522,7,4.097673699449098
6,630,365.0487804878049,you?',82,6,630,you,578117187,5,8.762015880823492
6,631,355.04819277108436,she,83,6,631,she,278699382,3,8.445136005691102
6,632,321.28915662650604,said,83,6,632,said,171981082,4,8.235480676937357
6,633,344.0,accusingly.,83,6,633,accusingly,56235,11,4.750006699477232
6,634,391.7710843373494,Abby's,83,6,634,Abby 's,49601,6,4.695490432339068
6,635,374.1341463414634,mom,82,6,635,mom,2069091,3,6.3157795916462875
6,636,326.2409638554217,denied,83,6,636,denied,5318967,6,6.7258272958738115
6,637,338.4698795180723,Abby's,83,6,637,Abby 's,49601,6,4.695490432339068
6,638,366.77777777777777,version,81,6,638,version,13153669,7,7.1190469090389605
6,639,328.8536585365854,of,82,6,639,of,6162371881,2,9.789747903165104
6,640,293.0975609756098,the,82,6,640,the,9819942513,3,9.992108945387768
6,641,287.6707317073171,story,82,6,641,story,31595058,5,7.499619156948206
6,642,316.3975903614458,was,83,6,642,was,1140172617,3,9.056970606543045
6,643,319.3855421686747,true,83,6,643,true,37153771,4,7.5700028999640585
6,644,349.4166666666667,and,84,6,644,and,4873010095,3,9.687797311073117
6,645,305.09638554216866,said,83,6,645,said,171981082,4,8.235480676937357
6,646,306.49397590361446,that,83,6,646,that,1746480437,4,9.24216372530116
6,647,301.56626506024094,she,83,6,647,she,278699382,3,8.445136005691102
6,648,295.5903614457831,was,83,6,648,was,1140172617,3,9.056970606543045
6,649,332.68674698795184,"careful,",83,6,649,careful,7678101,8,6.885253820656376
6,650,317.66265060240966,but,83,6,650,but,422070748,3,8.625385254020305
6,651,317.8333333333333,because,84,6,651,because,136741894,7,8.135901590980518
6,653,320.7469879518072,Sticky,83,6,653,Sticky,63728,6,4.804330289065253
6,654,299.2168674698795,was,83,6,654,was,1140172617,3,9.056970606543045
6,655,301.04819277108436,so,83,6,655,so,252284174,2,8.401890007711213
6,656,304.9879518072289,small,83,6,656,small,68870614,5,7.838033954854396
6,657,306.4096385542169,he,83,6,657,he,602878183,2,8.780229567869084
6,658,298.32530120481925,was,83,6,658,was,1140172617,3,9.056970606543045
6,659,311.66265060240966,hard,83,6,659,hard,30493645,4,7.484209340035178
6,660,292.1951219512195,to,82,6,660,to,4223327232,2,9.62565473275005
6,661,295.3658536585366,see.,82,6,661,see,158936043,4,8.201222396269541
6,662,342.31325301204816,'What's,83,6,662,What 's,5041842,7,6.702589231740406
6,663,339.8536585365854,wrong,82,6,663,wrong,16679348,5,7.222179069950609
6,664,318.6385542168675,with,83,6,664,with,1110064802,4,9.0453483322367
6,665,310.4578313253012,being,83,6,665,being,117515747,5,8.070096065560838
6,666,329.9759036144578,small?',83,6,666,small,68870614,7,7.838033954854396
6,667,374.4024390243902,'Nothing,82,6,667,Nothing,5618217,8,6.749598509533151
6,668,330.4268292682927,at,82,6,668,at,654432238,2,8.815864684979672
6,669,301.03614457831327,"all,",83,6,669,all,374139462,4,8.573033517406971
6,670,303.6265060240964,but,83,6,670,but,422070748,3,8.625385254020305
6,671,301.65060240963857,it,83,6,671,it,908536386,2,8.958342325064617
6,672,302.3095238095238,makes,84,6,672,makes,29037262,5,7.462955663186758
6,673,316.2261904761905,things,84,6,673,things,56035173,6,7.74846071708923
6,674,298.23809523809524,hard,84,6,674,hard,30493645,4,7.484209340035178
6,675,292.92857142857144,to,84,6,675,to,4223327232,2,9.62565473275005
6,676,339.3690476190476,find.',84,6,676,find,59792457,6,7.776646399876377
6,677,345.0121951219512,'Or,82,6,677,Or,11581604,3,7.063768711386943
6,678,348.43373493975906,"notice,'",83,6,678,notice,11275569,8,7.052138466942463
6,679,356.3734939759036,Abby,83,6,679,Abby,596695,4,5.775752398692921
6,680,386.9879518072289,"said,",83,6,680,said,171981082,5,8.235480676937357
6,681,383.2409638554217,suddenly,83,6,681,suddenly,10432550,8,7.018390474828468
6,682,337.8313253012048,feeling,83,6,682,feeling,17997939,7,7.255222775538056
6,683,324.9878048780488,like,82,6,683,like,167991828,4,8.225288155887608
6,684,323.0722891566265,the,83,6,684,the,9819942513,3,9.992108945387768
6,685,314.3614457831325,"small,",83,6,685,small,68870614,6,7.838033954854396
6,686,340.8536585365854,overlooked,82,6,686,overlooked,1600456,10,6.204243738948833
6,688,327.4457831325301,Sticky,83,6,688,Sticky,63728,6,4.804330289065253
6,689,322.28915662650604,herself,83,6,689,herself,20074494,7,7.30264460721212
6,690,319.2098765432099,and,81,6,690,and,4873010095,3,9.687797311073117
6,691,331.6190476190476,storming,84,6,691,storming,176142,8,5.24586292322119
6,692,327.67469879518075,from,83,6,692,from,708532803,4,8.850359961615387
6,693,336.4698795180723,the,83,6,693,the,9819942513,3,9.992108945387768
6,694,296.9879518072289,room.,83,6,694,room,42569269,5,7.629096192531094
6,695,337.51807228915663,The,83,6,695,The,1217211729,3,9.085366128549287
6,696,355.31325301204816,door,83,6,696,door,28468168,4,7.454359520076683
6,697,341.28915662650604,to,83,6,697,to,4223327232,2,9.62565473275005
6,698,312.3658536585366,the,82,6,698,the,9819942513,3,9.992108945387768
6,699,305.9024390243902,bedroom,82,6,699,bedroom,3784939,7,6.578058884581964
6,700,328.7073170731707,opened,82,6,700,opened,14564232,6,7.163287588383116
6,701,323.6385542168675,a,83,6,701,a,3213754375,1,9.507012680872096
6,702,314.2289156626506,few,83,6,702,few,64575815,3,7.810069896034192
6,703,300.3780487804878,minutes,82,6,703,minutes,19913825,7,7.2991546862878645
6,704,293.13253012048193,later,83,6,704,later,55784164,5,7.746510928982147
6,705,304.2168674698795,and,83,6,705,and,4873010095,3,9.687797311073117
6,706,329.5903614457831,Mom's,83,6,706,Mom 's,206145,5,5.3141728055514275
6,707,346.51807228915663,face,83,6,707,face,45765806,4,7.660541115300077
6,708,327.7317073170732,appeared.,82,6,708,appeared,16686293,9,7.222359865231621
6,709,356.2926829268293,She,82,6,709,She,118491481,3,8.07368712766523
6,710,338.280487804878,was,82,6,710,was,1140172617,3,9.056970606543045
6,711,305.6585365853659,there,82,6,711,there,243799443,5,8.38703270906619
6,712,306.28915662650604,to,83,6,712,to,4223327232,2,9.62565473275005
6,713,305.9879518072289,try,83,6,713,try,21092781,3,7.324133843529464
6,714,281.3048780487805,to,82,6,714,to,4223327232,2,9.62565473275005
6,715,289.56626506024094,make,83,6,715,make,111219711,4,8.046181762245393
6,716,281.27710843373495,up,83,6,716,up,232348461,2,8.366139800200205
6,717,296.578313253012,for,83,6,717,for,1388290219,3,9.14248026391068
6,718,288.4390243902439,having,82,6,718,having,42656711,6,7.629987366593555
6,719,283.73493975903614,been,83,6,719,been,310806848,4,8.492490579034436
6,720,340.13253012048193,insensitive,83,6,720,insensitive,634046,11,5.802120767063855
6,721,404.0240963855422,earlier.,83,6,721,earlier,24441419,8,7.388126416217824
6,722,383.51807228915663,She,83,6,722,She,118491481,3,8.07368712766523
6,723,302.855421686747,had,83,6,723,had,537932901,3,8.730728107371226
6,724,297.7469879518072,put,83,6,724,put,49376612,3,7.693521287293289
6,725,296.9879518072289,her,83,6,725,her,415597541,3,8.61867296926702
6,726,287.65060240963857,work,83,6,726,work,135320001,4,8.131361992325331
6,727,295.51807228915663,on,83,6,727,on,993594775,2,8.99720929902148
6,728,305.10843373493975,the,83,6,728,the,9819942513,3,9.992108945387768
6,729,290.421686746988,back,83,6,729,back,107859495,4,8.032858382582713
6,730,293.1807228915663,burner,83,6,730,burner,401502,6,5.603687712969122
6,731,324.8780487804878,and,82,6,731,and,4873010095,3,9.687797311073117
6,732,311.71084337349396,occupied,83,6,732,occupied,5672713,8,6.753790811826772
6,733,301.65060240963857,herself,83,6,733,herself,20074494,7,7.30264460721212
6,734,299.7590361445783,with,83,6,734,with,1110064802,4,9.0453483322367
6,735,308.30120481927713,Sticky.,83,6,735,Sticky,63728,7,4.804330289065253
6,736,464.0120481927711,"Abby,",83,6,736,Abby,596695,5,5.775752398692921
6,737,439.4024390243902,who,82,6,737,who,294018466,3,8.46837460738514
6,738,369.27710843373495,was,83,6,738,was,1140172617,3,9.056970606543045
6,739,313.73493975903614,breathing,83,6,739,breathing,4103276,9,6.61313073004165
6,740,313.65060240963857,fire,83,6,740,fire,20358097,4,7.308737179311814
6,741,334.7951807228916,all,83,6,741,all,374139462,3,8.573033517406971
6,742,343.578313253012,on,83,6,742,on,993594775,2,8.99720929902148
6,743,344.0843373493976,account,83,6,743,account,30598675,7,7.485702620839509
6,744,325.6265060240964,of,83,6,744,of,6162371881,2,9.789747903165104
6,745,299.9879518072289,the,83,6,745,the,9819942513,3,9.992108945387768
6,746,297.7831325301205,little,83,6,746,little,78869880,6,7.89691118005035
6,747,325.68674698795184,"snail,",83,6,747,snail,333225,6,5.522737576632571
6,748,325.0843373493976,tried,83,6,748,tried,20190743,5,7.3051523008585875
6,749,330.13253012048193,to,83,6,749,to,4223327232,2,9.62565473275005
6,750,338.95180722891564,ignore,83,6,750,ignore,3536275,6,6.548546030758061
6,751,301.89156626506025,"her,",83,6,751,her,415597541,4,8.61867296926702
6,752,318.855421686747,but,83,6,752,but,422070748,3,8.625385254020305
6,753,313.0,it,82,6,753,it,908536386,2,8.958342325064617
6,754,299.96385542168673,was,83,6,754,was,1140172617,3,9.056970606543045
6,755,293.73493975903614,hard,83,6,755,hard,30493645,4,7.484209340035178
6,756,305.0843373493976,when,83,6,756,when,249000060,4,8.396199451744996
6,757,300.86746987951807,Mom,83,6,757,Mom,3030686,3,6.481540942790772
6,758,312.34939759036143,walked,83,6,758,walked,12580771,6,7.0997072572288955
6,759,310.1807228915663,over,83,6,759,over,162192656,4,8.210031185689672
6,760,286.95180722891564,to,83,6,760,to,4223327232,2,9.62565473275005
6,761,283.1807228915663,the,83,6,761,the,9819942513,3,9.992108945387768
6,762,297.2168674698795,bed,83,6,762,bed,17264116,3,7.2371443454337525
6,763,287.5609756097561,and,82,6,763,and,4873010095,3,9.687797311073117
6,764,280.5238095238095,sat,84,6,764,sat,14799021,3,7.170232986451663
6,765,288.86746987951807,next,83,6,765,next,47961300,4,7.6808909462194475
6,766,310.6219512195122,to,82,6,766,to,4223327232,2,9.62565473275005
6,767,294.43373493975906,her.,83,6,767,her,415597541,4,8.61867296926702
6,768,305.9625,"Mom,",80,6,768,Mom,3030686,4,6.481540942790772
6,769,323.0987654320988,who,81,6,769,who,294018466,3,8.46837460738514
6,770,346.2560975609756,Abby,82,6,770,Abby,596695,4,5.775752398692921
6,771,326.609756097561,still,82,6,771,still,82706155,5,7.917537830992306
6,772,319.4878048780488,strained,82,6,772,strained,1123191,8,6.050453614848055
6,773,374.5679012345679,to,81,6,773,to,4223327232,2,9.62565473275005
6,774,332.4756097560976,remain,82,6,774,remain,16517925,6,7.21795548985785
6,775,315.1707317073171,upset,82,6,775,upset,3061407,5,6.48592107089235
6,776,341.9390243902439,"with,",82,6,776,with,1110064802,5,9.0453483322367
6,777,335.3780487804878,had,82,6,777,had,537932901,3,8.730728107371226
6,778,325.4512195121951,gone,82,6,778,gone,17937353,4,7.253758354967242
6,779,311.74074074074076,out,81,6,779,out,242417228,3,8.384563480838569
6,780,290.2317073170732,to,82,6,780,to,4223327232,2,9.62565473275005
6,781,300.719512195122,find,82,6,781,find,59792457,4,7.776646399876377
6,782,298.4024390243902,her,82,6,782,her,415597541,3,8.61867296926702
6,783,308.1341463414634,glasses,82,6,783,glasses,2785708,7,6.4449355914006325
6,784,325.6666666666667,in,81,6,784,in,3271087682,2,9.514692185610274
6,785,304.2073170731707,order,82,6,785,order,71575698,5,7.854765591916413
6,786,295.8658536585366,to,82,6,786,to,4223327232,2,9.62565473275005
6,787,278.7654320987654,search,81,6,787,search,15119703,6,7.179543260296936
6,788,293.1125,for,80,6,788,for,1388290219,3,9.14248026391068
6,789,287.719512195122,Sticky,82,6,789,Sticky,63728,6,4.804330289065253
6,790,310.9753086419753,more,81,6,790,more,329429635,4,8.517762665076773
6,791,335.82716049382714,effectively.,81,6,791,effectively,7961745,12,6.901008263820002
6,792,367.780487804878,'This,82,6,792,This,229531441,5,8.36084218319599
6,793,314.1341463414634,is,82,6,793,is,1780724214,2,9.250596664206503
6,794,276.4024390243902,my,82,6,794,my,230745730,2,8.363133673058314
6,795,286.1707317073171,new,82,6,795,new,140488451,3,8.147640624076509
6,796,296.6707317073171,and,82,6,796,and,4873010095,3,9.687797311073117
6,797,303.780487804878,extra,82,6,797,extra,7759192,5,6.889816498550499
6,798,305.890243902439,powerful,82,6,798,powerful,14104583,8,7.149360250826299
6,799,323.0365853658537,pair,82,6,799,pair,7856480,4,6.895228009272668
6,800,297.6707317073171,I,82,6,800,I,926120510,1,8.96666750225725
6,801,316.8536585365854,have,82,6,801,have,593092485,4,8.773122421177646
6,802,308.51851851851853,for,81,6,802,for,1388290219,3,9.14248026391068
6,803,316.1358024691358,important,81,6,803,important,77762315,9,7.8907691811461005
6,804,302.4268292682927,occasions,82,6,804,occasions,4218239,9,6.625131182667724
6,805,318.44444444444446,like,81,6,805,like,167991828,4,8.225288155887608
6,806,317.14814814814815,snail,81,6,806,snail,333225,5,5.522737576632571
6,807,335.8536585365854,"hunting,'",82,6,807,hunting,3880630,9,6.588902236757399
6,808,370.74074074074076,she,81,6,808,she,278699382,3,8.445136005691102
6,809,316.9875,said.,80,6,809,said,171981082,5,8.235480676937357
6,810,316.4390243902439,She,82,6,810,She,118491481,3,8.07368712766523
6,811,311.4878048780488,smiled,82,6,811,smiled,7544213,6,6.877613941582236
6,812,305.8414634146341,at,82,6,812,at,654432238,2,8.815864684979672
6,813,296.8658536585366,"Abby,",82,6,813,Abby,596695,5,5.775752398692921
6,814,310.7283950617284,trying,81,6,814,trying,20128234,6,7.303805672668099
6,815,298.9390243902439,to,82,6,815,to,4223327232,2,9.62565473275005
6,816,297.5308641975309,butter,81,6,816,butter,2864124,6,6.456991816481484
6,817,300.8536585365854,her,82,6,817,her,415597541,3,8.61867296926702
6,818,312.719512195122,"up,",82,6,818,up,232348461,3,8.366139800200205
6,819,298.3375,but,80,6,819,but,422070748,3,8.625385254020305
6,820,313.9878048780488,Abby,82,6,820,Abby,596695,4,5.775752398692921
6,821,297.8048780487805,didn't,82,6,821,did n't,47073,6,4.672771877123848
6,822,301.1585365853659,smile,82,6,822,smile,8995820,5,6.954040756924908
6,823,307.12345679012344,back.,81,6,823,back,107859495,5,8.032858382582713
6,824,321.5121951219512,Abby,82,6,824,Abby,596695,4,5.775752398692921
6,825,358.7831325301205,believed,83,6,825,believed,14506062,8,7.161549529336973
6,826,294.4512195121951,her,82,6,826,her,415597541,3,8.61867296926702
6,827,319.1829268292683,mom's,82,6,827,mom 's,146118,5,5.164703719145489
6,828,306.0987654320988,idea,81,6,828,idea,32654099,4,7.513937705101015
6,829,293.55,would,80,6,829,would,319551796,5,8.504541262788026
6,830,306.44444444444446,not,81,6,830,not,1006314753,3,9.002733839677335
6,831,330.109756097561,"succeed,",82,6,831,succeed,3569988,8,6.552666756296355
6,832,335.3414634146341,but,82,6,832,but,422070748,3,8.625385254020305
6,833,320.58024691358025,then,81,6,833,then,161019392,4,8.206878182438311
6,834,340.12345679012344,she,81,6,834,she,278699382,3,8.445136005691102
6,835,293.6463414634146,had,82,6,835,had,537932901,3,8.730728107371226
6,836,303.4691358024691,an,81,6,836,an,576832090,2,8.761049412810996
6,837,287.6341463414634,idea,82,6,837,idea,32654099,4,7.513937705101015
6,838,283.65432098765433,of,81,6,838,of,6162371881,2,9.789747903165104
6,839,290.2125,her,80,6,839,her,415597541,3,8.61867296926702
6,840,323.6875,own.,80,6,840,own,109739389,4,8.04036253782956
6,841,333.54430379746833,'I've,79,6,841,I 've,15923265,5,7.202032122829971
6,842,322.8125,got,80,6,842,got,43005809,3,7.633527121771523
6,843,297.85,a,80,6,843,a,3213754375,1,9.507012680872096
6,844,312.9259259259259,magnifying,81,6,844,magnifying,254574,10,5.405814046477392
6,845,330.08641975308643,"glass,'",81,6,845,glass,12138452,7,7.084163305295736
6,846,327.34567901234567,Abby,81,6,846,Abby,596695,4,5.775752398692921
6,847,333.98765432098764,suddenly,81,6,847,suddenly,10432550,8,7.018390474828468
6,848,317.890243902439,remembered,82,6,848,remembered,6932479,10,6.8408885626786144
6,849,336.2875,and,80,6,849,and,4873010095,3,9.687797311073117
6,850,325.74074074074076,rushed,81,6,850,rushed,2373651,6,6.375416864611713
6,851,322.12345679012344,off,81,6,851,off,72362056,3,7.85951089783357
6,852,293.61728395061726,to,81,6,852,to,4223327232,2,9.62565473275005
6,853,296.5061728395062,find,81,6,853,find,59792457,4,7.776646399876377
6,854,295.9382716049383,it.,81,6,854,it,908536386,3,8.958342325064617
6,855,295.8780487804878,On,82,6,855,On,57934134,2,7.76293451951115
6,856,287.6219512195122,the,82,6,856,the,9819942513,3,9.992108945387768
6,857,293.18518518518516,floor,81,6,857,floor,15763266,5,7.197646204195896
6,858,289.4691358024691,beside,81,6,858,beside,6485168,6,6.8119212310797606
6,859,321.0246913580247,each,81,6,859,each,121902893,4,8.086014012419263
6,860,317.9375,other,80,6,860,other,281661595,5,8.449727634289163
6,861,310.69135802469134,they,81,6,861,they,418953705,4,8.622166035439204
6,862,295.1111111111111,"sat,",81,6,862,sat,14799021,4,7.170232986451663
6,863,298.5609756097561,shuffling,82,6,863,shuffling,313281,9,5.495934056403013
6,864,319.4074074074074,around,81,6,864,around,66671286,6,7.823938832166472
6,865,303.9259259259259,the,81,6,865,the,9819942513,3,9.992108945387768
6,866,299.6666666666667,"tank,",81,6,866,tank,3246402,5,6.511402297243699
6,867,317.1975308641975,looking,81,6,867,looking,26020896,7,7.415322246920269
6,868,313.39506172839504,all,81,6,868,all,374139462,3,8.573033517406971
6,869,304.98765432098764,over,81,6,869,over,162192656,4,8.210031185689672
6,870,287.6625,the,80,6,870,the,9819942513,3,9.992108945387768
6,871,285.25,place,80,6,871,place,78015798,5,7.892182555120126
6,872,279.6,and,80,6,872,and,4873010095,3,9.687797311073117
6,873,274.675,peering,80,6,873,peering,512812,7,5.709958179289244
6,874,293.875,into,80,6,874,into,254637739,4,8.40592276940739
6,875,321.9382716049383,the,81,6,875,the,9819942513,3,9.992108945387768
6,876,292.4375,corners,80,6,876,corners,2145300,7,6.331488032760532
6,877,295.9753086419753,among,81,6,877,among,56872364,5,7.754901280842588
6,878,291.625,the,80,6,878,the,9819942513,3,9.992108945387768
6,879,294.7875,big,80,6,879,big,22941525,3,7.360622283533505
6,880,314.2375,pebbles,80,6,880,pebbles,401910,7,5.604128812090989
6,881,290.1975308641975,and,81,6,881,and,4873010095,3,9.687797311073117
6,882,295.34567901234567,the,81,6,882,the,9819942513,3,9.992108945387768
6,883,294.3048780487805,pond,82,6,883,pond,1463397,4,6.165362160383871
6,884,288.890243902439,weed.,82,6,884,weed,914901,5,5.961374102285198
6,885,324.9390243902439,Abby,82,6,885,Abby,596695,4,5.775752398692921
6,886,342.0487804878049,tried,82,6,886,tried,20190743,5,7.3051523008585875
6,887,321.6707317073171,to,82,6,887,to,4223327232,2,9.62565473275005
6,888,289.7926829268293,"imagine,",82,6,888,imagine,7187692,8,6.856589458870114
6,889,289.1358024691358,if,81,6,889,if,232130093,2,8.365731445396332
6,890,279.5061728395062,she,81,6,890,she,278699382,3,8.445136005691102
6,891,290.5679012345679,were,81,6,891,were,457504590,4,8.660395455564592
6,892,282.98765432098764,"Sticky,",81,6,892,Sticky,63728,7,4.804330289065253
6,893,292.9878048780488,a,82,6,893,a,3213754375,1,9.507012680872096
6,894,289.975,little,80,6,894,little,78869880,6,7.89691118005035
6,895,302.5487804878049,water,82,6,895,water,64469088,5,7.809351526588196
6,896,306.9512195121951,"snail,",82,6,896,snail,333225,6,5.522737576632571
6,897,298.2073170731707,where,82,6,897,where,136128991,5,8.133950625501162
6,898,297.719512195122,would,82,6,898,would,319551796,5,8.504541262788026
6,899,278.0121951219512,she,82,6,899,she,278699382,3,8.445136005691102
6,900,300.6951219512195,hide,82,6,900,hide,4034362,4,6.605774864513551
6,901,275.8536585365854,out?,82,6,901,out,242417228,4,8.384563480838569
6,902,310.1219512195122,At,82,6,902,At,58062647,2,7.7638968308633665
6,903,329.5421686746988,one,83,6,903,one,398913374,3,8.600878596743621
6,904,292.0240963855422,point,83,6,904,point,68533138,5,7.835900617778045
6,905,294.5853658536585,she,82,6,905,she,278699382,3,8.445136005691102
6,906,282.3170731707317,thought,82,6,906,thought,64294078,7,7.808170972763039
6,907,281.2317073170732,she,82,6,907,she,278699382,3,8.445136005691102
6,908,276.8780487804878,saw,82,6,908,saw,36746641,3,7.565217646499487
6,909,291.8780487804878,"him,",82,6,909,him,230330497,4,8.362351444703018
6,910,311.6219512195122,but,82,6,910,but,422070748,3,8.625385254020305
6,911,292.69135802469134,it,81,6,911,it,908536386,2,8.958342325064617
6,912,276.87654320987656,wasn't,81,6,912,was n't,15985,6,4.203712640607707
6,913,290.358024691358,the,81,6,913,the,9819942513,3,9.992108945387768
6,914,312.1111111111111,water,81,6,914,water,64469088,5,7.809351526588196
6,915,340.125,snail.,80,6,915,snail,333225,6,5.522737576632571
6,916,350.1518987341772,It,79,6,916,It,278516683,2,8.444851214295534
6,917,295.35,was,80,6,917,was,1140172617,3,9.056970606543045
6,918,268.77777777777777,a,81,6,918,a,3213754375,1,9.507012680872096
6,919,270.17283950617286,large,81,6,919,large,65165705,5,7.814019098066826
6,920,278.25925925925924,speck,81,6,920,speck,211435,5,5.325176880079742
6,921,299.2048192771084,of,83,6,921,of,6162371881,2,9.789747903165104
6,922,286.4390243902439,dust,82,6,922,dust,4736167,4,6.675427007460596
6,923,324.30864197530866,that,81,6,923,that,1746480437,4,9.24216372530116
6,924,294.109756097561,was,82,6,924,was,1140172617,3,9.056970606543045
6,925,309.6951219512195,deceptively,82,6,925,deceptively,175132,11,5.24336550732662
6,926,369.6219512195122,bobbing,82,6,926,bobbing,221230,7,5.3448440193371205
6,927,336.2926829268293,around,82,6,927,around,66671286,6,7.823938832166472
6,928,310.3292682926829,in,82,6,928,in,3271087682,2,9.514692185610274
6,929,298.6707317073171,the,82,6,929,the,9819942513,3,9.992108945387768
6,930,279.1604938271605,water,81,6,930,water,64469088,5,7.809351526588196
6,931,268.2926829268293,like,82,6,931,like,167991828,4,8.225288155887608
6,932,290.0617283950617,a,81,6,932,a,3213754375,1,9.507012680872096
6,933,277.2926829268293,live,82,6,933,live,26729203,4,7.426986009341556
6,934,291.6341463414634,animal.,82,6,934,animal,11811207,7,7.072294280903506
6,935,363.9390243902439,They,82,6,935,They,113155335,4,8.053675034706483
6,936,317.41975308641975,were,81,6,936,were,457504590,4,8.660395455564592
6,937,277.9024390243902,ready,82,6,937,ready,16067422,5,7.205946200286075
6,938,270.8414634146341,to,82,6,938,to,4223327232,2,9.62565473275005
6,939,289.6951219512195,call,82,6,939,call,32401764,4,7.510568654484761
6,940,276.4146341463415,it,82,6,940,it,908536386,2,8.958342325064617
6,941,262.2682926829268,"quits,",82,6,941,quits,145228,6,5.162050356537412
6,942,278.2682926829268,when,82,6,942,when,249000060,4,8.396199451744996
6,943,278.3658536585366,suddenly,82,6,943,suddenly,10432550,8,7.018390474828468
6,944,302.5853658536585,Mom,82,6,944,Mom,3030686,3,6.481540942790772
6,945,314.4634146341463,"cried,",82,6,945,cried,5416949,6,6.73375474676999
6,946,297.0243902439024,'Ah,82,6,946,Ah,3009816,3,6.47853994654826
6,947,323.9634146341463,ha!',82,6,947,ha,2843936,4,6.453919818794864
6,948,330.890243902439,Tucked,82,6,948,Tucked,43216,6,4.635644566843376
6,949,319.4024390243902,in,82,6,949,in,3271087682,2,9.514692185610274
6,950,306.9878048780488,a,82,6,950,a,3213754375,1,9.507012680872096
6,951,297.7073170731707,curve,82,6,951,curve,7553731,5,6.878161514871203
6,952,323.0243902439024,of,82,6,952,of,6162371881,2,9.789747903165104
6,953,299.1585365853659,the,82,6,953,the,9819942513,3,9.992108945387768
6,954,365.9512195121951,"archway,",82,6,954,archway,144273,8,5.159185062568403
6,955,399.2926829268293,perfectly,82,6,955,perfectly,5795561,9,6.763095481268044
6,956,366.0740740740741,hidden,81,6,956,hidden,6412449,6,6.807023924068153
6,957,333.1341463414634,against,82,6,957,against,79033828,7,7.897813017482879
6,958,321.280487804878,a,82,6,958,a,3213754375,1,9.507012680872096
6,959,309.3780487804878,pitch,82,6,959,pitch,3008689,5,6.478377298220535
6,960,314.0731707317073,dark,82,6,960,dark,17668371,4,7.2471965099864635
6,961,325.0853658536585,"stone,",82,6,961,stone,9878783,6,6.994703445707141
6,962,347.75308641975306,sat,81,6,962,sat,14799021,3,7.170232986451663
6,964,316.0240963855422,"Sticky,",83,6,964,Sticky,63728,7,4.804330289065253
6,965,329.0,safe,82,6,965,safe,10018666,4,7.0008098984366445
6,966,299.0121951219512,and,82,6,966,and,4873010095,3,9.687797311073117
6,967,294.2560975609756,sound.,82,6,967,sound,20852205,6,7.319151985866105
6,968,308.1219512195122,"'You,",82,6,968,You,108628627,5,8.03594429035236
6,969,292.0731707317073,I,82,6,969,I,926120510,1,8.96666750225725
6,970,346.39506172839504,can,81,6,970,can,416290431,3,8.619396428153989
6,971,394.1707317073171,always,82,6,971,always,61220587,6,7.786897489417453
6,972,339.5731707317073,count,82,6,972,count,6722362,5,6.827521895573113
6,973,354.719512195122,"on,'",82,6,973,on,993594775,4,8.99720929902148
6,974,407.01234567901236,Abby,81,6,974,Abby,596695,4,5.775752398692921
6,975,378.175,said,80,6,975,said,171981082,4,8.235480676937357
6,976,318.75,to,80,6,976,to,4223327232,2,9.62565473275005
6,977,337.71604938271605,her,81,6,977,her,415597541,3,8.61867296926702
6,978,306.6875,"mom,",80,6,978,mom,2069091,4,6.3157795916462875
6,979,337.4875,with,80,6,979,with,1110064802,4,9.0453483322367
6,980,301.7625,relief.,80,6,980,relief,8320652,7,6.920157358611374
6,981,329.98765432098764,Then,81,6,981,Then,39430787,4,7.59583544525345
6,982,335.85,she,80,6,982,she,278699382,3,8.445136005691102
6,983,300.8,noticed,80,6,983,noticed,6953790,7,6.8422215711303425
6,984,301.8,another,80,6,984,another,83344110,7,7.9208749132835905
6,985,309.825,water,80,6,985,water,64469088,5,7.809351526588196
6,986,296.8,snail,80,6,986,snail,333225,5,5.522737576632571
6,987,308.7625,was,80,6,987,was,1140172617,3,9.056970606543045
6,988,303.7625,right,80,6,988,right,91408680,5,7.960987437496594
6,989,308.85,next,80,6,989,next,47961300,4,7.6808909462194475
6,990,311.17721518987344,to,79,6,990,to,4223327232,2,9.62565473275005
6,991,321.9,Sticky,80,6,991,Sticky,63728,6,4.804330289065253
6,992,350.73417721518985,and,79,6,992,and,4873010095,3,9.687797311073117
6,993,327.55,asked,80,6,993,asked,46175331,5,7.664410017289502
6,994,310.2125,where,80,6,994,where,136128991,5,8.133950625501162
6,995,303.9375,this,80,6,995,this,599554050,4,8.777828340993896
6,996,294.3544303797468,new,79,6,996,new,140488451,3,8.147640624076509
6,997,299.9240506329114,addition,79,6,997,addition,27829047,8,7.444498334263334
6,998,326.6125,to,80,6,998,to,4223327232,2,9.62565473275005
6,999,316.675,the,80,6,999,the,9819942513,3,9.992108945387768
6,1000,293.9873417721519,family,79,6,1000,family,63998193,6,7.806167711777516
6,1001,279.05128205128204,could,78,6,1001,could,205904563,5,8.313665971017075
6,1002,286.1666666666667,have,78,6,1002,have,593092485,4,8.773122421177646
6,1003,298.1518987341772,come,79,6,1003,come,69378970,4,7.841227848019203
6,1004,290.8205128205128,from.,78,6,1004,from,708532803,5,8.850359961615387
6,1005,322.4102564102564,'I'm,78,6,1005,I 'm,39638273,4,7.598114724448228
6,1006,318.253164556962,beginning,79,6,1006,beginning,23257497,9,7.3665629736090965
6,1007,319.7721518987342,to,79,6,1007,to,4223327232,2,9.62565473275005
6,1008,317.4177215189873,suspect,79,6,1008,suspect,3776247,7,6.577060393260758
6,1009,297.0,the,80,6,1009,the,9819942513,3,9.992108945387768
6,1010,290.0,pond,80,6,1010,pond,1463397,4,6.165362160383871
6,1011,309.9,weed,80,6,1011,weed,914901,4,5.961374102285198
6,1012,328.3125,is,80,6,1012,is,1780724214,2,9.250596664206503
6,1013,333.475,"guilty,",80,6,1013,guilty,4630606,7,6.665637830161398
6,1014,400.81481481481484,don't,81,6,1014,do n't,5036,5,3.702085721435825
6,1015,368.55555555555554,you,81,6,1015,you,578117187,3,8.762015880823492
6,1016,347.1012658227848,think?',79,6,1016,think,67200350,7,7.8273715349983615
6,1017,372.475,replied,80,6,1017,replied,9141323,7,6.961009054598101
6,1018,363.82278481012656,Mom.,79,6,1018,Mom,3030686,4,6.481540942790772
6,1019,358.2375,They,80,6,1019,They,113155335,4,8.053675034706483
6,1020,338.6625,both,80,6,1020,both,116011743,4,8.064501951830184
6,1021,299.9,laughed,80,6,1021,laughed,5955735,7,6.774935365608331
6,1022,307.72151898734177,and,79,6,1022,and,4873010095,3,9.687797311073117
6,1023,306.975,climbed,80,6,1023,climbed,2532328,7,6.4035199570184345
6,1024,322.38461538461536,into,78,6,1024,into,254637739,4,8.40592276940739
6,1025,312.2875,Abby's,80,6,1025,Abby 's,49601,6,4.695490432339068
6,1026,301.35,bed,80,6,1026,bed,17264116,3,7.2371443454337525
6,1027,310.1,together,80,6,1027,together,43957560,8,7.643033577565246
6,1028,329.873417721519,"and,",79,6,1028,and,4873010095,4,9.687797311073117
6,1029,321.1,though,80,6,1029,though,52696046,6,7.721778029542639
6,1030,315.35,it,80,6,1030,it,908536386,2,8.958342325064617
6,1031,289.5875,was,80,6,1031,was,1140172617,3,9.056970606543045
6,1032,339.3875,"cozy,",80,6,1032,cozy,405261,5,5.6077348117363846
6,1033,312.3375,it,80,6,1033,it,908536386,2,8.958342325064617
6,1034,294.8875,was,80,6,1034,was,1140172617,3,9.056970606543045
6,1035,280.4625,a,80,6,1035,a,3213754375,1,9.507012680872096
6,1036,283.65,bit,80,6,1036,bit,15770554,3,7.19784694982332
6,1037,273.3625,of,80,6,1037,of,6162371881,2,9.789747903165104
6,1038,264.73417721518985,a,79,6,1038,a,3213754375,1,9.507012680872096
6,1039,281.525,squeeze.,80,6,1039,squeeze,987794,8,5.994666383867638
6,1040,359.59493670886076,'Budge,79,6,1040,Budge,79763,6,4.901801480044619
6,1041,349.49367088607596,"up,'",79,6,1041,up,232348461,4,8.366139800200205
6,1042,393.7974683544304,Mom,79,6,1042,Mom,3030686,3,6.481540942790772
6,1043,357.7721518987342,"said,",79,6,1043,said,171981082,5,8.235480676937357
6,1044,333.34177215189874,giving,79,6,1044,giving,16417665,6,7.21531138970636
6,1045,315.2692307692308,Abby,78,6,1045,Abby,596695,4,5.775752398692921
6,1046,292.87179487179486,a,78,6,1046,a,3213754375,1,9.507012680872096
6,1047,280.4871794871795,push,78,6,1047,push,4573513,4,6.660249917884873
6,1048,287.825,with,80,6,1048,with,1110064802,4,9.0453483322367
6,1049,285.48148148148147,her,81,6,1049,her,415597541,3,8.61867296926702
6,1050,284.05,bottom.,80,6,1050,bottom,12039696,7,7.08061552120841
6,1051,333.85,'I,80,6,1051,I,926120510,2,8.96666750225725
6,1052,356.4125,can't,80,6,1052,ca n't,66,5,1.8195439355418688
6,1053,347.8875,because,80,6,1053,because,136741894,7,8.135901590980518
6,1054,331.6296296296296,I'm,81,6,1054,I 'm,39638273,3,7.598114724448228
6,1055,344.7037037037037,already,81,6,1055,already,40871799,7,7.611423753898969
6,1056,296.61728395061726,on,81,6,1056,on,993594775,2,8.99720929902148
6,1057,292.425,the,80,6,1057,the,9819942513,3,9.992108945387768
6,1058,278.4177215189873,edge.',79,6,1058,edge,11438505,6,7.058369266355777
6,1059,329.5875,'Good,80,6,1059,Good,9793632,5,6.9909437811839386
6,1060,358.9259259259259,"heavens,",81,6,1060,heavens,1530589,8,6.184858587827573
6,1061,321.9,you've,80,6,1061,you 've,6564807,6,6.8172219627077375
6,1062,319.55,grown,80,6,1062,grown,7750420,5,6.889325237827604
6,1063,323.2875,then.,80,6,1063,then,161019392,5,8.206878182438311
6,1064,335.2875,When,80,6,1064,When,89217452,4,7.950449815877786
6,1065,390.45,did,80,6,1065,did,164942220,3,8.217331835548208
6,1066,329.6296296296296,that,81,6,1066,that,1746480437,4,9.24216372530116
6,1067,310.08641975308643,happen?,81,6,1067,happen,10393176,7,7.01674828177309
6,1068,315.641975308642,You,81,6,1068,You,108628627,3,8.03594429035236
6,1069,310.320987654321,could've,81,6,1069,could 've,161022,8,5.206885216565209
6,1070,339.8,put,80,6,1070,put,49376612,3,7.693521287293289
6,1071,300.30864197530866,an,81,6,1071,an,576832090,2,8.761049412810996
6,1072,344.60493827160496,elephant,81,6,1072,elephant,1213127,8,6.083906268724811
6,1073,317.85185185185185,in,81,6,1073,in,3271087682,2,9.514692185610274
6,1074,308.58024691358025,here,81,6,1074,here,77002046,4,7.886502264843974
6,1075,303.25925925925924,last,81,6,1075,last,57574244,4,7.760228244008672
6,1076,308.5432098765432,time,81,6,1076,time,252986157,4,8.403096757922885
6,1077,306.2345679012346,we,81,6,1077,we,340770885,2,8.532462482151033
6,1078,297.4567901234568,did,81,6,1078,did,164942220,3,8.217331835548208
6,1079,290.6296296296296,this.,81,6,1079,this,599554050,5,8.777828340993896
6,1080,336.12345679012344,Before,81,6,1080,Before,11244327,6,7.050933466980812
6,1081,313.91358024691357,I,81,6,1081,I,926120510,1,8.96666750225725
6,1082,310.5679012345679,know,81,6,1082,know,103090059,4,8.013216788177813
6,1083,326.2716049382716,"it,",81,6,1083,it,908536386,3,8.958342325064617
6,1084,296.9,you'll,80,6,1084,you 'll,8238672,6,6.915857212965031
6,1085,302.2962962962963,be,81,6,1085,be,964072174,2,8.984109548007202
6,1086,284.7875,all,80,6,1086,all,374139462,3,8.573033517406971
6,1087,283.45,grown,80,6,1087,grown,7750420,5,6.889325237827604
6,1088,301.0365853658537,up.',82,6,1088,up,232348461,4,8.366139800200205
6,1089,297.1951219512195,On,82,6,1089,On,57934134,2,7.76293451951115
6,1090,318.0853658536585,her,82,6,1090,her,415597541,3,8.61867296926702
6,1091,316.4512195121951,mom's,82,6,1091,mom 's,146118,5,5.164703719145489
6,1092,305.8395061728395,chest,81,6,1092,chest,6875624,5,6.8373121188599715
6,1093,305.0365853658537,Abby,82,6,1093,Abby,596695,4,5.775752398692921
6,1094,314.7710843373494,then,83,6,1094,then,161019392,4,8.206878182438311
6,1095,328.28915662650604,put,83,6,1095,put,49376612,3,7.693521287293289
6,1096,311.30120481927713,her,83,6,1096,her,415597541,3,8.61867296926702
6,1097,324.2261904761905,head,84,6,1097,head,48252042,4,7.683515697173422
6,1098,333.4117647058824,and,85,6,1098,and,4873010095,3,9.687797311073117
6,1099,445.7294117647059,smiled.,85,6,1099,smiled,7544213,7,6.877613941582236
7,1,523.8271604938271,The,81,7,1,The,1217211729,3,9.085366128549287
7,2,402.4375,text,80,7,2,text,27842184,4,7.444703299255563
7,3,380.67088607594934,message,79,7,3,message,15214329,7,7.182252803357128
7,4,403.87179487179486,said,78,7,4,said,171981082,4,8.235480676937357
7,5,371.126582278481,that,79,7,5,that,1746480437,4,9.24216372530116
7,6,360.53846153846155,Lucy,78,7,6,Lucy,2248764,4,6.351943880124067
7,7,400.76623376623377,Josephs,77,7,7,Josephs,34246,7,4.534609852342998
7,8,501.17721518987344,was,79,7,8,was,1140172617,3,9.056970606543045
7,9,387.79487179487177,a,78,7,9,a,3213754375,1,9.507012680872096
7,10,419.96153846153845,failure.,78,7,10,failure,16636624,8,7.22106520134632
7,11,460.52,It,75,7,11,It,278516683,2,8.444851214295534
7,12,374.5394736842105,said,76,7,12,said,171981082,4,8.235480676937357
7,13,373.97402597402595,she,77,7,13,she,278699382,3,8.445136005691102
7,14,328.6233766233766,was,77,7,14,was,1140172617,3,9.056970606543045
7,15,367.46753246753246,"ugly,",77,7,15,ugly,1978872,5,6.296417703508313
7,16,376.42105263157896,had,76,7,16,had,537932901,3,8.730728107371226
7,17,385.0133333333333,no,75,7,17,no,236436100,2,8.373713787073193
7,18,340.18918918918916,style,74,7,18,style,17652570,5,7.246807942333844
7,19,350.6666666666667,and,75,7,19,and,4873010095,3,9.687797311073117
7,20,364.9342105263158,the,76,7,20,the,9819942513,3,9.992108945387768
7,21,366.85526315789474,world,76,7,21,world,90456522,5,7.956439885363845
7,22,355.7894736842105,hated,76,7,22,hated,2514435,5,6.400440413269258
7,23,360.18918918918916,her.,74,7,23,her,415597541,4,8.61867296926702
7,24,370.80263157894734,At,76,7,24,At,58062647,2,7.7638968308633665
7,25,358.3333333333333,least,75,7,25,least,48582456,5,7.686479466012265
7,26,339.64473684210526,that,76,7,26,that,1746480437,4,9.24216372530116
7,27,350.86842105263156,was,76,7,27,was,1140172617,3,9.056970606543045
7,28,310.4736842105263,what,76,7,28,what,218817723,4,8.340082494486747
7,29,330.2631578947368,it,76,7,29,it,908536386,2,8.958342325064617
7,30,337.86842105263156,said,76,7,30,said,171981082,4,8.235480676937357
7,31,307.7368421052632,to,76,7,31,to,4223327232,2,9.62565473275005
7,32,362.4266666666667,Lucy.,75,7,32,Lucy,2248764,5,6.351943880124067
7,33,399.07894736842104,It,76,7,33,It,278516683,2,8.444851214295534
7,34,346.7894736842105,said,76,7,34,said,171981082,4,8.235480676937357
7,35,361.6842105263158,that,76,7,35,that,1746480437,4,9.24216372530116
7,36,349.3421052631579,and,76,7,36,and,4873010095,3,9.687797311073117
7,37,387.11842105263156,a,76,7,37,a,3213754375,1,9.507012680872096
7,38,376.88157894736844,whole,76,7,38,whole,42803829,5,7.631482620396147
7,39,322.8933333333333,lot,75,7,39,lot,21269989,3,7.327767265302798
7,40,323.7105263157895,more,76,7,40,more,329429635,4,8.517762665076773
7,41,339.55263157894734,that,76,7,41,that,1746480437,4,9.24216372530116
7,42,338.4605263157895,she,76,7,42,she,278699382,3,8.445136005691102
7,43,315.44736842105266,was,76,7,43,was,1140172617,3,9.056970606543045
7,44,365.38157894736844,struggling,76,7,44,struggling,2265667,10,6.355196079097619
7,45,352.17105263157896,to,76,7,45,to,4223327232,2,9.62565473275005
7,46,380.38157894736844,understand.,76,7,46,understand,29240637,11,7.465986829386083
7,47,400.1842105263158,The,76,7,47,The,1217211729,3,9.085366128549287
7,48,374.93333333333334,actual,75,7,48,actual,16047083,6,7.205396098912977
7,49,367.32894736842104,text,76,7,49,text,27842184,4,7.444703299255563
7,50,334.4078947368421,of,76,7,50,of,6162371881,2,9.789747903165104
7,51,339.9605263157895,the,76,7,51,the,9819942513,3,9.992108945387768
7,52,356.9868421052632,note,76,7,52,note,19803831,4,7.2967492115354
7,53,364.5584415584416,said,77,7,53,said,171981082,4,8.235480676937357
7,54,342.7763157894737,that,76,7,54,that,1746480437,4,9.24216372530116
7,55,384.67105263157896,Lucy,76,7,55,Lucy,2248764,4,6.351943880124067
7,56,357.2236842105263,better,76,7,56,better,48996201,6,7.690162407606098
7,57,349.72,not,75,7,57,not,1006314753,3,9.002733839677335
7,58,353.0263157894737,show,76,7,58,show,38166852,4,7.581686340839613
7,59,341.4868421052632,up,76,7,59,up,232348461,2,8.366139800200205
7,60,344.7567567567568,at,74,7,60,at,654432238,2,8.815864684979672
7,61,337.67105263157896,the,76,7,61,the,9819942513,3,9.992108945387768
7,62,339.2763157894737,party,76,7,62,party,30584496,5,7.485501328181137
7,63,361.36486486486484,"tonight,",74,7,63,tonight,3253734,8,6.512382045511055
7,64,404.73333333333335,because,75,7,64,because,136741894,7,8.135901590980518
7,65,361.9078947368421,it,76,7,65,it,908536386,2,8.958342325064617
7,66,338.2236842105263,was,76,7,66,was,1140172617,3,9.056970606543045
7,67,321.2763157894737,going,76,7,67,going,55442137,5,7.743839961672675
7,68,321.89473684210526,to,76,7,68,to,4223327232,2,9.62565473275005
7,69,300.4342105263158,be,76,7,69,be,964072174,2,8.984109548007202
7,70,331.8933333333333,bad,75,7,70,bad,19213952,3,7.28361670141919
7,71,398.64473684210526,enough,76,7,71,enough,42301468,6,7.6263554390827695
7,72,446.3333333333333,already!,75,7,72,already,40871799,8,7.611423753898969
7,73,463.29333333333335,"Lucy,",75,7,73,Lucy,2248764,5,6.351943880124067
7,74,376.7236842105263,who,76,7,74,who,294018466,3,8.46837460738514
7,75,372.60526315789474,had,76,7,75,had,537932901,3,8.730728107371226
7,76,354.6533333333333,started,75,7,76,started,22218842,7,7.34672142066627
7,77,387.0,receiving,76,7,77,receiving,6453718,9,6.809809984662619
7,78,380.61842105263156,these,76,7,78,these,212323984,5,8.326999054601854
7,79,359.68,messages,75,7,79,messages,6289314,8,6.798603277836053
7,80,362.2894736842105,a,76,7,80,a,3213754375,1,9.507012680872096
7,81,345.2368421052632,few,76,7,81,few,64575815,3,7.810069896034192
7,82,341.3421052631579,weeks,76,7,82,weeks,15374579,5,7.186803232383704
7,83,347.73333333333335,"ago,",75,7,83,ago,15950013,4,7.2027610413634795
7,84,370.5394736842105,tapped,76,7,84,tapped,980527,6,5.9914595569936715
7,85,359.55263157894734,the,76,7,85,the,9819942513,3,9.992108945387768
7,86,419.69736842105266,mobile,76,7,86,mobile,3866719,6,6.587342612418657
7,87,379.9078947368421,screen,76,7,87,screen,9231682,6,6.9652808361037
7,88,367.9736842105263,to,76,7,88,to,4223327232,2,9.62565473275005
7,89,385.2236842105263,make,76,7,89,make,111219711,4,8.046181762245393
7,90,335.7236842105263,the,76,7,90,the,9819942513,3,9.992108945387768
7,91,346.44,message,75,7,91,message,15214329,7,7.182252803357128
7,92,379.2162162162162,disappear,74,7,92,disappear,2425438,9,6.3847901774976314
7,93,392.8421052631579,from,76,7,93,from,708532803,4,8.850359961615387
7,94,389.1066666666667,view.,75,7,94,view,44626238,5,7.649590277279596
7,95,402.76,She,75,7,95,She,118491481,3,8.07368712766523
7,96,374.67105263157896,only,76,7,96,only,224965302,4,8.352115538946988
7,97,374.4736842105263,wished,76,7,97,wished,4999448,6,6.698922055578397
7,98,353.88,it,75,7,98,it,908536386,2,8.958342325064617
7,99,321.4868421052632,was,76,7,99,was,1140172617,3,9.056970606543045
7,100,309.5,as,76,7,100,as,1139819594,2,9.056836118415085
7,101,351.05263157894734,easy,76,7,101,easy,18267075,4,7.261669011881388
7,102,320.15584415584414,to,77,7,102,to,4223327232,2,9.62565473275005
7,103,319.4025974025974,tap,77,7,103,tap,1603952,3,6.205191367410084
7,104,314.6363636363636,her,77,7,104,her,415597541,3,8.61867296926702
7,105,327.1842105263158,heart,76,7,105,heart,32678215,5,7.514258325803391
7,106,345.52,and,75,7,106,and,4873010095,3,9.687797311073117
7,107,346.9736842105263,erase,76,7,107,erase,582347,5,5.765181842515597
7,108,328.0933333333333,the,75,7,108,the,9819942513,3,9.992108945387768
7,109,343.32,trace,75,7,109,trace,4431173,5,6.646518705905838
7,110,371.28,the,75,7,110,the,9819942513,3,9.992108945387768
7,111,440.61333333333334,message,75,7,111,message,15214329,7,7.182252803357128
7,112,360.26666666666665,had,75,7,112,had,537932901,3,8.730728107371226
7,113,364.0933333333333,left,75,7,113,left,65369345,4,7.815374133362571
7,114,349.0,there.,74,7,114,there,243799443,6,8.38703270906619
7,115,405.3066666666667,'Was,75,7,115,Was,6124510,4,6.787071348088201
7,116,385.94666666666666,that,75,7,116,that,1746480437,4,9.24216372530116
7,117,358.97333333333336,another,75,7,117,another,83344110,7,7.9208749132835905
7,118,354.9594594594595,one,74,7,118,one,398913374,3,8.600878596743621
7,119,330.92,of,75,7,119,of,6162371881,2,9.789747903165104
7,120,330.14666666666665,those,75,7,120,those,131352362,5,8.118437886747845
7,121,375.93333333333334,messages?',75,7,121,messages,6289314,10,6.798603277836053
7,122,369.3333333333333,her,75,7,122,her,415597541,3,8.61867296926702
7,123,348.38666666666666,mom,75,7,123,mom,2069091,3,6.3157795916462875
7,124,358.68,"asked,",75,7,124,asked,46175331,6,7.664410017289502
7,125,387.4736842105263,who,76,7,125,who,294018466,3,8.46837460738514
7,126,334.61842105263156,was,76,7,126,was,1140172617,3,9.056970606543045
7,127,367.80263157894734,driving,76,7,127,driving,6322359,7,6.800879152574802
7,128,335.2236842105263,the,76,7,128,the,9819942513,3,9.992108945387768
7,129,365.11842105263156,car.,76,7,129,car,19890198,4,7.2986391063964025
7,130,451.69736842105266,Lucy,76,7,130,Lucy,2248764,4,6.351943880124067
7,131,371.83116883116884,confirmed,77,7,131,confirmed,5244834,9,6.719731747243617
7,132,358.7236842105263,her,76,7,132,her,415597541,3,8.61867296926702
7,133,359.70666666666665,mother's,75,7,133,mother 's,4692061,8,6.671363649605296
7,134,380.2133333333333,suspicion,75,7,134,suspicion,2664602,9,6.425632349530688
7,135,359.26666666666665,was,75,7,135,was,1140172617,3,9.056970606543045
7,136,368.32894736842104,founded,76,7,136,founded,6055898,7,6.782178551695086
7,137,369.85333333333335,as,75,7,137,as,1139819594,2,9.056836118415085
7,138,382.6933333333333,she,75,7,138,she,278699382,3,8.445136005691102
7,139,380.4605263157895,answered,76,7,139,answered,9012555,8,6.954847928060204
7,140,445.12,"dejectedly,",75,7,140,dejectedly,43180,11,4.635282637998212
7,141,440.5263157894737,'I'm,76,7,141,I 'm,39638273,4,7.598114724448228
7,142,385.5394736842105,sorry,76,7,142,sorry,5821062,5,6.765002224970241
7,143,349.49333333333334,to,75,7,143,to,4223327232,2,9.62565473275005
7,144,335.75,say,76,7,144,say,65187655,3,7.814165358415893
7,145,359.48,it,75,7,145,it,908536386,2,8.958342325064617
7,146,365.86842105263156,was.',76,7,146,was,1140172617,5,9.056970606543045
7,147,396.96,'Haven't,75,7,147,Have n't,1246,8,3.095518042323151
7,148,381.961038961039,you,77,7,148,you,578117187,3,8.762015880823492
7,149,347.94666666666666,reported,75,7,149,reported,20995896,8,7.3221344128893024
7,150,372.64473684210526,it,76,7,150,it,908536386,2,8.958342325064617
7,151,333.4594594594595,yet?',74,7,151,yet,39957037,5,7.601593275793676
7,152,363.5394736842105,asked,76,7,152,asked,46175331,5,7.664410017289502
7,153,363.5733333333333,"Jill,",75,7,153,Jill,948278,5,5.976935675066853
7,154,407.39473684210526,Lucy's,76,7,154,Lucy 's,183635,6,5.263955459317401
7,155,444.53333333333336,older,75,7,155,older,14300395,5,7.155348033545561
7,156,387.17333333333335,sister,75,7,156,sister,9970875,6,6.9987332717517035
7,157,417.82666666666665,who,75,7,157,who,294018466,3,8.46837460738514
7,158,374.0,was,76,7,158,was,1140172617,3,9.056970606543045
7,159,336.36486486486484,sitting,74,7,159,sitting,10039381,7,7.0017069362580315
7,160,320.4,in,75,7,160,in,3271087682,2,9.514692185610274
7,161,305.28,the,75,7,161,the,9819942513,3,9.992108945387768
7,162,354.0394736842105,passenger,76,7,162,passenger,2075639,9,6.3171518222299
7,163,380.60526315789474,seat.,76,7,163,seat,7992231,5,6.902668027842488
7,164,397.4,"'Yes,'",75,7,164,Yes,19605775,6,7.292384014275657
7,165,386.72,Lucy,75,7,165,Lucy,2248764,4,6.351943880124067
7,166,358.5263157894737,"replied,",76,7,166,replied,9141323,8,6.961009054598101
7,167,357.0921052631579,lying,76,7,167,lying,6109484,5,6.786004531778423
7,168,403.8666666666667,through,75,7,168,through,147254130,7,8.168067484179392
7,169,357.14666666666665,her,75,7,169,her,415597541,3,8.61867296926702
7,170,342.82666666666665,teeth.,75,7,170,teeth,6197192,6,6.7921949515714655
7,171,398.76,That,75,7,171,That,61071875,4,7.7858412537055965
7,172,346.67105263157896,Lucy,76,7,172,Lucy,2248764,4,6.351943880124067
7,173,373.89473684210526,should,76,7,173,should,157257237,6,8.196610640869892
7,174,360.50666666666666,not,75,7,174,not,1006314753,3,9.002733839677335
7,175,336.6233766233766,let,77,7,175,let,35077105,3,7.545023742778182
7,176,334.89473684210526,the,76,7,176,the,9819942513,3,9.992108945387768
7,177,333.4266666666667,messages,75,7,177,messages,6289314,8,6.798603277836053
7,178,322.44736842105266,get,76,7,178,get,86515246,3,7.937092647005015
7,179,309.28,to,75,7,179,to,4223327232,2,9.62565473275005
7,180,332.80263157894734,her,76,7,180,her,415597541,3,8.61867296926702
7,181,348.96,and,75,7,181,and,4873010095,3,9.687797311073117
7,182,335.0263157894737,that,76,7,182,that,1746480437,4,9.24216372530116
7,183,348.26666666666665,the,75,7,183,the,9819942513,3,9.992108945387768
7,184,347.02666666666664,sender,75,7,184,sender,782406,6,5.89343217224593
7,185,353.8666666666667,was,75,7,185,was,1140172617,3,9.056970606543045
7,186,321.05333333333334,only,75,7,186,only,224965302,4,8.352115538946988
7,187,335.96,jealous,75,7,187,jealous,1313951,7,6.118579169769878
7,188,366.1333333333333,were,75,7,188,were,457504590,4,8.660395455564592
7,189,382.0933333333333,Lucy's,75,7,189,Lucy 's,183635,6,5.263955459317401
7,190,383.4533333333333,mom's,75,7,190,mom 's,146118,5,5.164703719145489
7,191,420.13698630136986,"arguments,",73,7,191,arguments,7973275,10,6.901636743263419
7,192,423.2567567567568,in,74,7,192,in,3271087682,2,9.514692185610274
7,193,364.17105263157896,an,76,7,193,an,576832090,2,8.761049412810996
7,194,371.1095890410959,effort,73,7,194,effort,16657004,6,7.221596890031415
7,195,329.69736842105266,to,76,7,195,to,4223327232,2,9.62565473275005
7,196,331.8933333333333,comfort,75,7,196,comfort,4887104,7,6.689051581128751
7,197,369.1066666666667,her,75,7,197,her,415597541,3,8.61867296926702
7,198,355.2,daughter.,75,7,198,daughter,13702865,9,7.136811379098529
7,199,408.82666666666665,Lucy's,75,7,199,Lucy 's,183635,6,5.263955459317401
7,200,349.85526315789474,mom,76,7,200,mom,2069091,3,6.3157795916462875
7,201,382.32,suddenly,75,7,201,suddenly,10432550,8,7.018390474828468
7,202,331.0921052631579,felt,76,7,202,felt,35889439,4,7.554966669781874
7,203,369.17105263157896,"guilty,",76,7,203,guilty,4630606,7,6.665637830161398
7,204,385.89473684210526,for,76,7,204,for,1388290219,3,9.14248026391068
7,205,324.92,she,75,7,205,she,278699382,3,8.445136005691102
7,206,324.3466666666667,had,75,7,206,had,537932901,3,8.730728107371226
7,207,347.50666666666666,been,75,7,207,been,310806848,4,8.492490579034436
7,208,325.63157894736844,the,76,7,208,the,9819942513,3,9.992108945387768
7,209,314.4266666666667,one,75,7,209,one,398913374,3,8.600878596743621
7,210,305.7894736842105,to,76,7,210,to,4223327232,2,9.62565473275005
7,211,322.26666666666665,buy,75,7,211,buy,10703771,3,7.029536809084042
7,212,339.25,the,76,7,212,the,9819942513,3,9.992108945387768
7,213,333.26666666666665,phone,75,7,213,phone,10537598,5,7.022741626604216
7,214,325.82894736842104,for,76,7,214,for,1388290219,3,9.14248026391068
7,215,320.6933333333333,Lucy,75,7,215,Lucy,2248764,4,6.351943880124067
7,216,334.38157894736844,just,76,7,216,just,113263289,4,8.054089168749202
7,217,331.70666666666665,a,75,7,217,a,3213754375,1,9.507012680872096
7,218,318.0657894736842,couple,76,7,218,couple,11386681,6,7.056397153979125
7,219,315.50666666666666,of,75,7,219,of,6162371881,2,9.789747903165104
7,220,313.4342105263158,months,76,7,220,months,25863713,6,7.412690872425961
7,221,324.3157894736842,ago.,76,7,221,ago,15950013,4,7.2027610413634795
7,222,330.64473684210526,She,76,7,222,She,118491481,3,8.07368712766523
7,223,319.16,then,75,7,223,then,161019392,4,8.206878182438311
7,224,321.2631578947368,admitted,76,7,224,admitted,5728725,8,6.758057975007678
7,225,318.42105263157896,her,76,7,225,her,415597541,3,8.61867296926702
7,226,341.7894736842105,regret,76,7,226,regret,2074374,6,6.316887060391022
7,227,357.6,about,75,7,227,about,265782619,5,8.424526576609713
7,228,317.4605263157895,the,76,7,228,the,9819942513,3,9.992108945387768
7,229,314.4605263157895,phone,76,7,229,phone,10537598,5,7.022741626604216
7,230,323.2266666666667,was,75,7,230,was,1140172617,3,9.056970606543045
7,231,352.61842105263156,still,76,7,231,still,82706155,5,7.917537830992306
7,232,343.05333333333334,bugging,75,7,232,bugging,78853,7,4.896818220919975
7,233,352.2105263157895,her,76,7,233,her,415597541,3,8.61867296926702
7,234,353.49333333333334,out,75,7,234,out,242417228,3,8.384563480838569
7,235,358.3333333333333,loud,75,7,235,loud,4009477,4,6.6030877265285834
7,236,358.67105263157896,as,76,7,236,as,1139819594,2,9.056836118415085
7,237,359.2763157894737,she,76,7,237,she,278699382,3,8.445136005691102
7,238,338.9078947368421,"sighed,",76,7,238,sighed,2311062,7,6.363811596667639
7,239,384.94594594594594,'I,74,7,239,I,926120510,2,8.96666750225725
7,240,364.1578947368421,never,76,7,240,never,74546406,5,7.8724267102706635
7,241,336.0135135135135,should,74,7,241,should,157257237,6,8.196610640869892
7,242,323.68,have,75,7,242,have,593092485,4,8.773122421177646
7,243,310.7972972972973,given,74,7,243,given,66612125,5,7.82355328834915
7,244,311.8378378378378,you,74,7,244,you,578117187,3,8.762015880823492
7,245,302.6216216216216,that,74,7,245,that,1746480437,4,9.24216372530116
7,246,311.7162162162162,phone,74,7,246,phone,10537598,5,7.022741626604216
7,247,357.5131578947368,Lucy.',76,7,247,Lucy,2248764,6,6.351943880124067
7,248,365.3157894736842,"'No,",76,7,248,No,46414615,4,7.666654752417921
7,249,338.63157894736844,it's,76,7,249,it 's,27535650,4,7.439895332790476
7,250,330.8,fine.,75,7,250,fine,15623119,5,7.193767740761986
7,251,322.8157894736842,I,76,7,251,I,926120510,1,8.96666750225725
7,252,321.32,love,75,7,252,love,42743185,4,7.630866880401474
7,253,310.38157894736844,"it,'",76,7,253,it,908536386,4,8.958342325064617
7,254,324.36,said,75,7,254,said,171981082,4,8.235480676937357
7,255,346.9868421052632,Lucy,76,7,255,Lucy,2248764,4,6.351943880124067
7,256,333.61333333333334,knowing,75,7,256,knowing,8651713,7,6.937102104319568
7,257,320.4342105263158,that,76,7,257,that,1746480437,4,9.24216372530116
7,258,324.48,affording,75,7,258,affording,271571,9,5.433883391483236
7,259,383.61842105263156,the,76,7,259,the,9819942513,3,9.992108945387768
7,260,339.53333333333336,phone,75,7,260,phone,10537598,5,7.022741626604216
7,261,319.39473684210526,had,76,7,261,had,537932901,3,8.730728107371226
7,262,321.0133333333333,been,75,7,262,been,310806848,4,8.492490579034436
7,263,322.19736842105266,no,76,7,263,no,236436100,2,8.373713787073193
7,264,322.49333333333334,small,75,7,264,small,68870614,5,7.838033954854396
7,265,313.2133333333333,thing,75,7,265,thing,36695676,5,7.564614892590644
7,266,324.47297297297297,for,74,7,266,for,1388290219,3,9.14248026391068
7,267,301.3333333333333,her,75,7,267,her,415597541,3,8.61867296926702
7,268,315.4594594594595,mother.,74,7,268,mother,39696579,7,7.598753081437183
7,269,400.36842105263156,It,76,7,269,It,278516683,2,8.444851214295534
7,270,308.84,had,75,7,270,had,537932901,3,8.730728107371226
7,271,297.2236842105263,been,76,7,271,been,310806848,4,8.492490579034436
7,272,313.8666666666667,nothing,75,7,272,nothing,38429085,7,7.58466004399644
7,273,318.62666666666667,but,75,7,273,but,422070748,3,8.625385254020305
7,274,319.3333333333333,trouble,75,7,274,trouble,9674701,7,6.985637551876307
7,275,324.30263157894734,though.,76,7,275,though,52696046,7,7.721778029542639
7,276,379.6933333333333,Lucy,75,7,276,Lucy,2248764,4,6.351943880124067
7,277,344.7763157894737,did,76,7,277,did,164942220,3,8.217331835548208
7,278,320.1842105263158,not,76,7,278,not,1006314753,3,9.002733839677335
7,279,307.0657894736842,know,76,7,279,know,103090059,4,8.013216788177813
7,280,306.9736842105263,who,76,7,280,who,294018466,3,8.46837460738514
7,281,311.70666666666665,it,75,7,281,it,908536386,2,8.958342325064617
7,282,308.55263157894734,was,76,7,282,was,1140172617,3,9.056970606543045
7,283,294.8666666666667,that,75,7,283,that,1746480437,4,9.24216372530116
7,284,354.4078947368421,was,76,7,284,was,1140172617,3,9.056970606543045
7,285,309.88,sending,75,7,285,sending,4191416,7,6.62236076690365
7,286,300.6842105263158,her,76,7,286,her,415597541,3,8.61867296926702
7,287,306.7866666666667,the,75,7,287,the,9819942513,3,9.992108945387768
7,288,312.4868421052632,"messages,",76,7,288,messages,6289314,9,6.798603277836053
7,289,349.55263157894734,and,76,7,289,and,4873010095,3,9.687797311073117
7,290,303.50666666666666,she,75,7,290,she,278699382,3,8.445136005691102
7,291,299.02666666666664,did,75,7,291,did,164942220,3,8.217331835548208
7,292,300.05263157894734,not,76,7,292,not,1006314753,3,9.002733839677335
7,293,296.49333333333334,know,75,7,293,know,103090059,4,8.013216788177813
7,294,311.5131578947368,how,76,7,294,how,128607031,3,8.109264712297628
7,295,305.72,they,75,7,295,they,418953705,4,8.622166035439204
7,296,309.67105263157896,had,76,7,296,had,537932901,3,8.730728107371226
7,297,312.9605263157895,got,76,7,297,got,43005809,3,7.633527121771523
7,298,305.5733333333333,her,75,7,298,her,415597541,3,8.61867296926702
7,299,324.24,"number,",75,7,299,number,87423172,7,7.94162656007064
7,300,352.0133333333333,but,75,7,300,but,422070748,3,8.625385254020305
7,301,337.1842105263158,whoever,76,7,301,whoever,1317362,7,6.119705131833344
7,302,310.11842105263156,it,76,7,302,it,908536386,2,8.958342325064617
7,303,309.4,"was,",75,7,303,was,1140172617,4,9.056970606543045
7,304,304.3466666666667,he,75,7,304,he,602878183,2,8.780229567869084
7,305,360.50666666666666,or,75,7,305,or,793525686,2,8.899560989197376
7,306,316.14473684210526,she,76,7,306,she,278699382,3,8.445136005691102
7,307,296.42105263157896,had,76,7,307,had,537932901,3,8.730728107371226
7,308,301.9736842105263,slowly,76,7,308,slowly,10859756,6,7.035820067513967
7,309,338.72,taken,75,7,309,taken,43883248,5,7.642298764214293
7,310,315.0,over,75,7,310,over,162192656,4,8.210031185689672
7,311,304.9866666666667,Lucy's,75,7,311,Lucy 's,183635,6,5.263955459317401
7,312,311.5,life.,76,7,312,life,120194864,5,8.079885910394554
7,313,335.8666666666667,She,75,7,313,She,118491481,3,8.07368712766523
7,314,299.5,was,76,7,314,was,1140172617,3,9.056970606543045
7,315,322.5394736842105,getting,76,7,315,getting,18555552,7,7.268473878490146
7,316,314.38157894736844,several,76,7,316,several,51680241,7,7.713324530233276
7,317,303.5131578947368,texts,76,7,317,texts,8525720,5,6.930731065532351
7,318,323.67105263157896,a,76,7,318,a,3213754375,1,9.507012680872096
7,319,301.8421052631579,day,76,7,319,day,88338993,3,7.946152444310691
7,320,316.6,"now,",75,7,320,now,112827853,4,8.05241632403567
7,321,335.8493150684931,all,73,7,321,all,374139462,3,8.573033517406971
7,322,316.72972972972974,of,74,7,322,of,6162371881,2,9.789747903165104
7,323,309.7027027027027,which,74,7,323,which,508000647,5,8.705864265410595
7,324,300.74666666666667,were,75,7,324,were,457504590,4,8.660395455564592
7,325,331.74666666666667,abusive,75,7,325,abusive,930149,7,5.968552523494375
7,326,360.46666666666664,and,75,7,326,and,4873010095,3,9.687797311073117
7,327,301.2133333333333,hurtful.,75,7,327,hurtful,232596,8,5.366602241807456
7,328,343.48,Lucy,75,7,328,Lucy,2248764,4,6.351943880124067
7,329,370.35616438356163,wondered,73,7,329,wondered,5177466,8,6.714117255598157
7,330,343.3421052631579,what,76,7,330,what,218817723,4,8.340082494486747
7,331,345.64,the,75,7,331,the,9819942513,3,9.992108945387768
7,332,311.4533333333333,person,75,7,332,person,54204685,6,7.7340368249464175
7,333,308.82894736842104,who,76,7,333,who,294018466,3,8.46837460738514
7,334,325.08,was,75,7,334,was,1140172617,3,9.056970606543045
7,335,343.0263157894737,messaging,76,7,335,messaging,349133,9,5.542990900205085
7,336,335.4736842105263,her,76,7,336,her,415597541,3,8.61867296926702
7,337,327.29333333333335,might,75,7,337,might,86236716,5,7.935692209690595
7,338,317.86842105263156,be,76,7,338,be,964072174,2,8.984109548007202
7,339,310.96,thinking,75,7,339,thinking,21994320,8,7.342310539406181
7,340,334.2368421052632,or,76,7,340,or,793525686,2,8.899560989197376
7,341,344.53333333333336,trying,75,7,341,trying,20128234,6,7.303805672668099
7,342,297.67105263157896,to,76,7,342,to,4223327232,2,9.62565473275005
7,343,310.24,achieve,75,7,343,achieve,11214067,7,7.0497631465228965
7,344,309.05333333333334,with,75,7,344,with,1110064802,4,9.0453483322367
7,345,351.61842105263156,all,76,7,345,all,374139462,3,8.573033517406971
7,346,306.49333333333334,of,75,7,346,of,6162371881,2,9.789747903165104
7,347,337.2631578947368,their,76,7,347,their,438887121,5,8.642352836801459
7,348,314.04,hateful,75,7,348,hateful,314340,7,5.49739964883159
7,349,330.94736842105266,messages.,76,7,349,messages,6289314,9,6.798603277836053
7,350,362.70666666666665,As,75,7,350,As,110944292,2,8.045104963019837
7,351,317.44,the,75,7,351,the,9819942513,3,9.992108945387768
7,352,306.0921052631579,car,76,7,352,car,19890198,3,7.2986391063964025
7,353,302.50666666666666,pulled,75,7,353,pulled,9729077,6,6.988071640595099
7,354,355.18666666666667,up,75,7,354,up,232348461,2,8.366139800200205
7,355,303.3157894736842,outside,76,7,355,outside,28641062,7,7.456989117413357
7,356,328.35526315789474,the,76,7,356,the,9819942513,3,9.992108945387768
7,357,313.38666666666666,"school,",75,7,357,school,49507062,7,7.6946671538603075
7,358,379.5394736842105,which,76,7,358,which,508000647,5,8.705864265410595
7,359,349.85333333333335,looked,75,7,359,looked,37086942,6,7.569221025097896
7,360,306.82666666666665,like,75,7,360,like,167991828,4,8.225288155887608
7,361,307.5135135135135,a,74,7,361,a,3213754375,1,9.507012680872096
7,362,298.8918918918919,large,74,7,362,large,65165705,5,7.814019098066826
7,363,313.85333333333335,shadow,75,7,363,shadow,4318021,6,6.635284750124646
7,364,332.9864864864865,in,74,7,364,in,3271087682,2,9.514692185610274
7,365,305.16,the,75,7,365,the,9819942513,3,9.992108945387768
7,366,328.6756756756757,darkness,74,7,366,darkness,5404942,8,6.732791037935009
7,367,335.1333333333333,of,75,7,367,of,6162371881,2,9.789747903165104
7,368,299.2432432432432,a,74,7,368,a,3213754375,1,9.507012680872096
7,369,315.73333333333335,November,75,7,369,November,14535630,8,7.162433859607942
7,370,335.9189189189189,"evening,",74,7,370,evening,12026621,8,7.080143625079926
7,371,393.8933333333333,Lucy,75,7,371,Lucy,2248764,4,6.351943880124067
7,372,363.14666666666665,felt,75,7,372,felt,35889439,4,7.554966669781874
7,373,306.3466666666667,a,75,7,373,a,3213754375,1,9.507012680872096
7,374,326.9866666666667,shiver,75,7,374,shiver,405110,6,5.60757296372473
7,375,322.0,run,75,7,375,run,26037535,3,7.4155998667406
7,376,308.08,down,75,7,376,down,98751710,4,7.99454462467454
7,377,306.2162162162162,her,74,7,377,her,415597541,3,8.61867296926702
7,378,313.35135135135135,spine.,74,7,378,spine,2411278,6,6.382247283751947
7,379,364.2567567567568,Hastened,74,7,379,Hastened,2541,8,3.4050046650503694
7,380,344.04,by,75,7,380,by,877228367,2,8.94311266704604
7,381,316.94520547945206,"Jill,",73,7,381,Jill,948278,5,5.976935675066853
7,382,370.05333333333334,who,75,7,382,who,294018466,3,8.46837460738514
7,383,342.35135135135135,did,74,7,383,did,164942220,3,8.217331835548208
7,384,302.68918918918916,not,74,7,384,not,1006314753,3,9.002733839677335
7,385,309.3918918918919,want,74,7,385,want,61590617,4,7.789514554769799
7,386,299.16,to,75,7,386,to,4223327232,2,9.62565473275005
7,387,290.25333333333333,be,75,7,387,be,964072174,2,8.984109548007202
7,388,299.36986301369865,late,73,7,388,late,29067082,4,7.463401435798437
7,389,312.96,to,75,7,389,to,4223327232,2,9.62565473275005
7,390,317.4109589041096,her,73,7,390,her,415597541,3,8.61867296926702
7,391,312.2133333333333,own,75,7,391,own,109739389,3,8.04036253782956
7,392,352.7837837837838,"concert,",74,7,392,concert,2131949,8,6.328776811384789
7,393,382.64,Lucy,75,7,393,Lucy,2248764,4,6.351943880124067
7,394,469.9054054054054,hesitantly,74,7,394,hesitantly,183850,10,5.264463634204882
7,395,382.7866666666667,stepped,75,7,395,stepped,4952899,7,6.694859471897274
7,396,378.8933333333333,out,75,7,396,out,242417228,3,8.384563480838569
7,397,310.4594594594595,of,74,7,397,of,6162371881,2,9.789747903165104
7,398,285.16,the,75,7,398,the,9819942513,3,9.992108945387768
7,399,300.0933333333333,car,75,7,399,car,19890198,3,7.2986391063964025
7,400,304.82666666666665,and,75,7,400,and,4873010095,3,9.687797311073117
7,401,320.8783783783784,walked,74,7,401,walked,12580771,6,7.0997072572288955
7,402,307.5733333333333,toward,75,7,402,toward,32888621,6,7.517045664159275
7,403,290.0810810810811,the,74,7,403,the,9819942513,3,9.992108945387768
7,404,314.70666666666665,school.,75,7,404,school,49507062,7,7.6946671538603075
7,405,373.31081081081084,It,74,7,405,It,278516683,2,8.444851214295534
7,406,306.8,was,75,7,406,was,1140172617,3,9.056970606543045
7,407,305.1756756756757,Jill,74,7,407,Jill,948278,4,5.976935675066853
7,408,293.41333333333336,who,75,7,408,who,294018466,3,8.46837460738514
7,409,305.5945945945946,in,74,7,409,in,3271087682,2,9.514692185610274
7,410,300.9864864864865,her,74,7,410,her,415597541,3,8.61867296926702
7,411,320.1621621621622,final,74,7,411,final,21602425,5,7.334502506012248
7,412,316.7027027027027,year,74,7,412,year,73403129,4,7.865714573246724
7,413,308.61333333333334,of,75,7,413,of,6162371881,2,9.789747903165104
7,414,333.8243243243243,high,74,7,414,high,78531970,4,7.895046492007248
7,415,330.37333333333333,school,75,7,415,school,49507062,6,7.6946671538603075
7,416,346.3918918918919,had,74,7,416,had,537932901,3,8.730728107371226
7,417,330.93243243243245,become,74,7,417,become,55719054,6,7.746003734347986
7,418,326.68918918918916,involved,74,7,418,involved,27319869,8,7.436478612552923
7,419,318.05405405405406,in,74,7,419,in,3271087682,2,9.514692185610274
7,420,364.4054054054054,helping,74,7,420,helping,5842856,7,6.766625183045501
7,421,339.7162162162162,organize,74,7,421,organize,2836534,8,6.452787993585152
7,422,323.6575342465753,this,73,7,422,this,599554050,4,8.777828340993896
7,423,338.81333333333333,year's,75,7,423,year 's,1252770,6,6.097871344817271
7,424,330.9864864864865,school,74,7,424,school,49507062,6,7.6946671538603075
7,425,336.3918918918919,talent,74,7,425,talent,2979540,6,6.474149220156063
7,426,333.64864864864865,"show,",74,7,426,show,38166852,5,7.581686340839613
7,427,325.3783783783784,and,74,7,427,and,4873010095,3,9.687797311073117
7,428,319.5405405405405,she,74,7,428,she,278699382,3,8.445136005691102
7,429,307.7733333333333,took,75,7,429,took,50478963,4,7.703110424524437
7,430,316.85135135135135,her,74,7,430,her,415597541,3,8.61867296926702
7,431,333.64864864864865,position,74,7,431,position,40450148,8,7.606920114958569
7,432,323.52702702702703,very,74,7,432,very,134366972,4,8.128292530318264
7,433,335.97297297297297,seriously.,74,7,433,seriously,6163929,10,6.789857627598977
7,434,373.40277777777777,Lucy,72,7,434,Lucy,2248764,4,6.351943880124067
7,435,341.2837837837838,hurried,74,7,435,hurried,1948452,7,6.289689711441564
7,436,368.7567567567568,behind,74,7,436,behind,28598426,6,7.456342131089687
7,437,342.8,"Jill,",75,7,437,Jill,948278,5,5.976935675066853
7,438,390.8493150684931,pulling,73,7,438,pulling,2928123,7,6.4665893159311985
7,439,360.18666666666667,on,75,7,439,on,993594775,2,8.99720929902148
7,440,327.02666666666664,the,75,7,440,the,9819942513,3,9.992108945387768
7,441,331.29333333333335,"worn,",75,7,441,worn,3644517,5,6.5616399803538705
7,442,382.7567567567568,oversized,74,7,442,oversized,280472,9,5.447889511394454
7,443,381.0933333333333,coat,75,7,443,coat,4235100,4,6.6268636694330665
7,444,342.7567567567568,that,74,7,444,that,1746480437,4,9.24216372530116
7,445,325.4864864864865,had,74,7,445,had,537932901,3,8.730728107371226
7,446,305.3333333333333,originally,75,7,446,originally,6172483,10,6.790459902489533
7,447,326.7162162162162,belonged,74,7,447,belonged,3143797,8,6.497454495183484
7,448,322.8767123287671,to,73,7,448,to,4223327232,2,9.62565473275005
7,449,309.85333333333335,"Jill,",75,7,449,Jill,948278,5,5.976935675066853
7,450,370.56756756756755,in,74,7,450,in,3271087682,2,9.514692185610274
7,451,360.44,order,75,7,451,order,71575698,5,7.854765591916413
7,452,306.32876712328766,to,73,7,452,to,4223327232,2,9.62565473275005
7,453,328.7808219178082,keep,73,7,453,keep,32794260,4,7.515797835526436
7,454,336.9189189189189,her,74,7,454,her,415597541,3,8.61867296926702
7,455,321.5733333333333,dry,75,7,455,dry,10398401,3,7.016966561388505
7,456,333.9054054054054,as,74,7,456,as,1139819594,2,9.056836118415085
7,457,322.4189189189189,the,74,7,457,the,9819942513,3,9.992108945387768
7,458,327.4,raindrops,75,7,458,raindrops,119580,9,5.0776585490841315
7,459,323.2027027027027,fell,74,7,459,fell,12415770,4,7.093973658758182
7,460,304.81333333333333,all,75,7,460,all,374139462,3,8.573033517406971
7,461,314.0810810810811,around,74,7,461,around,66671286,6,7.823938832166472
7,462,320.0405405405405,them.,74,7,462,them,240201864,5,8.380576373265777
7,463,338.5810810810811,As,74,7,463,As,110944292,2,8.045104963019837
7,464,331.1066666666667,the,75,7,464,the,9819942513,3,9.992108945387768
7,465,318.2432432432432,sisters,74,7,465,sisters,3625682,7,6.559389710487143
7,466,321.2,entered,75,7,466,entered,11705783,7,7.068400468968655
7,467,332.1506849315069,the,73,7,467,the,9819942513,3,9.992108945387768
7,468,313.46666666666664,hall,75,7,468,hall,5857441,4,6.7677079227912404
7,469,334.2837837837838,where,74,7,469,where,136128991,5,8.133950625501162
7,470,330.18666666666667,the,75,7,470,the,9819942513,3,9.992108945387768
7,471,301.77027027027026,show,74,7,471,show,38166852,4,7.581686340839613
7,472,306.3466666666667,was,75,7,472,was,1140172617,3,9.056970606543045
7,473,303.2837837837838,to,74,7,473,to,4223327232,2,9.62565473275005
7,474,312.8933333333333,take,75,7,474,take,83145589,4,7.9198392141836385
7,475,315.05405405405406,"place,",74,7,475,place,78015798,6,7.892182555120126
7,476,320.0810810810811,Jill,74,7,476,Jill,948278,4,5.976935675066853
7,477,307.0405405405405,filled,74,7,477,filled,12364416,6,7.092173608447656
7,478,313.1216216216216,with,74,7,478,with,1110064802,4,9.0453483322367
7,479,365.3972602739726,excitement,73,7,479,excitement,3427417,10,6.534966946502118
7,480,344.3243243243243,while,74,7,480,while,83722224,5,7.922840756433239
7,481,342.58666666666664,Lucy,75,7,481,Lucy,2248764,4,6.351943880124067
7,482,345.0405405405405,regretted,74,7,482,regretted,652809,9,5.814786133220366
7,483,329.9189189189189,that,74,7,483,that,1746480437,4,9.24216372530116
7,484,306.2432432432432,she,74,7,484,she,278699382,3,8.445136005691102
7,485,306.77027027027026,had,74,7,485,had,537932901,3,8.730728107371226
7,486,307.9866666666667,promised,75,7,486,promised,5574370,8,6.746195791723053
7,487,323.9864864864865,her,74,7,487,her,415597541,3,8.61867296926702
7,488,297.37333333333333,mother,75,7,488,mother,39696579,6,7.598753081437183
7,489,315.0933333333333,she,75,7,489,she,278699382,3,8.445136005691102
7,490,302.9054054054054,would,74,7,490,would,319551796,5,8.504541262788026
7,491,308.53333333333336,participate,75,7,491,participate,5783380,11,6.762181728786605
7,492,323.52054794520546,in,73,7,492,in,3271087682,2,9.514692185610274
7,493,298.36,the,75,7,493,the,9819942513,3,9.992108945387768
7,494,302.7260273972603,show.,73,7,494,show,38166852,5,7.581686340839613
7,495,344.96,'To,75,7,495,To,69417655,3,7.841469938667553
7,496,334.67123287671234,waste,73,7,496,waste,7350025,5,6.866288816273798
7,497,319.8,your,75,7,497,your,205261264,4,8.312306998964765
7,498,308.55405405405406,talent,74,7,498,talent,2979540,6,6.474149220156063
7,499,310.7972972972973,would,74,7,499,would,319551796,5,8.504541262788026
7,500,305.4594594594595,be,74,7,500,be,964072174,2,8.984109548007202
7,501,299.85333333333335,a,75,7,501,a,3213754375,1,9.507012680872096
7,502,314.9054054054054,real,74,7,502,real,40475381,4,7.60719094551482
7,503,293.35135135135135,"shame,",74,7,503,shame,3127197,6,6.495155240794595
7,504,312.2739726027397,for,73,7,504,for,1388290219,3,9.14248026391068
7,505,293.9066666666667,you,75,7,505,you,578117187,3,8.762015880823492
7,506,291.18918918918916,have,74,7,506,have,593092485,4,8.773122421177646
7,507,299.3333333333333,such,75,7,507,such,209032143,4,8.320213072973228
7,508,300.5810810810811,a,74,7,508,a,3213754375,1,9.507012680872096
7,509,314.88,beautiful,75,7,509,beautiful,12851183,9,7.108943107957128
7,510,331.6081081081081,"voice,'",74,7,510,voice,26116077,7,7.416907940397497
7,511,319.5,her,74,7,511,her,415597541,3,8.61867296926702
7,512,306.88,mother,75,7,512,mother,39696579,6,7.598753081437183
7,513,311.8918918918919,had,74,7,513,had,537932901,3,8.730728107371226
7,514,305.9866666666667,argued,75,7,514,argued,10881822,6,7.036701617632188
7,515,303.32,two,75,7,515,two,201126338,3,8.303468946275931
7,516,312.68918918918916,months,74,7,516,months,25863713,6,7.412690872425961
7,517,329.7027027027027,"back,",74,7,517,back,107859495,5,8.032858382582713
7,518,301.027397260274,when,73,7,518,when,249000060,4,8.396199451744996
7,519,299.5405405405405,the,74,7,519,the,9819942513,3,9.992108945387768
7,520,304.4931506849315,concert,73,7,520,concert,2131949,7,6.328776811384789
7,521,320.67123287671234,was,73,7,521,was,1140172617,3,9.056970606543045
7,522,301.69444444444446,first,72,7,522,first,172429084,5,8.236610521090785
7,523,313.5890410958904,announced.,73,7,523,announced,5630117,10,6.7505174200603
7,524,320.52777777777777,Lucy,72,7,524,Lucy,2248764,4,6.351943880124067
7,525,315.18918918918916,had,74,7,525,had,537932901,3,8.730728107371226
7,526,289.83561643835617,been,73,7,526,been,310806848,4,8.492490579034436
7,527,299.55405405405406,considering,74,7,527,considering,5983700,11,6.776969811525757
7,528,319.24657534246575,"it,",73,7,528,it,908536386,3,8.958342325064617
7,529,314.1756756756757,for,74,7,529,for,1388290219,3,9.14248026391068
7,530,289.4864864864865,she,74,7,530,she,278699382,3,8.445136005691102
7,531,301.5342465753425,did,73,7,531,did,164942220,3,8.217331835548208
7,532,312.88,love,75,7,532,love,42743185,4,7.630866880401474
7,533,290.52054794520546,to,73,7,533,to,4223327232,2,9.62565473275005
7,534,293.0133333333333,sing.,75,7,534,sing,3364195,5,6.526881161016939
7,535,300.55405405405406,That,74,7,535,That,61071875,4,7.7858412537055965
7,536,305.72,very,75,7,536,very,134366972,4,8.128292530318264
7,537,297.7567567567568,"night,",74,7,537,night,37510529,6,7.574153188921742
7,538,314.14666666666665,the,75,7,538,the,9819942513,3,9.992108945387768
7,539,297.2432432432432,first,74,7,539,first,172429084,5,8.236610521090785
7,540,322.4054054054054,text,74,7,540,text,27842184,4,7.444703299255563
7,541,355.18918918918916,message,74,7,541,message,15214329,7,7.182252803357128
7,542,316.6081081081081,had,74,7,542,had,537932901,3,8.730728107371226
7,543,310.68,come,75,7,543,come,69378970,4,7.841227848019203
7,544,321.05479452054794,through.,73,7,544,through,147254130,8,8.168067484179392
7,545,334.4,'How,75,7,545,How,42231777,4,7.625639355757318
7,546,317.36486486486484,does,74,7,546,does,97537337,4,7.98917089415084
7,547,306.1066666666667,it,75,7,547,it,908536386,2,8.958342325064617
7,548,293.5733333333333,feel,75,7,548,feel,33877718,4,7.52991414860714
7,549,293.32,to,75,7,549,to,4223327232,2,9.62565473275005
7,550,285.5810810810811,be,74,7,550,be,964072174,2,8.984109548007202
7,551,279.02666666666664,tall,75,7,551,tall,5770858,4,6.761240388019431
7,552,307.35135135135135,and,74,7,552,and,4873010095,3,9.687797311073117
7,553,318.1066666666667,lanky,75,7,553,lanky,127017,5,5.1038618509724785
7,554,328.4054054054054,like,74,7,554,like,167991828,4,8.225288155887608
7,555,314.50666666666666,a,75,7,555,a,3213754375,1,9.507012680872096
7,556,350.88,giraffe?',75,7,556,giraffe,115040,9,5.0608488730388075
7,557,351.64,it,75,7,557,it,908536386,2,8.958342325064617
7,558,313.02666666666664,had,75,7,558,had,537932901,3,8.730728107371226
7,559,315.46666666666664,"asked,",75,7,559,asked,46175331,6,7.664410017289502
7,560,342.972602739726,taking,73,7,560,taking,25974145,6,7.4145412606414025
7,561,393.2162162162162,Lucy,74,7,561,Lucy,2248764,4,6.351943880124067
7,562,313.1506849315069,by,73,7,562,by,877228367,2,8.94311266704604
7,563,318.1756756756757,surprise.,74,7,563,surprise,6442612,9,6.80906197717392
7,564,331.75342465753425,One,73,7,564,One,58567021,3,7.767653134286377
7,565,306.94520547945206,of,73,7,565,of,6162371881,2,9.789747903165104
7,566,302.041095890411,the,73,7,566,the,9819942513,3,9.992108945387768
7,567,326.22972972972974,popular,74,7,567,popular,17347904,7,7.2392470101803434
7,568,320.81944444444446,"girls,",72,7,568,girls,12006242,6,7.079407092826736
7,569,315.75342465753425,Lucy,73,7,569,Lucy,2248764,4,6.351943880124067
7,570,311.5810810810811,had,74,7,570,had,537932901,3,8.730728107371226
7,571,307.7945205479452,always,73,7,571,always,61220587,6,7.786897489417453
7,572,298.86301369863014,known,73,7,572,known,48608768,5,7.686714613924117
7,573,302.6621621621622,she,74,7,573,she,278699382,3,8.445136005691102
7,574,367.4246575342466,"wasn't,",73,7,574,was n't,15985,7,4.203712640607707
7,575,370.7432432432432,but,74,7,575,but,422070748,3,8.625385254020305
7,576,422.1917808219178,before,73,7,576,before,114226587,6,8.0577672006131
7,577,398.5,the,74,7,577,the,9819942513,3,9.992108945387768
7,578,365.041095890411,messages,73,7,578,messages,6289314,8,6.798603277836053
7,579,344.7808219178082,"began,",73,7,579,began,38623128,6,7.586847443398012
7,580,343.94520547945206,Lucy,73,7,580,Lucy,2248764,4,6.351943880124067
7,581,324.3783783783784,had,74,7,581,had,537932901,3,8.730728107371226
7,582,302.7916666666667,always,72,7,582,always,61220587,6,7.786897489417453
7,583,290.4864864864865,been,74,7,583,been,310806848,4,8.492490579034436
7,584,291.9178082191781,quite,73,7,584,quite,32424104,5,7.510867983731221
7,585,311.5135135135135,proud,74,7,585,proud,4302948,5,6.633766097779159
7,586,293.46666666666664,of,75,7,586,of,6162371881,2,9.789747903165104
7,587,304.7808219178082,being,73,7,587,being,117515747,5,8.070096065560838
7,588,296.2837837837838,a,74,7,588,a,3213754375,1,9.507012680872096
7,589,308.8918918918919,little,74,7,589,little,78869880,6,7.89691118005035
7,590,361.1066666666667,different.,75,7,590,different,94725345,10,7.976466195697608
7,591,344.6986301369863,But,73,7,591,But,139866870,3,8.14571485616373
7,592,334.56164383561645,text,73,7,592,text,27842184,4,7.444703299255563
7,593,325.6756756756757,by,74,7,593,by,877228367,2,8.94311266704604
7,594,313.7671232876712,"text,",73,7,594,text,27842184,5,7.444703299255563
7,595,339.44594594594594,Lucy's,74,7,595,Lucy 's,183635,6,5.263955459317401
7,596,357.29333333333335,self-confidence,75,7,596,self - confidence,529891,15,5.7241865432479955
7,597,332.3333333333333,had,75,7,597,had,537932901,3,8.730728107371226
7,598,324.64864864864865,deflated,74,7,598,deflated,176769,8,5.247406105080984
7,599,346.4266666666667,"and,",75,7,599,and,4873010095,4,9.687797311073117
7,600,328.13513513513516,in,74,7,600,in,3271087682,2,9.514692185610274
7,601,295.2763157894737,the,76,7,601,the,9819942513,3,9.992108945387768
7,602,288.9594594594595,"end,",74,7,602,end,66509685,4,7.822884890954196
7,603,331.97333333333336,it,75,7,603,it,908536386,2,8.958342325064617
7,604,300.7808219178082,had,73,7,604,had,537932901,3,8.730728107371226
7,605,284.96,taken,75,7,605,taken,43883248,5,7.642298764214293
7,606,299.14864864864865,some,74,7,606,some,212953941,4,8.328285681689485
7,607,298.14666666666665,doing,75,7,607,doing,28432647,5,7.453817293175518
7,608,317.86486486486484,to,74,7,608,to,4223327232,2,9.62565473275005
7,609,303.88,get,75,7,609,get,86515246,3,7.937092647005015
7,610,311.9864864864865,her,74,7,610,her,415597541,3,8.61867296926702
7,611,295.8933333333333,to,75,7,611,to,4223327232,2,9.62565473275005
7,612,310.97297297297297,agree,74,7,612,agree,9151314,5,6.9614834571241175
7,613,294.53333333333336,to,75,7,613,to,4223327232,2,9.62565473275005
7,614,291.4189189189189,perform,74,7,614,perform,10367531,7,7.015675342623836
7,615,284.7733333333333,in,75,7,615,in,3271087682,2,9.514692185610274
7,616,280.8783783783784,the,74,7,616,the,9819942513,3,9.992108945387768
7,617,291.3333333333333,show.,75,7,617,show,38166852,5,7.581686340839613
7,618,319.1081081081081,"Now,",74,7,618,Now,27643142,4,7.4415874046829735
7,619,330.62666666666667,"however,",75,7,619,however,63540861,8,7.803053095367042
7,620,294.1081081081081,Lucy,74,7,620,Lucy,2248764,4,6.351943880124067
7,621,290.3466666666667,had,75,7,621,had,537932901,3,8.730728107371226
7,622,287.1081081081081,no,74,7,622,no,236436100,2,8.373713787073193
7,623,286.85333333333335,choice,75,7,623,choice,19468150,6,7.2893246837765915
7,624,271.9866666666667,but,75,7,624,but,422070748,3,8.625385254020305
7,625,269.4864864864865,to,74,7,625,to,4223327232,2,9.62565473275005
7,626,266.58666666666664,make,75,7,626,make,111219711,4,8.046181762245393
7,627,291.7567567567568,her,74,7,627,her,415597541,3,8.61867296926702
7,628,286.4657534246575,way,73,7,628,way,133443039,3,8.125295923925421
7,629,279.06666666666666,towards,75,7,629,towards,20140341,7,7.304066819403529
7,630,291.8,the,75,7,630,the,9819942513,3,9.992108945387768
7,631,285.7837837837838,stage,74,7,631,stage,22343407,5,7.349149396554152
7,632,282.94594594594594,where,74,7,632,where,136128991,5,8.133950625501162
7,633,303.77027027027026,Jill,74,7,633,Jill,948278,4,5.976935675066853
7,634,288.25333333333333,was,75,7,634,was,1140172617,3,9.056970606543045
7,635,296.63513513513516,beckoning,74,7,635,beckoning,169582,9,5.229379752899841
7,636,361.52,encouragingly,75,7,636,encouragingly,68162,13,4.83354232495437
7,637,334.46666666666664,to,75,7,637,to,4223327232,2,9.62565473275005
7,638,319.31081081081084,her.,74,7,638,her,415597541,4,8.61867296926702
7,639,349.88,She,75,7,639,She,118491481,3,8.07368712766523
7,640,312.77027027027026,was,74,7,640,was,1140172617,3,9.056970606543045
7,641,289.97333333333336,the,75,7,641,the,9819942513,3,9.992108945387768
7,642,298.36,first,75,7,642,first,172429084,5,8.236610521090785
7,643,300.16438356164383,performer.,73,7,643,performer,887847,10,5.948338131566087
7,644,357.36986301369865,"Lucy,",73,7,644,Lucy,2248764,5,6.351943880124067
7,645,350.05333333333334,announced,75,7,645,announced,5630117,9,6.7505174200603
7,646,339.72972972972974,by,74,7,646,by,877228367,2,8.94311266704604
7,647,318.25333333333333,her,75,7,647,her,415597541,3,8.61867296926702
7,648,327.3918918918919,sister,74,7,648,sister,9970875,6,6.9987332717517035
7,649,324.0,to,75,7,649,to,4223327232,2,9.62565473275005
7,650,310.4054054054054,the,74,7,650,the,9819942513,3,9.992108945387768
7,651,312.0133333333333,"audience,",75,7,651,audience,10967125,9,7.0400927934562825
7,652,327.2027027027027,was,74,7,652,was,1140172617,3,9.056970606543045
7,653,304.3066666666667,all,75,7,653,all,374139462,3,8.573033517406971
7,654,295.7432432432432,nerves,74,7,654,nerves,2442763,6,6.387881333209563
7,655,310.46666666666664,as,75,7,655,as,1139819594,2,9.056836118415085
7,656,322.52702702702703,she,74,7,656,she,278699382,3,8.445136005691102
7,657,298.73333333333335,walked,75,7,657,walked,12580771,6,7.0997072572288955
7,658,286.45205479452056,out,73,7,658,out,242417228,3,8.384563480838569
7,659,287.88,onto,75,7,659,onto,11889539,4,7.0751650157929955
7,660,284.31081081081084,the,74,7,660,the,9819942513,3,9.992108945387768
7,661,294.9866666666667,middle,75,7,661,middle,19971508,6,7.300410858628966
7,662,295.56,of,75,7,662,of,6162371881,2,9.789747903165104
7,663,288.3918918918919,the,74,7,663,the,9819942513,3,9.992108945387768
7,664,297.16,"stage,",75,7,664,stage,22343407,6,7.349149396554152
7,665,307.3333333333333,where,75,7,665,where,136128991,5,8.133950625501162
7,666,284.8783783783784,there,74,7,666,there,243799443,5,8.38703270906619
7,667,281.8,was,75,7,667,was,1140172617,3,9.056970606543045
7,668,289.36486486486484,nothing,74,7,668,nothing,38429085,7,7.58466004399644
7,669,284.8,but,75,7,669,but,422070748,3,8.625385254020305
7,670,300.22972972972974,a,74,7,670,a,3213754375,1,9.507012680872096
7,671,295.49333333333334,microphone,75,7,671,microphone,771874,10,5.887546412290674
7,672,320.05405405405406,and,74,7,672,and,4873010095,3,9.687797311073117
7,673,298.36486486486484,her.,74,7,673,her,415597541,4,8.61867296926702
7,674,385.4864864864865,She,74,7,674,She,118491481,3,8.07368712766523
7,675,339.37333333333333,heard,75,7,675,heard,26357604,5,7.4209059288023616
7,676,307.3378378378378,the,74,7,676,the,9819942513,3,9.992108945387768
7,677,316.43243243243245,audience,74,7,677,audience,10967125,8,7.0400927934562825
7,678,305.17333333333335,applaud,75,7,678,applaud,229603,7,5.360977558268331
7,679,313.75342465753425,and,73,7,679,and,4873010095,3,9.687797311073117
7,680,284.9866666666667,could,75,7,680,could,205904563,5,8.313665971017075
7,681,302.63513513513516,feel,74,7,681,feel,33877718,4,7.52991414860714
7,682,292.96,a,75,7,682,a,3213754375,1,9.507012680872096
7,683,288.5753424657534,sense,73,7,683,sense,45135376,5,7.654517064698609
7,684,286.31081081081084,of,74,7,684,of,6162371881,2,9.789747903165104
7,685,299.3378378378378,anticipation,74,7,685,anticipation,1466794,12,6.166369124787187
7,686,322.7945205479452,emanate,73,7,686,emanate,225749,7,5.353625835196202
7,687,367.5,from,74,7,687,from,708532803,4,8.850359961615387
7,688,316.5890410958904,the,73,7,688,the,9819942513,3,9.992108945387768
7,689,298.5135135135135,other,74,7,689,other,281661595,5,8.449727634289163
7,690,312.13698630136986,side,73,7,690,side,48798225,4,7.688404025143588
7,691,296.43243243243245,of,74,7,691,of,6162371881,2,9.789747903165104
7,692,281.7808219178082,the,73,7,692,the,9819942513,3,9.992108945387768
7,693,278.4594594594595,heavy,74,7,693,heavy,13424014,5,7.127882396413676
7,694,362.2328767123288,curtain.,73,7,694,curtain,1397822,8,6.145451871452882
7,695,353.7972972972973,As,74,7,695,As,110944292,2,8.045104963019837
7,696,324.4657534246575,the,73,7,696,the,9819942513,3,9.992108945387768
7,697,306.7432432432432,curtains,74,7,697,curtains,1090999,8,6.037824352518057
7,698,319.4931506849315,began,73,7,698,began,38623128,5,7.586847443398012
7,699,310.3243243243243,to,74,7,699,to,4223327232,2,9.62565473275005
7,700,323.35616438356163,"part,",73,7,700,part,92088752,5,7.964206587388475
7,701,313.5945945945946,she,74,7,701,she,278699382,3,8.445136005691102
7,702,311.05479452054794,cast,73,7,702,cast,7604932,4,6.881095335133685
7,703,341.6575342465753,a,73,7,703,a,3213754375,1,9.507012680872096
7,704,305.9864864864865,worried,74,7,704,worried,3879612,7,6.5887882939744
7,705,309.67123287671234,look,73,7,705,look,47510867,4,7.676792955695573
7,706,294.63513513513516,at,74,7,706,at,654432238,2,8.815864684979672
7,707,294.013698630137,Jill,73,7,707,Jill,948278,4,5.976935675066853
7,708,314.4594594594595,in,74,7,708,in,3271087682,2,9.514692185610274
7,709,301.85135135135135,the,74,7,709,the,9819942513,3,9.992108945387768
7,710,326.2739726027397,"wings,",73,7,710,wings,3132856,6,6.495940433233877
7,711,366.9054054054054,who,74,7,711,who,294018466,3,8.46837460738514
7,712,320.9864864864865,assured,74,7,712,assured,3714327,7,6.569880135279935
7,713,357.32876712328766,her,73,7,713,her,415597541,3,8.61867296926702
7,714,285.63513513513516,with,74,7,714,with,1110064802,4,9.0453483322367
7,715,301.5342465753425,a,73,7,715,a,3213754375,1,9.507012680872096
7,716,314.5405405405405,positive,74,7,716,positive,21509569,8,7.332631708258359
7,717,313.82191780821915,thumbs,73,7,717,thumbs,427623,6,5.631061055995235
7,718,354.1095890410959,up.,73,7,718,up,232348461,3,8.366139800200205
7,719,369.2083333333333,Lucy,72,7,719,Lucy,2248764,4,6.351943880124067
7,720,316.05479452054794,thought,73,7,720,thought,64294078,7,7.808170972763039
7,721,319.8082191780822,to,73,7,721,to,4223327232,2,9.62565473275005
7,722,300.56756756756755,herself,74,7,722,herself,20074494,7,7.30264460721212
7,723,300.4864864864865,that,74,7,723,that,1746480437,4,9.24216372530116
7,724,307.56756756756755,she,74,7,724,she,278699382,3,8.445136005691102
7,725,288.86301369863014,could,73,7,725,could,205904563,5,8.313665971017075
7,726,287.7260273972603,not,73,7,726,not,1006314753,3,9.002733839677335
7,727,288.3378378378378,go,74,7,727,go,74237337,2,7.870622384722818
7,728,293.73972602739724,through,73,7,728,through,147254130,7,8.168067484179392
7,729,293.06756756756755,with,74,7,729,with,1110064802,4,9.0453483322367
7,730,277.6575342465753,this,73,7,730,this,599554050,4,8.777828340993896
7,731,295.77027027027026,and,74,7,731,and,4873010095,3,9.687797311073117
7,732,296.9178082191781,that,73,7,732,that,1746480437,4,9.24216372530116
7,733,284.3918918918919,"she,",74,7,733,she,278699382,4,8.445136005691102
7,734,291.67123287671234,unlike,73,7,734,unlike,4911919,6,6.691251196459031
7,735,312.8378378378378,her,74,7,735,her,415597541,3,8.61867296926702
7,736,278.0,older,73,7,736,older,14300395,5,7.155348033545561
7,737,294.63013698630135,"sister,",73,7,737,sister,9970875,7,6.9987332717517035
7,738,291.22222222222223,was,72,7,738,was,1140172617,3,9.056970606543045
7,739,286.54794520547944,not,73,7,739,not,1006314753,3,9.002733839677335
7,740,290.36486486486484,confident,74,7,740,confident,2986290,9,6.4751319799744875
7,741,295.2027027027027,enough,74,7,741,enough,42301468,6,7.6263554390827695
7,742,291.93243243243245,to,74,7,742,to,4223327232,2,9.62565473275005
7,743,275.52054794520546,put,73,7,743,put,49376612,3,7.693521287293289
7,744,282.47297297297297,herself,74,7,744,herself,20074494,7,7.30264460721212
7,745,293.3013698630137,before,73,7,745,before,114226587,6,8.0577672006131
7,746,284.2027027027027,the,74,7,746,the,9819942513,3,9.992108945387768
7,747,287.45205479452056,judging,73,7,747,judging,1244700,7,6.095064689548636
7,748,344.1081081081081,audience.,74,7,748,audience,10967125,9,7.0400927934562825
7,749,343.3243243243243,The,74,7,749,The,1217211729,3,9.085366128549287
7,750,339.63380281690144,crowd,71,7,750,crowd,6087995,5,6.784474287081619
7,751,305.2837837837838,looked,74,7,751,looked,37086942,6,7.569221025097896
7,752,294.68918918918916,up,74,7,752,up,232348461,2,8.366139800200205
7,753,291.75,at,72,7,753,at,654432238,2,8.815864684979672
7,754,290.5405405405405,her,74,7,754,her,415597541,3,8.61867296926702
7,755,289.17808219178085,and,73,7,755,and,4873010095,3,9.687797311073117
7,756,292.7972972972973,Lucy,74,7,756,Lucy,2248764,4,6.351943880124067
7,757,285.4594594594595,was,74,7,757,was,1140172617,3,9.056970606543045
7,758,320.16438356164383,ready,73,7,758,ready,16067422,5,7.205946200286075
7,759,288.4109589041096,to,73,7,759,to,4223327232,2,9.62565473275005
7,760,296.93150684931504,run,73,7,760,run,26037535,3,7.4155998667406
7,761,329.3972602739726,when,73,7,761,when,249000060,4,8.396199451744996
7,762,305.47297297297297,the,74,7,762,the,9819942513,3,9.992108945387768
7,763,313.8082191780822,first,73,7,763,first,172429084,5,8.236610521090785
7,764,295.5733333333333,notes,75,7,764,notes,12057816,5,7.0812686523279424
7,765,306.4054054054054,of,74,7,765,of,6162371881,2,9.789747903165104
7,766,292.5068493150685,the,73,7,766,the,9819942513,3,9.992108945387768
7,767,289.0945945945946,music,74,7,767,music,21118941,5,7.324672136902147
7,768,301.81081081081084,sounded,74,7,768,sounded,3237154,7,6.510163360434184
7,769,290.6575342465753,out,73,7,769,out,242417228,3,8.384563480838569
7,770,300.027397260274,and,73,7,770,and,4873010095,3,9.687797311073117
7,771,313.55555555555554,a,72,7,771,a,3213754375,1,9.507012680872096
7,772,307.2739726027397,sudden,73,7,772,sudden,6001534,6,6.778262270814676
7,773,307.72972972972974,calm,74,7,773,calm,4147380,4,6.617773829032318
7,774,307.3611111111111,settled,72,7,774,settled,6959663,7,6.842588210762316
7,775,315.22972972972974,over,74,7,775,over,162192656,4,8.210031185689672
7,776,316.3611111111111,her.,72,7,776,her,415597541,4,8.61867296926702
7,777,328.4864864864865,She,74,7,777,She,118491481,3,8.07368712766523
7,778,307.52054794520546,closed,73,7,778,closed,13604408,6,7.133679648068944
7,779,292.4054054054054,her,74,7,779,her,415597541,3,8.61867296926702
7,780,289.17808219178085,eyes,73,7,780,eyes,42210806,4,7.62542364492888
7,781,283.02702702702703,and,74,7,781,and,4873010095,3,9.687797311073117
7,782,289.85135135135135,shut,74,7,782,shut,4903290,4,6.690487579902353
7,783,300.3888888888889,everything,72,7,783,everything,22592480,10,7.353963906493559
7,784,296.2191780821918,"out,",73,7,784,out,242417228,4,8.384563480838569
7,785,322.9594594594595,including,74,7,785,including,45597635,9,7.658942317816067
7,786,321.73972602739724,the,73,7,786,the,9819942513,3,9.992108945387768
7,787,302.0405405405405,"audience,",74,7,787,audience,10967125,9,7.0400927934562825
7,788,301.4931506849315,the,73,7,788,the,9819942513,3,9.992108945387768
7,789,306.05405405405406,nerves,74,7,789,nerves,2442763,6,6.387881333209563
7,790,307.5890410958904,that,73,7,790,that,1746480437,4,9.24216372530116
7,791,284.6756756756757,threatened,74,7,791,threatened,4763790,10,6.677952608425481
7,792,301.28767123287673,to,73,7,792,to,4223327232,2,9.62565473275005
7,793,303.05479452054794,take,73,7,793,take,83145589,4,7.9198392141836385
7,794,278.27027027027026,"over,",74,7,794,over,162192656,5,8.210031185689672
7,795,306.94520547945206,the,73,7,795,the,9819942513,3,9.992108945387768
7,796,285.6621621621622,text,74,7,796,text,27842184,4,7.444703299255563
7,797,306.52054794520546,"messages,",73,7,797,messages,6289314,9,6.798603277836053
7,798,333.31081081081084,and,74,7,798,and,4873010095,3,9.687797311073117
7,799,299.7671232876712,the,73,7,799,the,9819942513,3,9.992108945387768
7,800,286.68918918918916,way,74,7,800,way,133443039,3,8.125295923925421
7,801,296.6027397260274,they,73,7,801,they,418953705,4,8.622166035439204
7,802,292.64383561643837,made,73,7,802,made,132945317,4,8.123673043909942
7,803,295.7260273972603,her,73,7,803,her,415597541,3,8.61867296926702
7,804,286.7945205479452,feel.,73,7,804,feel,33877718,5,7.52991414860714
7,805,306.13698630136986,It,73,7,805,It,278516683,2,8.444851214295534
7,806,291.28767123287673,was,73,7,806,was,1140172617,3,9.056970606543045
7,807,283.8783783783784,just,74,7,807,just,113263289,4,8.054089168749202
7,808,279.63013698630135,her,73,7,808,her,415597541,3,8.61867296926702
7,809,271.3378378378378,and,74,7,809,and,4873010095,3,9.687797311073117
7,810,283.0405405405405,the,74,7,810,the,9819942513,3,9.992108945387768
7,811,283.2191780821918,"music,",73,7,811,music,21118941,6,7.324672136902147
7,812,280.14864864864865,and,74,7,812,and,4873010095,3,9.687797311073117
7,813,280.24657534246575,it,73,7,813,it,908536386,2,8.958342325064617
7,814,281.75342465753425,was,73,7,814,was,1140172617,3,9.056970606543045
7,815,268.43243243243245,a,74,7,815,a,3213754375,1,9.507012680872096
7,816,284.09589041095893,love,73,7,816,love,42743185,4,7.630866880401474
7,817,290.1081081081081,story,74,7,817,story,31595058,5,7.499619156948206
7,818,287.63013698630135,that,73,7,818,that,1746480437,4,9.24216372530116
7,819,285.72972972972974,had,74,7,819,had,537932901,3,8.730728107371226
7,820,277.0,been,73,7,820,been,310806848,4,8.492490579034436
7,821,280.22972972972974,going,74,7,821,going,55442137,5,7.743839961672675
7,822,271.7808219178082,on,73,7,822,on,993594775,2,8.99720929902148
7,823,272.3783783783784,her,74,7,823,her,415597541,3,8.61867296926702
7,824,317.8082191780822,whole,73,7,824,whole,42803829,5,7.631482620396147
7,825,281.52702702702703,life.,74,7,825,life,120194864,5,8.079885910394554
7,826,310.4246575342466,She,73,7,826,She,118491481,3,8.07368712766523
7,827,272.958904109589,began,73,7,827,began,38623128,5,7.586847443398012
7,828,282.4864864864865,to,74,7,828,to,4223327232,2,9.62565473275005
7,829,288.4189189189189,"sing,",74,7,829,sing,3364195,5,6.526881161016939
7,830,275.2432432432432,and,74,7,830,and,4873010095,3,9.687797311073117
7,831,267.94520547945206,all,73,7,831,all,374139462,3,8.573033517406971
7,832,270.1756756756757,the,74,7,832,the,9819942513,3,9.992108945387768
7,833,271.63013698630135,pain,73,7,833,pain,19787856,4,7.296398741259915
7,834,283.0821917808219,and,73,7,834,and,4873010095,3,9.687797311073117
7,835,279.8378378378378,confusion,74,7,835,confusion,5102421,9,6.707776289325458
7,836,279.93150684931504,that,73,7,836,that,1746480437,4,9.24216372530116
7,837,276.5068493150685,the,73,7,837,the,9819942513,3,9.992108945387768
7,838,272.52702702702703,messages,74,7,838,messages,6289314,8,6.798603277836053
7,839,289.93150684931504,had,73,7,839,had,537932901,3,8.730728107371226
7,840,291.31081081081084,been,74,7,840,been,310806848,4,8.492490579034436
7,841,284.7027027027027,causing,74,7,841,causing,5359951,7,6.729160819445217
7,842,303.63013698630135,inside,73,7,842,inside,19763820,6,7.295870889876217
7,843,315.8918918918919,her,74,7,843,her,415597541,3,8.61867296926702
7,844,296.82191780821915,just,73,7,844,just,113263289,4,8.054089168749202
7,845,284.68918918918916,flowed,74,7,845,flowed,1098833,6,6.040931693615922
7,846,298.31081081081084,out.,74,7,846,out,242417228,4,8.384563480838569
7,847,331.7837837837838,The,74,7,847,The,1217211729,3,9.085366128549287
7,848,291.6575342465753,words,73,7,848,words,48067530,5,7.681851806028566
7,849,293.8767123287671,were,73,7,849,were,457504590,4,8.660395455564592
7,850,281.7837837837838,not,74,7,850,not,1006314753,3,9.002733839677335
7,851,291.86301369863014,"important,",73,7,851,important,77762315,10,7.8907691811461005
7,852,294.2567567567568,for,74,7,852,for,1388290219,3,9.14248026391068
7,853,282.0821917808219,it,73,7,853,it,908536386,2,8.958342325064617
7,854,280.3918918918919,was,74,7,854,was,1140172617,3,9.056970606543045
7,855,301.7945205479452,the,73,7,855,the,9819942513,3,9.992108945387768
7,856,282.6216216216216,feeling,74,7,856,feeling,17997939,7,7.255222775538056
7,857,283.4109589041096,behind,73,7,857,behind,28598426,6,7.456342131089687
7,858,282.55405405405406,them,74,7,858,them,240201864,4,8.380576373265777
7,859,299.041095890411,that,73,7,859,that,1746480437,4,9.24216372530116
7,860,278.3972602739726,she,73,7,860,she,278699382,3,8.445136005691102
7,861,276.7837837837838,latched,74,7,861,latched,113327,7,5.054333392246933
7,862,309.2739726027397,onto.,73,7,862,onto,11889539,5,7.0751650157929955
7,863,302.6621621621622,Lucy,74,7,863,Lucy,2248764,4,6.351943880124067
7,864,305.5890410958904,was,73,7,864,was,1140172617,3,9.056970606543045
7,865,314.0135135135135,in,74,7,865,in,3271087682,2,9.514692185610274
7,866,296.02777777777777,the,72,7,866,the,9819942513,3,9.992108945387768
7,867,272.97297297297297,heart,74,7,867,heart,32678215,5,7.514258325803391
7,868,292.55555555555554,of,72,7,868,of,6162371881,2,9.789747903165104
7,869,296.4583333333333,the,72,7,869,the,9819942513,3,9.992108945387768
7,870,306.3972602739726,song,73,7,870,song,7155630,4,6.854647876178085
7,871,300.31944444444446,with,72,7,871,with,1110064802,4,9.0453483322367
7,872,295.52054794520546,the,73,7,872,the,9819942513,3,9.992108945387768
7,873,285.86301369863014,rest,73,7,873,rest,23781741,4,7.376243645026828
7,874,279.55555555555554,of,72,7,874,of,6162371881,2,9.789747903165104
7,875,256.86301369863014,the,73,7,875,the,9819942513,3,9.992108945387768
7,876,269.9861111111111,world,72,7,876,world,90456522,5,7.956439885363845
7,877,292.93055555555554,slipping,72,7,877,slipping,901293,8,5.954865998079483
7,878,310.4657534246575,away.,73,7,878,away,56906743,5,7.7551637299132725
7,879,312.44444444444446,When,72,7,879,When,89217452,4,7.950449815877786
7,880,307.1232876712329,the,73,7,880,the,9819942513,3,9.992108945387768
7,881,296.8888888888889,song,72,7,881,song,7155630,4,6.854647876178085
7,882,292.68055555555554,finished,72,7,882,finished,8993459,8,6.9539267591068
7,883,303.32394366197184,and,71,7,883,and,4873010095,3,9.687797311073117
7,884,280.0945945945946,the,74,7,884,the,9819942513,3,9.992108945387768
7,885,290.24657534246575,last,73,7,885,last,57574244,4,7.760228244008672
7,886,279.6756756756757,note,74,7,886,note,19803831,4,7.2967492115354
7,887,287.7808219178082,died,73,7,887,died,16249807,4,7.210848207202107
7,888,290.2432432432432,"away,",74,7,888,away,56906743,5,7.7551637299132725
7,889,294.013698630137,she,73,7,889,she,278699382,3,8.445136005691102
7,890,289.73972602739724,opened,73,7,890,opened,14564232,6,7.163287588383116
7,891,293.05405405405406,her,74,7,891,her,415597541,3,8.61867296926702
7,892,296.32876712328766,eyes.,73,7,892,eyes,42210806,5,7.62542364492888
7,893,301.5890410958904,To,73,7,893,To,69417655,2,7.841469938667553
7,894,290.986301369863,see,73,7,894,see,158936043,3,8.201222396269541
7,895,292.24657534246575,the,73,7,895,the,9819942513,3,9.992108945387768
7,896,300.3835616438356,whole,73,7,896,whole,42803829,5,7.631482620396147
7,897,294.2027027027027,audience,74,7,897,audience,10967125,8,7.0400927934562825
7,898,292.0135135135135,on,74,7,898,on,993594775,2,8.99720929902148
7,899,284.47945205479454,their,73,7,899,their,438887121,5,8.642352836801459
7,900,280.9054054054054,feet,74,7,900,feet,23073556,4,7.3631145313293755
7,901,279.13698630136986,and,73,7,901,and,4873010095,3,9.687797311073117
7,902,297.47297297297297,the,74,7,902,the,9819942513,3,9.992108945387768
7,903,286.5945945945946,hall,74,7,903,hall,5857441,4,6.7677079227912404
7,904,287.2972972972973,filled,74,7,904,filled,12364416,6,7.092173608447656
7,905,291.16438356164383,with,73,7,905,with,1110064802,4,9.0453483322367
7,906,305.6027397260274,cheers,73,7,906,cheers,379404,6,5.579101905278975
7,907,284.5068493150685,and,73,7,907,and,4873010095,3,9.687797311073117
7,908,276.34722222222223,applause,72,7,908,applause,805276,8,5.905944755813046
7,909,283.35616438356163,was,73,7,909,was,1140172617,3,9.056970606543045
7,910,312.1756756756757,not,74,7,910,not,1006314753,3,9.002733839677335
7,911,305.7808219178082,what,73,7,911,what,218817723,4,8.340082494486747
7,912,297.63013698630135,Lucy,73,7,912,Lucy,2248764,4,6.351943880124067
7,913,309.13513513513516,had,74,7,913,had,537932901,3,8.730728107371226
7,914,323.3783783783784,expected.,74,7,914,expected,21880269,9,7.340052656989432
7,915,320.72,Lucy,75,7,915,Lucy,2248764,4,6.351943880124067
7,916,303.5135135135135,allowed,74,7,916,allowed,17955384,7,7.254194697532142
7,917,297.16,herself,75,7,917,herself,20074494,7,7.30264460721212
7,918,300.77027027027026,to,74,7,918,to,4223327232,2,9.62565473275005
7,919,290.6533333333333,enjoy,75,7,919,enjoy,7576280,5,6.87945601670903
7,920,287.2162162162162,the,74,7,920,the,9819942513,3,9.992108945387768
7,921,286.0405405405405,sense,74,7,921,sense,45135376,5,7.654517064698609
7,922,283.29333333333335,of,75,7,922,of,6162371881,2,9.789747903165104
7,923,278.8783783783784,achievement,74,7,923,achievement,5157662,11,6.712452877866931
7,924,294.26666666666665,and,75,7,924,and,4873010095,3,9.687797311073117
7,925,284.2054794520548,belonging,73,7,925,belonging,3705244,9,6.5688168126836
7,926,307.28767123287673,that,73,7,926,that,1746480437,4,9.24216372530116
7,927,301.06849315068496,she,73,7,927,she,278699382,3,8.445136005691102
7,928,297.0135135135135,had,74,7,928,had,537932901,3,8.730728107371226
7,929,317.56164383561645,not,73,7,929,not,1006314753,3,9.002733839677335
7,930,300.5135135135135,felt,74,7,930,felt,35889439,4,7.554966669781874
7,931,313.1232876712329,in,73,7,931,in,3271087682,2,9.514692185610274
7,932,271.44594594594594,a,74,7,932,a,3213754375,1,9.507012680872096
7,933,268.63013698630135,very,73,7,933,very,134366972,4,8.128292530318264
7,934,263.93243243243245,long,74,7,934,long,95494675,4,7.979979155012088
7,935,286.35616438356163,time.,73,7,935,time,252986157,5,8.403096757922885
7,936,293.45205479452056,Then,73,7,936,Then,39430787,4,7.59583544525345
7,937,291.1621621621622,she,74,7,937,she,278699382,3,8.445136005691102
7,938,277.09589041095893,saw,73,7,938,saw,36746641,3,7.565217646499487
7,939,271.63513513513516,her,74,7,939,her,415597541,3,8.61867296926702
7,940,289.97222222222223,"mother,",72,7,940,mother,39696579,7,7.598753081437183
7,941,277.7945205479452,who,73,7,941,who,294018466,3,8.46837460738514
7,942,286.5068493150685,was,73,7,942,was,1140172617,3,9.056970606543045
7,943,276.2567567567568,cheering,74,7,943,cheering,470747,8,5.6727875610039495
7,944,280.6849315068493,the,73,7,944,the,9819942513,3,9.992108945387768
7,945,281.6621621621622,loudest,74,7,945,loudest,154069,7,5.187715263745697
7,946,275.3918918918919,of,74,7,946,of,6162371881,2,9.789747903165104
7,947,277.2162162162162,all,74,7,947,all,374139462,3,8.573033517406971
7,948,282.0,in,74,7,948,in,3271087682,2,9.514692185610274
7,949,267.8082191780822,the,73,7,949,the,9819942513,3,9.992108945387768
7,950,272.2054794520548,"crowd,",73,7,950,crowd,6087995,6,6.784474287081619
7,951,303.94444444444446,and,72,7,951,and,4873010095,3,9.687797311073117
7,952,269.5890410958904,"Jill,",73,7,952,Jill,948278,5,5.976935675066853
7,953,287.6027397260274,who,73,7,953,who,294018466,3,8.46837460738514
7,954,289.68055555555554,was,72,7,954,was,1140172617,3,9.056970606543045
7,955,281.09589041095893,beaming,73,7,955,beaming,304264,7,5.483250570411924
7,956,295.3150684931507,at,73,7,956,at,654432238,2,8.815864684979672
7,957,271.56756756756755,her,74,7,957,her,415597541,3,8.61867296926702
7,958,291.40277777777777,with,72,7,958,with,1110064802,4,9.0453483322367
7,959,277.0821917808219,pride,73,7,959,pride,4797865,5,6.681048023836085
7,960,284.0,from,73,7,960,from,708532803,4,8.850359961615387
7,961,278.6575342465753,the,73,7,961,the,9819942513,3,9.992108945387768
7,962,289.8918918918919,wings.,74,7,962,wings,3132856,6,6.495940433233877
7,963,326.47945205479454,She,73,7,963,She,118491481,3,8.07368712766523
7,964,283.9054054054054,knew,74,7,964,knew,37182349,4,7.570336822916057
7,965,280.4657534246575,she,73,7,965,she,278699382,3,8.445136005691102
7,966,283.7972972972973,owed,74,7,966,owed,1830581,4,6.262588950412165
7,967,293.1506849315069,them,73,7,967,them,240201864,4,8.380576373265777
7,968,334.0810810810811,big,74,7,968,big,22941525,3,7.360622283533505
7,969,289.36986301369865,time,73,7,969,time,252986157,4,8.403096757922885
7,970,285.06756756756755,for,74,7,970,for,1388290219,3,9.14248026391068
7,971,301.85135135135135,reminding,74,7,971,reminding,819957,9,5.913791077807645
7,972,317.2567567567568,her,74,7,972,her,415597541,3,8.61867296926702
7,973,294.3150684931507,what,73,7,973,what,218817723,4,8.340082494486747
7,974,287.7972972972973,she,74,7,974,she,278699382,3,8.445136005691102
7,975,283.6216216216216,was,74,7,975,was,1140172617,3,9.056970606543045
7,976,282.2328767123288,capable,73,7,976,capable,8807187,7,6.9448372176678355
7,977,271.3918918918919,of,74,7,977,of,6162371881,2,9.789747903165104
7,978,281.05405405405406,and,74,7,978,and,4873010095,3,9.687797311073117
7,979,278.3783783783784,who,74,7,979,who,294018466,3,8.46837460738514
7,980,298.13698630136986,she,73,7,980,she,278699382,3,8.445136005691102
7,981,294.97297297297297,really,74,7,981,really,36961130,6,7.56774524028786
7,982,292.31081081081084,was.,74,7,982,was,1140172617,4,9.056970606543045
7,983,279.47297297297297,The,74,7,983,The,1217211729,3,9.085366128549287
7,984,281.31081081081084,next,74,7,984,next,47961300,4,7.6808909462194475
7,985,281.16438356164383,time,73,7,985,time,252986157,4,8.403096757922885
7,986,283.5810810810811,her,74,7,986,her,415597541,3,8.61867296926702
7,987,272.94594594594594,phone,74,7,987,phone,10537598,5,7.022741626604216
7,988,297.61842105263156,bleeped,76,7,988,bleeped,5476,7,3.7384634394619525
7,989,337.61842105263156,she,76,7,989,she,278699382,3,8.445136005691102
7,990,344.3421052631579,would,76,7,990,would,319551796,5,8.504541262788026
7,991,340.13157894736844,tap,76,7,991,tap,1603952,3,6.205191367410084
7,992,300.4342105263158,the,76,7,992,the,9819942513,3,9.992108945387768
7,993,328.75,message,76,7,993,message,15214329,7,7.182252803357128
7,994,350.3333333333333,straight,75,7,994,straight,10602691,8,7.025416104710987
7,995,324.5,into,74,7,995,into,254637739,4,8.40592276940739
7,996,350.54794520547944,oblivion,73,7,996,oblivion,450174,8,5.653380408517454
7,997,383.72972972972974,where,74,7,997,where,136128991,5,8.133950625501162
7,998,347.0263157894737,it,76,7,998,it,908536386,2,8.958342325064617
7,999,442.42105263157896,belonged.,76,7,999,belonged,3143797,9,6.497454495183484
8,1,580.2564102564103,The,78,8,1,The,1217211729,3,9.085366128549287
8,2,456.9342105263158,Roswell,76,8,2,Roswell,132501,7,5.122219155954661
8,3,426.2236842105263,UFO,76,8,3,UFO,261836,3,5.418029357747562
8,4,458.9594594594595,Incident,74,8,4,Incident,368942,8,5.566958097704352
8,5,372.82894736842104,was,76,8,5,was,1140172617,3,9.056970606543045
8,6,387.77027027027026,the,74,8,6,the,9819942513,3,9.992108945387768
8,7,411.11842105263156,alleged,76,8,7,alleged,3370226,7,6.527659024687942
8,8,444.18666666666667,recovery,75,8,8,recovery,6416061,8,6.807268484303143
8,9,385.3972602739726,of,73,8,9,of,6162371881,2,9.789747903165104
8,10,507.375,extra-terrestrial,72,8,10,extra - terrestrial,11044,17,4.043126397967225
8,11,467.06756756756755,"debris,",74,8,11,debris,1484718,7,6.171643973738125
8,12,440.32,including,75,8,12,including,45597635,9,7.658942317816067
8,13,384.35526315789474,alien,76,8,13,alien,2807606,5,6.4483361618510555
8,14,404.4594594594595,"corpses,",74,8,14,corpses,543488,8,5.735189959477848
8,15,406.1917808219178,from,73,8,15,from,708532803,4,8.850359961615387
8,16,406.35526315789474,an,76,8,16,an,576832090,2,8.761049412810996
8,17,401.81333333333333,object,75,8,17,object,25819446,6,7.411946919505763
8,18,363.14285714285717,that,77,8,18,that,1746480437,4,9.24216372530116
8,19,354.4868421052632,crashed,76,8,19,crashed,751482,7,5.8759185825353075
8,20,351.14666666666665,near,75,8,20,near,26915276,4,7.429998837603775
8,21,346.013698630137,"Roswell,",73,8,21,Roswell,132501,8,5.122219155954661
8,22,387.6216216216216,New,74,8,22,New,115330984,3,8.061945997429518
8,23,392.41333333333336,"Mexico,",75,8,23,Mexico,10951300,7,7.039465676191213
8,24,365.5131578947368,on,76,8,24,on,993594775,2,8.99720929902148
8,25,340.06666666666666,or,75,8,25,or,793525686,2,8.899560989197376
8,26,347.18666666666667,about,75,8,26,about,265782619,5,8.424526576609713
8,27,340.38157894736844,July,76,8,27,July,18277074,4,7.261906670207098
8,28,393.56756756756755,"eighth,",74,8,28,eighth,1871957,7,6.272295868506144
8,29,510.49333333333334,nineteen,75,8,29,nineteen,1192019,8,6.076283177828206
8,30,652.0428571428571,forty-seven.,70,8,30,forty - seven,152521,12,5.183329644051529
8,31,621.1369863013699,Since,73,8,31,Since,21327000,5,7.3289297689479
8,32,460.16,the,75,8,32,the,9819942513,3,9.992108945387768
8,33,349.7866666666667,late,75,8,33,late,29067082,4,7.463401435798437
8,34,393.75,nineteen,76,8,34,nineteen,1192019,8,6.076283177828206
8,35,488.52,"seventies,",75,8,35,seventies,690564,10,5.83920393426703
8,36,427.2133333333333,the,75,8,36,the,9819942513,3,9.992108945387768
8,37,408.96,incident,75,8,37,incident,5414000,8,6.733518251434488
8,38,366.0657894736842,has,76,8,38,has,336617760,3,8.527137025681766
8,39,332.0131578947368,been,76,8,39,been,310806848,4,8.492490579034436
8,40,328.94666666666666,the,75,8,40,the,9819942513,3,9.992108945387768
8,41,369.2,subject,75,8,41,subject,36611667,7,7.563619503599346
8,42,387.38157894736844,of,76,8,42,of,6162371881,2,9.789747903165104
8,43,368.14864864864865,intense,74,8,43,intense,5410331,7,6.73322383573062
8,44,415.3611111111111,controversy,72,8,44,controversy,3293733,11,6.517688391030931
8,45,357.88,and,75,8,45,and,4873010095,3,9.687797311073117
8,46,335.4533333333333,the,75,8,46,the,9819942513,3,9.992108945387768
8,47,341.28,subject,75,8,47,subject,36611667,7,7.563619503599346
8,48,319.55263157894734,of,76,8,48,of,6162371881,2,9.789747903165104
8,49,327.37333333333333,conspiracy,75,8,49,conspiracy,1611982,10,6.207360187999891
8,50,330.62666666666667,theories,75,8,50,theories,8195005,8,6.9135492228817155
8,51,334.7894736842105,as,76,8,51,as,1139819594,2,9.056836118415085
8,52,356.6666666666667,to,75,8,52,to,4223327232,2,9.62565473275005
8,53,340.55405405405406,the,74,8,53,the,9819942513,3,9.992108945387768
8,54,366.9054054054054,true,74,8,54,true,37153771,4,7.5700028999640585
8,55,335.14666666666665,nature,75,8,55,nature,43505346,6,7.638542626969468
8,56,297.72972972972974,of,74,8,56,of,6162371881,2,9.789747903165104
8,57,297.48,the,75,8,57,the,9819942513,3,9.992108945387768
8,58,320.31081081081084,object,74,8,58,object,25819446,6,7.411946919505763
8,59,339.17808219178085,that,73,8,59,that,1746480437,4,9.24216372530116
8,60,328.97333333333336,crashed.,75,8,60,crashed,751482,8,5.8759185825353075
8,61,338.16438356164383,The,73,8,61,The,1217211729,3,9.085366128549287
8,62,353.5135135135135,United,74,8,62,United,54810382,6,7.738862828890554
8,63,342.35616438356163,States,73,8,63,States,51806313,6,7.714382685112197
8,64,390.0135135135135,military,74,8,64,military,24266208,8,7.385001915872843
8,65,340.7837837837838,maintains,74,8,65,maintains,2367582,9,6.374305029504584
8,66,359.041095890411,the,73,8,66,the,9819942513,3,9.992108945387768
8,67,334.8243243243243,debris,74,8,67,debris,1484718,6,6.171643973738125
8,68,397.4054054054054,recovered,74,8,68,recovered,3191950,9,6.504056079766985
8,69,328.48,was,75,8,69,was,1140172617,3,9.056970606543045
8,70,346.4,from,75,8,70,from,708532803,4,8.850359961615387
8,71,316.08,an,75,8,71,an,576832090,2,8.761049412810996
8,72,359.18918918918916,experimental,74,8,72,experimental,7782812,12,6.891136539847626
8,73,394.5068493150685,high-altitude,73,8,73,high - altitude,78769,13,4.8963553319839965
8,74,438.12,surveillance,75,8,74,surveillance,1819934,12,6.260055638558954
8,75,448.06666666666666,balloon,75,8,75,balloon,1308189,7,6.116670493015343
8,76,378.8082191780822,that,73,8,76,that,1746480437,4,9.24216372530116
8,77,367.56,belonged,75,8,77,belonged,3143797,8,6.497454495183484
8,78,377.2133333333333,to,75,8,78,to,4223327232,2,9.62565473275005
8,79,310.8,a,75,8,79,a,3213754375,1,9.507012680872096
8,80,313.36,classified,75,8,80,classified,3872694,10,6.588013182666015
8,81,338.4594594594595,program,74,8,81,program,33194314,7,7.521063697863402
8,82,355.28,named,75,8,82,named,12183636,5,7.085776915479591
8,83,477.6478873239437,'Mogul'.,71,8,83,Mogul,92922,8,4.968118548734916
8,84,574.9166666666666,"However,",72,8,84,However,53726413,8,7.730187846220871
8,85,415.2027027027027,many,74,8,85,many,138917121,4,8.142755774158092
8,86,356.31081081081084,UFO,74,8,86,UFO,261836,3,5.418029357747562
8,87,407.3918918918919,proponents,74,8,87,proponents,893203,10,5.950950173066281
8,88,440.4189189189189,maintain,74,8,88,maintain,12314211,8,7.090406590813901
8,89,403.0810810810811,"that,",74,8,89,that,1746480437,5,9.24216372530116
8,90,379.12,in,75,8,90,in,3271087682,2,9.514692185610274
8,91,352.6933333333333,"fact,",75,8,91,fact,61142902,5,7.786346047616712
8,92,313.41333333333336,a,75,8,92,a,3213754375,1,9.507012680872096
8,93,358.4266666666667,crashed,75,8,93,crashed,751482,7,5.8759185825353075
8,94,369.44,alien,75,8,94,alien,2807606,5,6.4483361618510555
8,95,348.94666666666666,craft,75,8,95,craft,2700090,5,6.4313782404004485
8,96,395.62666666666667,and,75,8,96,and,4873010095,3,9.687797311073117
8,97,387.4533333333333,bodies,75,8,97,bodies,11262304,6,7.0516272459441325
8,98,354.08,were,75,8,98,were,457504590,4,8.660395455564592
8,99,332.9066666666667,"recovered,",75,8,99,recovered,3191950,10,6.504056079766985
8,100,336.93333333333334,and,75,8,100,and,4873010095,3,9.687797311073117
8,101,321.81333333333333,that,75,8,101,that,1746480437,4,9.24216372530116
8,102,327.3466666666667,the,75,8,102,the,9819942513,3,9.992108945387768
8,103,330.6533333333333,military,75,8,103,military,24266208,8,7.385001915872843
8,104,335.14666666666665,then,75,8,104,then,161019392,4,8.206878182438311
8,105,348.37333333333333,engaged,75,8,105,engaged,7793318,7,6.891722397633711
8,106,332.5733333333333,in,75,8,106,in,3271087682,2,9.514692185610274
8,107,341.25333333333333,a,75,8,107,a,3213754375,1,9.507012680872096
8,108,338.6,cover-up.,75,8,108,cover - up,125636,9,5.099114100875293
8,109,369.86486486486484,The,74,8,109,The,1217211729,3,9.085366128549287
8,110,352.4533333333333,incident,75,8,110,incident,5414000,8,6.733518251434488
8,111,337.8918918918919,has,74,8,111,has,336617760,3,8.527137025681766
8,112,309.93243243243245,turned,74,8,112,turned,31575372,6,7.499348475825803
8,113,364.5,into,74,8,113,into,254637739,4,8.40592276940739
8,114,338.44,a,75,8,114,a,3213754375,1,9.507012680872096
8,115,312.41333333333336,widely,75,8,115,widely,9397908,6,6.973031189219823
8,116,332.8933333333333,known,75,8,116,known,48608768,5,7.686714613924117
8,117,350.72972972972974,pop,74,8,117,pop,2355356,3,6.372056557813451
8,118,343.86486486486484,culture,74,8,118,culture,29727119,7,7.473152821649254
8,119,326.58666666666664,"phenomenon,",75,8,119,phenomenon,6733400,11,6.82823441465104
8,120,352.1081081081081,making,74,8,120,making,44514896,6,7.648505363072627
8,121,323.14666666666665,the,75,8,121,the,9819942513,3,9.992108945387768
8,122,299.2105263157895,name,76,8,122,name,51126537,4,7.70864637726156
8,123,342.04,Roswell,75,8,123,Roswell,132501,7,5.122219155954661
8,124,372.8243243243243,synonymous,74,8,124,synonymous,872420,10,5.940725613108034
8,125,399.2133333333333,with,75,8,125,with,1110064802,4,9.0453483322367
8,126,368.8243243243243,UFOs.,74,8,126,UFOs,114752,5,5.05976026354607
8,127,406.2162162162162,It,74,8,127,It,278516683,2,8.444851214295534
8,128,380.0810810810811,ranks,74,8,128,ranks,2997609,5,6.476774984010371
8,129,327.0135135135135,as,74,8,129,as,1139819594,2,9.056836118415085
8,130,312.6027397260274,one,73,8,130,one,398913374,3,8.600878596743621
8,131,300.5135135135135,of,74,8,131,of,6162371881,2,9.789747903165104
8,132,303.47297297297297,the,74,8,132,the,9819942513,3,9.992108945387768
8,133,332.77027027027026,most,74,8,133,most,165240742,4,8.21811713647268
8,134,326.06756756756755,publicized,74,8,134,publicized,537211,10,5.730144896756155
8,135,354.56164383561645,and,73,8,135,and,4873010095,3,9.687797311073117
8,136,371.0394736842105,controversial,76,8,136,controversial,2695317,13,6.430609850507762
8,137,342.43243243243245,alleged,74,8,137,alleged,3370226,7,6.527659024687942
8,138,372.04,UFO,75,8,138,UFO,261836,3,5.418029357747562
8,139,329.4054054054054,incidents.,74,8,139,incidents,2260294,10,6.354164932188721
8,140,380.48,On,75,8,140,On,57934134,2,7.76293451951115
8,141,335.93243243243245,July,74,8,141,July,18277074,4,7.261906670207098
8,142,378.34722222222223,"ninth,",72,8,142,ninth,1375227,6,6.138374390319414
8,143,504.3835616438356,nineteen,73,8,143,nineteen,1192019,8,6.076283177828206
8,144,552.6805555555555,"forty-seven,",72,8,144,forty - seven,152521,12,5.183329644051529
8,145,424.55555555555554,a,72,8,145,a,3213754375,1,9.507012680872096
8,146,438.85135135135135,press,74,8,146,press,13390537,5,7.126797993849977
8,147,371.972602739726,release,73,8,147,release,9663152,7,6.985118810983218
8,148,362.9189189189189,that,74,8,148,that,1746480437,4,9.24216372530116
8,149,351.8243243243243,Roswell,74,8,149,Roswell,132501,7,5.122219155954661
8,150,349.46666666666664,Army,75,8,150,Army,8591041,4,6.934045791673317
8,151,367.3333333333333,Air,72,8,151,Air,6435710,3,6.808596466092417
8,152,348.3243243243243,Field,74,8,152,Field,4339668,5,6.637456505714535
8,153,374.16438356164383,issued,73,8,153,issued,7478938,6,6.8738399329601005
8,154,360.8378378378378,stated,74,8,154,stated,11391022,6,7.056562690632998
8,155,386.93243243243245,that,74,8,155,that,1746480437,4,9.24216372530116
8,156,350.86486486486484,personnel,74,8,156,personnel,6648831,9,6.822745294193649
8,157,348.5405405405405,from,74,8,157,from,708532803,4,8.850359961615387
8,158,347.4533333333333,the,75,8,158,the,9819942513,3,9.992108945387768
8,159,327.43243243243245,field's,74,8,159,field 's,87539,7,4.942201581151181
8,160,335.75342465753425,Bomb,73,8,160,Bomb,315135,4,5.498496640123335
8,161,437.7972972972973,Group,74,8,161,Group,11160043,5,7.047665867955211
8,162,358.0821917808219,had,73,8,162,had,537932901,3,8.730728107371226
8,163,341.7027027027027,recovered,74,8,163,recovered,3191950,9,6.504056079766985
8,164,322.6756756756757,a,74,8,164,a,3213754375,1,9.507012680872096
8,165,347.6756756756757,crashed,74,8,165,crashed,751482,7,5.8759185825353075
8,166,365.35135135135135,'flying,74,8,166,flying,4200420,7,6.623292717674763
8,167,409.6081081081081,disc',74,8,167,disc,1903814,5,6.279624516149562
8,168,381.77027027027026,from,74,8,168,from,708532803,4,8.850359961615387
8,169,337.8666666666667,a,75,8,169,a,3213754375,1,9.507012680872096
8,170,329.49333333333334,ranch,75,8,170,ranch,1363145,5,6.134542054917947
8,171,351.1756756756757,near,74,8,171,near,26915276,4,7.429998837603775
8,172,349.43243243243245,"Roswell,",74,8,172,Roswell,132501,8,5.122219155954661
8,173,376.8243243243243,sparking,74,8,173,sparking,109172,8,5.038111266530205
8,174,373.77027027027026,intense,74,8,174,intense,5410331,7,6.73322383573062
8,175,401.08,media,75,8,175,media,15729852,5,7.196724636425849
8,176,404.17333333333335,interest.,75,8,176,interest,43819697,9,7.641669370219598
8,177,400.61333333333334,Later,75,8,177,Later,5989547,5,6.77739397717398
8,178,342.22972972972974,the,74,8,178,the,9819942513,3,9.992108945387768
8,179,318.14666666666665,same,75,8,179,same,119751381,4,8.078280530497635
8,180,314.32,"day,",75,8,180,day,88338993,4,7.946152444310691
8,181,324.92,the,75,8,181,the,9819942513,3,9.992108945387768
8,182,355.7837837837838,Commanding,74,8,182,Commanding,207348,10,5.316699850680732
8,183,410.6666666666667,General,75,8,183,General,24695243,7,7.392613303955347
8,184,346.3333333333333,of,75,8,184,of,6162371881,2,9.789747903165104
8,185,326.7733333333333,the,75,8,185,the,9819942513,3,9.992108945387768
8,186,318.14666666666665,Eighth,75,8,186,Eighth,846132,6,5.927438120012743
8,187,377.8378378378378,Air,74,8,187,Air,6435710,3,6.808596466092417
8,188,367.6,Force,75,8,188,Force,4823146,5,6.683330408518329
8,189,333.986301369863,stated,73,8,189,stated,11391022,6,7.056562690632998
8,190,360.43243243243245,"that,",74,8,190,that,1746480437,5,9.24216372530116
8,191,348.1066666666667,in,75,8,191,in,3271087682,2,9.514692185610274
8,192,329.6666666666667,"fact,",75,8,192,fact,61142902,5,7.786346047616712
8,193,318.4,a,75,8,193,a,3213754375,1,9.507012680872096
8,194,318.6533333333333,weather,75,8,194,weather,6846495,7,6.835468295327275
8,195,321.7763157894737,balloon,76,8,195,balloon,1308189,7,6.116670493015343
8,196,346.2837837837838,had,74,8,196,had,537932901,3,8.730728107371226
8,197,326.1333333333333,been,75,8,197,been,310806848,4,8.492490579034436
8,198,318.26666666666665,recovered,75,8,198,recovered,3191950,9,6.504056079766985
8,199,335.77027027027026,by,74,8,199,by,877228367,2,8.94311266704604
8,200,302.68,the,75,8,200,the,9819942513,3,9.992108945387768
8,201,303.04,Roswell,75,8,201,Roswell,132501,7,5.122219155954661
8,202,324.46666666666664,Army,75,8,202,Army,8591041,4,6.934045791673317
8,203,331.5466666666667,Air,75,8,203,Air,6435710,3,6.808596466092417
8,204,321.88,Field,75,8,204,Field,4339668,5,6.637456505714535
8,205,377.9864864864865,"personnel,",74,8,205,personnel,6648831,10,6.822745294193649
8,206,370.18666666666667,rather,75,8,206,rather,55879237,6,7.747250467432266
8,207,312.28,than,75,8,207,than,248883542,4,8.395996178830753
8,208,284.1333333333333,a,75,8,208,a,3213754375,1,9.507012680872096
8,209,307.6533333333333,'flying,75,8,209,flying,4200420,7,6.623292717674763
8,210,363.013698630137,saucer'.,73,8,210,saucer,268955,8,5.429679622431677
8,211,373.94594594594594,A,74,8,211,A,276130546,1,8.441114451642763
8,212,366.3243243243243,subsequent,74,8,212,subsequent,9257747,10,6.966505308008113
8,213,373.45205479452056,press,73,8,213,press,13390537,5,7.126797993849977
8,214,363.27027027027026,conference,74,8,214,conference,6698327,10,6.825966345178928
8,215,341.85135135135135,was,74,8,215,was,1140172617,3,9.056970606543045
8,216,322.0405405405405,"called,",74,8,216,called,69300306,7,7.840735152271519
8,217,337.0,featuring,75,8,217,featuring,979031,9,5.990796443504658
8,218,351.41333333333336,debris,75,8,218,debris,1484718,6,6.171643973738125
8,219,359.53333333333336,from,75,8,219,from,708532803,4,8.850359961615387
8,220,346.52,the,75,8,220,the,9819942513,3,9.992108945387768
8,221,316.22972972972974,crashed,74,8,221,crashed,751482,7,5.8759185825353075
8,222,362.68,object,75,8,222,object,25819446,6,7.411946919505763
8,223,324.36,that,75,8,223,that,1746480437,4,9.24216372530116
8,224,335.06756756756755,confirmed,74,8,224,confirmed,5244834,9,6.719731747243617
8,225,330.17333333333335,the,75,8,225,the,9819942513,3,9.992108945387768
8,226,319.35616438356163,weather,73,8,226,weather,6846495,7,6.835468295327275
8,227,340.88,balloon,75,8,227,balloon,1308189,7,6.116670493015343
8,228,363.85333333333335,description.,75,8,228,description,12722779,12,7.104581983367842
8,229,375.4189189189189,The,74,8,229,The,1217211729,3,9.085366128549287
8,230,348.8,case,75,8,230,case,83294081,4,7.92061414089813
8,231,349.05333333333334,was,75,8,231,was,1140172617,3,9.056970606543045
8,232,327.88,quickly,75,8,232,quickly,18146835,7,7.258800890424716
8,233,299.08,forgotten,75,8,233,forgotten,4692028,9,6.671360595133434
8,234,321.50666666666666,and,75,8,234,and,4873010095,3,9.687797311073117
8,235,307.82666666666665,almost,75,8,235,almost,40784201,6,7.610491958498274
8,236,336.81333333333333,completely,75,8,236,completely,14829586,10,7.171129026926884
8,237,327.88,"ignored,",75,8,237,ignored,4524248,8,6.655546403079123
8,238,316.48,even,75,8,238,even,130943090,4,8.117082585204544
8,239,330.7763157894737,by,76,8,239,by,877228367,2,8.94311266704604
8,240,323.44594594594594,UFO,74,8,240,UFO,261836,3,5.418029357747562
8,241,353.2739726027397,"researchers,",73,8,241,researchers,6315379,12,6.800399418655341
8,242,350.64864864864865,for,74,8,242,for,1388290219,3,9.14248026391068
8,243,312.82666666666665,more,75,8,243,more,329429635,4,8.517762665076773
8,244,316.9594594594595,than,74,8,244,than,248883542,4,8.395996178830753
8,245,318.68918918918916,thirty,74,8,245,thirty,10504687,6,7.021383116599375
8,246,390.4864864864865,years.,74,8,246,years,114423406,6,8.058514871108287
8,247,367.8,"Then,",75,8,247,Then,39430787,5,7.59583544525345
8,248,363.72972972972974,in,74,8,248,in,3271087682,2,9.514692185610274
8,249,319.43243243243245,nineteen,74,8,249,nineteen,1192019,8,6.076283177828206
8,250,574.6164383561644,"seventy-eight,",73,8,250,seventy - eight,71929,14,4.85690402252099
8,251,557.4864864864865,nuclear,74,8,251,nuclear,8685357,7,6.938787674244669
8,252,478.28,physicist,75,8,252,physicist,545764,9,5.737004885095353
8,253,373.93243243243245,and,74,8,253,and,4873010095,3,9.687797311073117
8,254,355.62666666666667,author,75,8,254,author,17424357,6,7.2411567605718075
8,255,363.28,Stanton,75,8,255,Stanton,747435,7,5.8735734306168705
8,256,416.90277777777777,Friedman,72,8,256,Friedman,1242691,8,6.094363153035989
8,257,412.44,interviewed,75,8,257,interviewed,2150845,11,6.332609114213508
8,258,395.06666666666666,Jesse,75,8,258,Jesse,1260434,5,6.100520109682244
8,259,396.8767123287671,"Marcel,",73,8,259,Marcel,913135,7,5.960534989386286
8,260,387.958904109589,the,73,8,260,the,9819942513,3,9.992108945387768
8,261,335.05405405405406,only,74,8,261,only,224965302,4,8.352115538946988
8,262,332.5733333333333,person,75,8,262,person,54204685,6,7.7340368249464175
8,263,340.8666666666667,known,75,8,263,known,48608768,5,7.686714613924117
8,264,315.02702702702703,to,74,8,264,to,4223327232,2,9.62565473275005
8,265,313.64473684210526,have,76,8,265,have,593092485,4,8.773122421177646
8,266,348.9066666666667,accompanied,75,8,266,accompanied,6335492,11,6.801780346857693
8,267,397.5,the,76,8,267,the,9819942513,3,9.992108945387768
8,268,353.5,Roswell,76,8,268,Roswell,132501,7,5.122219155954661
8,269,373.88157894736844,debris,76,8,269,debris,1484718,6,6.171643973738125
8,270,342.0133333333333,from,75,8,270,from,708532803,4,8.850359961615387
8,271,348.64,where,75,8,271,where,136128991,5,8.133950625501162
8,272,328.35526315789474,it,76,8,272,it,908536386,2,8.958342325064617
8,273,347.17105263157896,was,76,8,273,was,1140172617,3,9.056970606543045
8,274,338.94736842105266,recovered,76,8,274,recovered,3191950,9,6.504056079766985
8,275,337.88157894736844,to,76,8,275,to,4223327232,2,9.62565473275005
8,276,325.9078947368421,Fort,76,8,276,Fort,4331192,4,6.636607436256348
8,277,424.05333333333334,Worth.,75,8,277,Worth,841219,6,5.924909073217766
8,278,408.1506849315069,Over,73,8,278,Over,6642387,4,6.822324174946239
8,279,362.0933333333333,the,75,8,279,the,9819942513,3,9.992108945387768
8,280,335.4266666666667,next,75,8,280,next,47961300,4,7.6808909462194475
8,281,325.05333333333334,few,75,8,281,few,64575815,3,7.810069896034192
8,282,314.3066666666667,"years,",75,8,282,years,114423406,6,8.058514871108287
8,283,321.84,the,75,8,283,the,9819942513,3,9.992108945387768
8,284,318.94666666666666,accounts,75,8,284,accounts,10277652,8,7.011893908441743
8,285,310.8666666666667,he,75,8,285,he,602878183,2,8.780229567869084
8,286,303.4266666666667,and,75,8,286,and,4873010095,3,9.687797311073117
8,287,335.13157894736844,others,76,8,287,others,56694406,6,7.753540209454042
8,288,315.52,gave,75,8,288,gave,30520506,4,7.484591729518301
8,289,326.8783783783784,elevated,74,8,289,elevated,3118209,8,6.493905220700409
8,290,372.02666666666664,Roswell,75,8,290,Roswell,132501,7,5.122219155954661
8,291,329.2837837837838,from,74,8,291,from,708532803,4,8.850359961615387
8,292,314.4533333333333,a,75,8,292,a,3213754375,1,9.507012680872096
8,293,312.97333333333336,forgotten,75,8,293,forgotten,4692028,9,6.671360595133434
8,294,314.27027027027026,incident,74,8,294,incident,5414000,8,6.733518251434488
8,295,323.74666666666667,to,75,8,295,to,4223327232,2,9.62565473275005
8,296,307.25333333333333,perhaps,75,8,296,perhaps,27788792,7,7.44386966807507
8,297,310.2432432432432,the,74,8,297,the,9819942513,3,9.992108945387768
8,298,337.8933333333333,most,75,8,298,most,165240742,4,8.21811713647268
8,299,299.6933333333333,famous,75,8,299,famous,9360112,6,6.971281045393122
8,300,315.04,UFO,75,8,300,UFO,261836,3,5.418029357747562
8,301,321.2133333333333,case,75,8,301,case,83294081,4,7.92061414089813
8,302,318.70666666666665,of,75,8,302,of,6162371881,2,9.789747903165104
8,303,294.31081081081084,all,74,8,303,all,374139462,3,8.573033517406971
8,304,330.06849315068496,time.,73,8,304,time,252986157,5,8.403096757922885
8,305,331.17808219178085,By,73,8,305,By,38834595,2,7.589218780324019
8,306,303.4594594594595,the,74,8,306,the,9819942513,3,9.992108945387768
8,307,306.2837837837838,early,74,8,307,early,54812804,5,7.738882019378876
8,308,331.52702702702703,nineteen,74,8,308,nineteen,1192019,8,6.076283177828206
8,309,364.36486486486484,"nineties,",74,8,309,nineties,317770,9,5.502112893974412
8,310,419.1232876712329,UFO,73,8,310,UFO,261836,3,5.418029357747562
8,311,424.36486486486484,researchers,74,8,311,researchers,6315379,11,6.800399418655341
8,312,396.7027027027027,had,74,8,312,had,537932901,3,8.730728107371226
8,313,341.4189189189189,interviewed,74,8,313,interviewed,2150845,11,6.332609114213508
8,314,335.958904109589,several,73,8,314,several,51680241,7,7.713324530233276
8,315,361.71830985915494,hundred,71,8,315,hundred,16818524,7,7.225787879286954
8,316,381.56756756756755,people,74,8,316,people,149869947,6,8.175714553724845
8,317,342.6756756756757,who,74,8,317,who,294018466,3,8.46837460738514
8,318,338.1621621621622,"had,",74,8,318,had,537932901,4,8.730728107371226
8,319,350.0,or,74,8,319,or,793525686,2,8.899560989197376
8,320,340.28,who,75,8,320,who,294018466,3,8.46837460738514
8,321,315.8783783783784,claimed,74,8,321,claimed,8138532,7,6.910546075430358
8,322,343.8933333333333,to,75,8,322,to,4223327232,2,9.62565473275005
8,323,306.72,have,75,8,323,have,593092485,4,8.773122421177646
8,324,308.88,"had,",75,8,324,had,537932901,4,8.730728107371226
8,325,327.29333333333335,a,75,8,325,a,3213754375,1,9.507012680872096
8,326,316.2133333333333,connection,75,8,326,connection,13490410,10,7.130025148932968
8,327,343.56,with,75,8,327,with,1110064802,4,9.0453483322367
8,328,301.32894736842104,the,76,8,328,the,9819942513,3,9.992108945387768
8,329,289.49333333333334,events,75,8,329,events,23608189,6,7.373062673335707
8,330,335.29333333333335,at,75,8,330,at,654432238,2,8.815864684979672
8,331,315.7671232876712,Roswell,73,8,331,Roswell,132501,7,5.122219155954661
8,332,314.1216216216216,in,74,8,332,in,3271087682,2,9.514692185610274
8,333,326.9864864864865,nineteen,74,8,333,nineteen,1192019,8,6.076283177828206
8,334,411.5833333333333,forty-seven.,72,8,334,forty - seven,152521,12,5.183329644051529
8,335,524.081081081081,"Additionally,",74,8,335,Additionally,1970176,13,6.294505024341606
8,336,418.2972972972973,hundreds,74,8,336,hundreds,5212001,8,6.717004490366418
8,337,360.3333333333333,of,75,8,337,of,6162371881,2,9.789747903165104
8,338,376.0933333333333,documents,75,8,338,documents,9219329,9,6.964699313439547
8,339,343.0,were,75,8,339,were,457504590,4,8.660395455564592
8,340,330.14864864864865,obtained,74,8,340,obtained,17042186,8,7.231525300926407
8,341,328.14666666666665,by,75,8,341,by,877228367,2,8.94311266704604
8,342,322.53333333333336,Freedom,75,8,342,Freedom,2877633,7,6.4590354052232035
8,343,351.24,of,75,8,343,of,6162371881,2,9.789747903165104
8,344,320.16,Information,75,8,344,Information,10601544,11,7.025369120156135
8,345,357.93333333333334,Act,75,8,345,Act,23543949,3,7.371879308340511
8,346,354.41333333333336,"requests,",75,8,346,requests,3288428,9,6.516988337438999
8,347,348.88,as,75,8,347,as,1139819594,2,9.056836118415085
8,348,339.28,were,75,8,348,were,457504590,4,8.660395455564592
8,349,356.74666666666667,some,75,8,349,some,212953941,4,8.328285681689485
8,350,311.1081081081081,that,74,8,350,that,1746480437,4,9.24216372530116
8,351,359.94666666666666,insiders,75,8,351,insiders,379409,8,5.579107628619006
8,352,410.28,apparently,75,8,352,apparently,8551823,10,6.932058703552593
8,353,387.5466666666667,leaked.,75,8,353,leaked,320615,7,5.505983836997657
8,354,439.64383561643837,Their,73,8,354,Their,16517950,5,7.21795614716522
8,355,369.2,conclusions,75,8,355,conclusions,4765162,11,6.678077669824319
8,356,345.73333333333335,were,75,8,356,were,457504590,4,8.660395455564592
8,357,330.9054054054054,that,74,8,357,that,1746480437,4,9.24216372530116
8,358,310.9066666666667,at,75,8,358,at,654432238,2,8.815864684979672
8,359,307.3466666666667,least,75,8,359,least,48582456,5,7.686479466012265
8,360,303.96,one,75,8,360,one,398913374,3,8.600878596743621
8,361,313.46666666666664,alien,75,8,361,alien,2807606,5,6.4483361618510555
8,362,324.92,craft,75,8,362,craft,2700090,5,6.4313782404004485
8,363,314.16,had,75,8,363,had,537932901,3,8.730728107371226
8,364,331.7631578947368,crashed,76,8,364,crashed,751482,7,5.8759185825353075
8,365,317.4054054054054,in,74,8,365,in,3271087682,2,9.514692185610274
8,366,313.5135135135135,the,74,8,366,the,9819942513,3,9.992108945387768
8,367,326.2027027027027,Roswell,74,8,367,Roswell,132501,7,5.122219155954661
8,368,342.44444444444446,"vicinity,",72,8,368,vicinity,1638262,9,6.2143833577755565
8,369,347.2972972972973,that,74,8,369,that,1746480437,4,9.24216372530116
8,370,344.027397260274,"aliens,",73,8,370,aliens,932099,7,5.969462042043176
8,371,350.85135135135135,some,74,8,371,some,212953941,4,8.328285681689485
8,372,337.43835616438355,possibly,73,8,372,possibly,8857661,8,6.947319054968085
8,373,355.2432432432432,still,74,8,373,still,82706155,5,7.917537830992306
8,374,341.9594594594595,"alive,",74,8,374,alive,6843173,6,6.835257519390678
8,375,345.8082191780822,were,73,8,375,were,457504590,4,8.660395455564592
8,376,339.3333333333333,"recovered,",75,8,376,recovered,3191950,10,6.504056079766985
8,377,334.47297297297297,and,74,8,377,and,4873010095,3,9.687797311073117
8,378,328.36,that,75,8,378,that,1746480437,4,9.24216372530116
8,379,308.4054054054054,a,74,8,379,a,3213754375,1,9.507012680872096
8,380,316.72,massive,75,8,380,massive,5003859,7,6.699305063534433
8,381,323.3918918918919,cover-up,74,8,381,cover - up,125636,8,5.099114100875293
8,382,319.0945945945946,of,74,8,382,of,6162371881,2,9.789747903165104
8,383,309.3378378378378,any,74,8,383,any,178544323,3,8.251746045909536
8,384,322.16,knowledge,75,8,384,knowledge,40687619,9,7.609462276105023
8,385,342.32876712328766,of,73,8,385,of,6162371881,2,9.789747903165104
8,386,314.08,the,75,8,386,the,9819942513,3,9.992108945387768
8,387,309.94594594594594,incident,74,8,387,incident,5414000,8,6.733518251434488
8,388,318.7972972972973,was,74,8,388,was,1140172617,3,9.056970606543045
8,389,322.4,put,75,8,389,put,49376612,3,7.693521287293289
8,390,298.5810810810811,in,74,8,390,in,3271087682,2,9.514692185610274
8,391,318.6621621621622,place.,74,8,391,place,78015798,6,7.892182555120126
8,392,374.0405405405405,Numerous,74,8,392,Numerous,889828,8,5.949306067465262
8,393,348.1232876712329,"books,",73,8,393,books,20471356,6,7.311146610801875
8,394,364.06944444444446,"articles,",72,8,394,articles,7847267,9,6.894718429549966
8,395,363.63013698630135,television,73,8,395,television,10312204,10,7.013351495811404
8,396,358.0933333333333,specials,75,8,396,specials,181588,8,5.259087145363603
8,397,338.6756756756757,and,74,8,397,and,4873010095,3,9.687797311073117
8,398,350.62666666666667,even,75,8,398,even,130943090,4,8.117082585204544
8,399,316.1756756756757,a,74,8,399,a,3213754375,1,9.507012680872096
8,400,335.8933333333333,made-for-TV,75,8,400,made - for - TV,15306,11,4.1848617089934335
8,401,370.5733333333333,movie,75,8,401,movie,5394391,5,6.731942422092431
8,402,341.2,brought,75,8,402,brought,29618021,7,7.47155603671413
8,403,339.48,the,75,8,403,the,9819942513,3,9.992108945387768
8,404,317.92,nineteen,75,8,404,nineteen,1192019,8,6.076283177828206
8,405,361.44,forty-seven,75,8,405,forty - seven,152521,11,5.183329644051529
8,406,381.3066666666667,incident,75,8,406,incident,5414000,8,6.733518251434488
8,407,370.44594594594594,fame,74,8,407,fame,2125715,4,6.327505037127864
8,408,348.5405405405405,and,74,8,408,and,4873010095,3,9.687797311073117
8,409,357.2266666666667,"notoriety,",75,8,409,notoriety,288987,10,5.460878306579209
8,410,359.94594594594594,so,74,8,410,so,252284174,2,8.401890007711213
8,411,332.13513513513516,that,74,8,411,that,1746480437,4,9.24216372530116
8,412,319.041095890411,by,73,8,412,by,877228367,2,8.94311266704604
8,413,303.9864864864865,the,74,8,413,the,9819942513,3,9.992108945387768
8,414,302.0945945945946,mid,74,8,414,mid,9851397,3,6.993497820992157
8,415,351.6081081081081,nineteen,74,8,415,nineteen,1192019,8,6.076283177828206
8,416,362.2328767123288,"nineties,",73,8,416,nineties,317770,9,5.502112893974412
8,417,402.22535211267603,strong,71,8,417,strong,28509360,6,7.45498746804295
8,418,395.7432432432432,majorities,74,8,418,majorities,304404,10,5.483450354953049
8,419,361.2972972972973,in,74,8,419,in,3271087682,2,9.514692185610274
8,420,319.7567567567568,"polls,",74,8,420,polls,953032,6,5.979107483209262
8,421,384.2054794520548,such,73,8,421,such,209032143,4,8.320213072973228
8,422,341.5405405405405,as,74,8,422,as,1139819594,2,9.056836118415085
8,423,297.47945205479454,a,73,8,423,a,3213754375,1,9.507012680872096
8,424,342.13698630136986,nineteen,73,8,424,nineteen,1192019,8,6.076283177828206
8,425,430.55405405405406,ninety-seven,74,8,425,ninety - seven,37013,12,4.56835428722003
8,426,503.6216216216216,CNN,74,8,426,CNN,468768,3,5.670957957323692
8,427,433.43243243243245,Time,74,8,427,Time,11557869,4,7.062877767747638
8,428,386.17808219178085,"poll,",73,8,428,poll,1064037,5,6.026956730042153
8,429,389.027397260274,believed,73,8,429,believed,14506062,8,7.161549529336973
8,430,357.986301369863,that,73,8,430,that,1746480437,4,9.24216372530116
8,431,347.47945205479454,aliens,73,8,431,aliens,932099,6,5.969462042043176
8,432,324.90277777777777,had,72,8,432,had,537932901,3,8.730728107371226
8,433,326.7638888888889,visited,72,8,433,visited,5518719,7,6.74183828138973
8,434,331.5753424657534,earth,73,8,434,earth,16796169,5,7.225210235780036
8,435,315.18918918918916,and,74,8,435,and,4873010095,3,9.687797311073117
8,436,347.3243243243243,specifically,74,8,436,specifically,8183969,12,6.912963975646132
8,437,325.16438356164383,that,73,8,437,that,1746480437,4,9.24216372530116
8,438,311.47945205479454,aliens,73,8,438,aliens,932099,6,5.969462042043176
8,439,301.7945205479452,had,73,8,439,had,537932901,3,8.730728107371226
8,440,312.93055555555554,landed,72,8,440,landed,2752089,6,6.439662474470412
8,441,313.5890410958904,at,73,8,441,at,654432238,2,8.815864684979672
8,442,305.013698630137,Roswell,73,8,442,Roswell,132501,7,5.122219155954661
8,443,342.26027397260276,and,73,8,443,and,4873010095,3,9.687797311073117
8,444,348.8904109589041,the,73,8,444,the,9819942513,3,9.992108945387768
8,445,387.52054794520546,government,73,8,445,government,59840428,10,7.776994691095935
8,446,308.44444444444446,was,72,8,446,was,1140172617,3,9.056970606543045
8,447,319.69444444444446,covering,72,8,447,covering,4357427,8,6.6392301201049815
8,448,316.8333333333333,up,72,8,448,up,232348461,2,8.366139800200205
8,449,317.9166666666667,the,72,8,449,the,9819942513,3,9.992108945387768
8,450,313.3943661971831,fact.,71,8,450,fact,61142902,5,7.786346047616712
8,451,326.92857142857144,During,70,8,451,During,17869601,6,7.252114855503247
8,452,375.4142857142857,the,70,8,452,the,9819942513,3,9.992108945387768
8,453,304.8142857142857,nineteen,70,8,453,nineteen,1192019,8,6.076283177828206
8,454,373.90140845070425,eighties,71,8,454,eighties,556701,8,5.745622001429251
8,455,370.82608695652175,and,69,8,455,and,4873010095,3,9.687797311073117
8,456,354.14285714285717,nineteen,70,8,456,nineteen,1192019,8,6.076283177828206
8,457,365.0289855072464,"nineties,",69,8,457,nineties,317770,9,5.502112893974412
8,458,341.84507042253523,a,71,8,458,a,3213754375,1,9.507012680872096
8,459,329.3943661971831,new,71,8,459,new,140488451,3,8.147640624076509
8,460,329.46478873239437,narrative,71,8,460,narrative,8853574,9,6.94711862156194
8,461,333.3333333333333,emerged,72,8,461,emerged,5866040,7,6.768345020069703
8,462,383.31944444444446,which,72,8,462,which,508000647,5,8.705864265410595
8,463,347.0,was,71,8,463,was,1140172617,3,9.056970606543045
8,464,330.7464788732394,at,71,8,464,at,654432238,2,8.815864684979672
8,465,326.67605633802816,strong,71,8,465,strong,28509360,6,7.45498746804295
8,466,362.1267605633803,odds,71,8,466,odds,2284178,4,6.358729944322337
8,467,327.8904109589041,with,73,8,467,with,1110064802,4,9.0453483322367
8,468,300.72222222222223,what,72,8,468,what,218817723,4,8.340082494486747
8,469,311.55555555555554,was,72,8,469,was,1140172617,3,9.056970606543045
8,470,306.2083333333333,reported,72,8,470,reported,20995896,8,7.3221344128893024
8,471,331.97222222222223,in,72,8,471,in,3271087682,2,9.514692185610274
8,472,313.1267605633803,nineteen,71,8,472,nineteen,1192019,8,6.076283177828206
8,473,450.43055555555554,forty-seven.,72,8,473,forty - seven,152521,12,5.183329644051529
8,474,385.0810810810811,This,74,8,474,This,229531441,4,8.36084218319599
8,475,362.06849315068496,narrative,73,8,475,narrative,8853574,9,6.94711862156194
8,476,327.0138888888889,evolved,72,8,476,evolved,3236807,7,6.510116804643884
8,477,356.6901408450704,over,71,8,477,over,162192656,4,8.210031185689672
8,478,322.30555555555554,the,72,8,478,the,9819942513,3,9.992108945387768
8,479,319.77464788732397,years,71,8,479,years,114423406,5,8.058514871108287
8,480,322.3943661971831,from,71,8,480,from,708532803,4,8.850359961615387
8,481,307.17808219178085,the,73,8,481,the,9819942513,3,9.992108945387768
8,482,306.34722222222223,time,72,8,482,time,252986157,4,8.403096757922885
8,483,314.2054794520548,the,73,8,483,the,9819942513,3,9.992108945387768
8,484,311.83561643835617,first,73,8,484,first,172429084,5,8.236610521090785
8,485,318.8767123287671,book,73,8,485,book,49033521,4,7.690493080192269
8,486,297.1506849315069,on,73,8,486,on,993594775,2,8.99720929902148
8,487,308.36986301369865,Roswell,73,8,487,Roswell,132501,7,5.122219155954661
8,488,311.94444444444446,was,72,8,488,was,1140172617,3,9.056970606543045
8,489,336.30555555555554,published,72,8,489,published,21084592,9,7.3239652015632135
8,490,318.0821917808219,in,73,8,490,in,3271087682,2,9.514692185610274
8,491,309.26027397260276,nineteen,73,8,491,nineteen,1192019,8,6.076283177828206
8,492,362.1111111111111,"eighty,",72,8,492,eighty,1915570,7,6.282298026879403
8,493,417.16901408450707,as,71,8,493,as,1139819594,2,9.056836118415085
8,494,352.5753424657534,many,73,8,494,many,138917121,4,8.142755774158092
8,495,317.6027397260274,new,73,8,495,new,140488451,3,8.147640624076509
8,496,343.31081081081084,witnesses,74,8,496,witnesses,3142323,9,6.497250824213774
8,497,334.2112676056338,and,71,8,497,and,4873010095,3,9.687797311073117
8,498,335.73972602739724,accounts,73,8,498,accounts,10277652,8,7.011893908441743
8,499,333.16438356164383,"emerged,",73,8,499,emerged,5866040,8,6.768345020069703
8,500,339.24657534246575,drawn,73,8,500,drawn,11256498,5,7.051403298522968
8,501,339.4583333333333,out,72,8,501,out,242417228,3,8.384563480838569
8,502,323.63013698630135,in,73,8,502,in,3271087682,2,9.514692185610274
8,503,287.6575342465753,part,73,8,503,part,92088752,4,7.964206587388475
8,504,301.82191780821915,by,73,8,504,by,877228367,2,8.94311266704604
8,505,299.28767123287673,the,73,8,505,the,9819942513,3,9.992108945387768
8,506,304.40277777777777,publicity,72,8,506,publicity,1954005,9,6.290925670677345
8,507,327.0,on,72,8,507,on,993594775,2,8.99720929902148
8,508,306.09722222222223,the,72,8,508,the,9819942513,3,9.992108945387768
8,509,318.09589041095893,incident.,73,8,509,incident,5414000,9,6.733518251434488
8,510,362.3888888888889,Of,72,8,510,Of,22930239,2,7.3604085813692866
8,511,310.3783783783784,the,74,8,511,the,9819942513,3,9.992108945387768
8,512,317.7945205479452,hundreds,73,8,512,hundreds,5212001,8,6.717004490366418
8,513,320.6756756756757,of,74,8,513,of,6162371881,2,9.789747903165104
8,514,337.8918918918919,witnesses,74,8,514,witnesses,3142323,9,6.497250824213774
8,515,335.6164383561644,that,73,8,515,that,1746480437,4,9.24216372530116
8,516,346.24657534246575,the,73,8,516,the,9819942513,3,9.992108945387768
8,517,327.5945945945946,various,74,8,517,various,37597647,7,7.5751606660209525
8,518,344.5890410958904,researchers,73,8,518,researchers,6315379,11,6.800399418655341
8,519,357.3835616438356,"interviewed,",73,8,519,interviewed,2150845,12,6.332609114213508
8,520,424.05479452054794,a,73,8,520,a,3213754375,1,9.507012680872096
8,521,367.35616438356163,seemingly,73,8,521,seemingly,3029921,9,6.481431305165228
8,522,342.4109589041096,impressive,73,8,522,impressive,2893002,10,6.461348733886028
8,523,354.43835616438355,"figure,",73,8,523,figure,20104468,7,7.303292585386143
8,524,352.81944444444446,a,72,8,524,a,3213754375,1,9.507012680872096
8,525,401.36986301369865,comparable,73,8,525,comparable,3778147,10,6.5772788514277565
8,526,356.90410958904107,few,73,8,526,few,64575815,3,7.810069896034192
8,527,343.09589041095893,were,73,8,527,were,457504590,4,8.660395455564592
8,528,346.6986301369863,true,73,8,528,true,37153771,4,7.5700028999640585
8,529,421.3835616438356,'witnesses',73,8,529,witnesses,3142323,11,6.497250824213774
8,530,398.2916666666667,who,72,8,530,who,294018466,3,8.46837460738514
8,531,378.5138888888889,claimed,72,8,531,claimed,8138532,7,6.910546075430358
8,532,319.83098591549293,to,71,8,532,to,4223327232,2,9.62565473275005
8,533,329.77464788732397,have,71,8,533,have,593092485,4,8.773122421177646
8,534,305.0,actually,71,8,534,actually,22550287,8,7.353152073563121
8,535,306.6027397260274,seen,73,8,535,seen,48510258,4,7.685833584411229
8,536,322.5342465753425,debris,73,8,536,debris,1484718,6,6.171643973738125
8,537,327.24657534246575,or,73,8,537,or,793525686,2,8.899560989197376
8,538,319.5753424657534,aliens.,73,8,538,aliens,932099,7,5.969462042043176
8,539,356.64383561643837,Most,73,8,539,Most,21591288,4,7.334278550375364
8,540,305.7260273972603,of,73,8,540,of,6162371881,2,9.789747903165104
8,541,303.3611111111111,these,72,8,541,these,212323984,5,8.326999054601854
8,542,334.2638888888889,so-called,72,8,542,so - called,5143540,9,6.711262121581285
8,543,329.38028169014086,witnesses,71,8,543,witnesses,3142323,9,6.497250824213774
8,544,314.75,were,72,8,544,were,457504590,4,8.660395455564592
8,545,312.2361111111111,repeating,72,8,545,repeating,1532001,9,6.18525904877853
8,546,340.125,the,72,8,546,the,9819942513,3,9.992108945387768
8,547,315.986301369863,claims,73,8,547,claims,12835191,6,7.108402335775585
8,548,323.2739726027397,of,73,8,548,of,6162371881,2,9.789747903165104
8,549,338.07042253521126,"others,",71,8,549,others,56694406,7,7.753540209454042
8,550,314.98571428571427,and,70,8,550,and,4873010095,3,9.687797311073117
8,551,320.28985507246375,their,69,8,551,their,438887121,5,8.642352836801459
8,552,368.65714285714284,testimony,70,8,552,testimony,4681325,9,6.670368792976833
8,553,322.3142857142857,would,70,8,553,would,319551796,5,8.504541262788026
8,554,313.7887323943662,be,71,8,554,be,964072174,2,8.984109548007202
8,555,350.77142857142854,inadmissible,70,8,555,inadmissible,252193,12,5.401733027900966
8,556,405.65277777777777,hearsay,72,8,556,hearsay,443958,7,5.647341886260984
8,557,399.4166666666667,in,72,8,557,in,3271087682,2,9.514692185610274
8,558,349.1666666666667,an,72,8,558,an,576832090,2,8.761049412810996
8,559,346.49295774647885,American,71,8,559,American,77574577,8,7.88971941613417
8,560,334.35714285714283,court.,70,8,560,court,28250928,6,7.451032718302705
8,561,368.6619718309859,As,71,8,561,As,110944292,2,8.045104963019837
8,562,318.74285714285713,for,70,8,562,for,1388290219,3,9.14248026391068
8,563,312.8,the,70,8,563,the,9819942513,3,9.992108945387768
8,564,331.2957746478873,several,71,8,564,several,51680241,7,7.713324530233276
8,565,355.0,accounts,70,8,565,accounts,10277652,8,7.011893908441743
8,566,315.3098591549296,from,71,8,566,from,708532803,4,8.850359961615387
8,567,308.1267605633803,those,71,8,567,those,131352362,5,8.118437886747845
8,568,302.5633802816901,who,71,8,568,who,294018466,3,8.46837460738514
8,569,297.32394366197184,claimed,71,8,569,claimed,8138532,7,6.910546075430358
8,570,308.25714285714287,to,70,8,570,to,4223327232,2,9.62565473275005
8,571,309.14084507042253,have,71,8,571,have,593092485,4,8.773122421177646
8,572,323.7361111111111,seen,72,8,572,seen,48510258,4,7.685833584411229
8,573,356.55555555555554,"aliens,",72,8,573,aliens,932099,7,5.969462042043176
8,574,349.07042253521126,critics,71,8,574,critics,4777049,7,6.679159696029109
8,575,375.6111111111111,identified,72,8,575,identified,14492759,10,7.1611510703859675
8,576,338.15277777777777,a,72,8,576,a,3213754375,1,9.507012680872096
8,577,333.40277777777777,variety,72,8,577,variety,16891037,7,7.227656313250864
8,578,312.5211267605634,of,71,8,578,of,6162371881,2,9.789747903165104
8,579,307.11267605633805,problems,71,8,579,problems,42582185,8,7.629227942426316
8,580,319.6666666666667,with,72,8,580,with,1110064802,4,9.0453483322367
8,581,373.6056338028169,them.,71,8,581,them,240201864,5,8.380576373265777
8,582,380.2535211267606,These,71,8,582,These,64499820,5,7.809558502648976
8,583,314.34722222222223,problems,72,8,583,problems,42582185,8,7.629227942426316
8,584,322.16438356164383,ranged,73,8,584,ranged,1386724,6,6.141990031942339
8,585,339.44444444444446,from,72,8,585,from,708532803,4,8.850359961615387
8,586,325.75,the,72,8,586,the,9819942513,3,9.992108945387768
8,587,350.2083333333333,reliability,72,8,587,reliability,3052171,11,6.484608861614432
8,588,363.5138888888889,of,72,8,588,of,6162371881,2,9.789747903165104
8,589,346.94444444444446,second-hand,72,8,589,second - hand,201354,11,5.303960261510734
8,590,427.0422535211268,"accounts,",71,8,590,accounts,10277652,9,7.011893908441743
8,591,338.0833333333333,to,72,8,591,to,4223327232,2,9.62565473275005
8,592,315.1111111111111,serious,72,8,592,serious,16553118,7,7.218879810960822
8,593,349.3150684931507,credibility,73,8,593,credibility,1901995,11,6.279209370921445
8,594,378.83561643835617,problems,73,8,594,problems,42582185,8,7.629227942426316
8,595,377.3835616438356,with,73,8,595,with,1110064802,4,9.0453483322367
8,596,331.83561643835617,witnesses,73,8,596,witnesses,3142323,9,6.497250824213774
8,597,342.625,making,72,8,597,making,44514896,6,7.648505363072627
8,598,373.2191780821918,demonstrably,73,8,598,demonstrably,169759,12,5.229832808264611
8,599,400.2916666666667,false,72,8,599,false,8965826,5,6.9525903062481405
8,600,343.3972602739726,or,73,8,600,or,793525686,2,8.899560989197376
8,601,562.7260273972603,internally-inconsistent,73,8,601,internally - inconsistent,0,23,0.0
8,602,641.7083333333334,"claims,",72,8,602,claims,12835191,7,7.108402335775585
8,603,413.67123287671234,to,73,8,603,to,4223327232,2,9.62565473275005
8,604,361.5416666666667,dubious,72,8,604,dubious,868864,7,5.938951803293507
8,605,413.63013698630135,death-bed,73,8,605,death - bed,54187,9,4.7338951074709374
8,606,530.3472222222222,'confessions',72,8,606,confessions,450811,13,5.653994504492562
8,607,383.958904109589,or,73,8,607,or,793525686,2,8.899560989197376
8,608,344.24657534246575,accounts,73,8,608,accounts,10277652,8,7.011893908441743
8,609,351.6666666666667,from,72,8,609,from,708532803,4,8.850359961615387
8,610,350.34722222222223,elderly,72,8,610,elderly,4691520,7,6.67131357206774
8,611,339.0416666666667,or,72,8,611,or,793525686,2,8.899560989197376
8,612,339.77777777777777,easily,72,8,612,easily,17543865,6,7.2441252767873054
8,613,350.6388888888889,confused,72,8,613,confused,3857034,8,6.586253467216393
8,614,402.6056338028169,witnesses.,71,8,614,witnesses,3142323,10,6.497250824213774
8,615,374.27777777777777,A,72,8,615,A,276130546,1,8.441114451642763
8,616,341.90140845070425,basic,71,8,616,basic,22140233,5,7.345182187007104
8,617,324.32394366197184,problem,71,8,617,problem,49011206,7,7.6902953891623165
8,618,332.943661971831,with,71,8,618,with,1110064802,4,9.0453483322367
8,619,302.5633802816901,all,71,8,619,all,374139462,3,8.573033517406971
8,620,308.5,the,72,8,620,the,9819942513,3,9.992108945387768
8,621,314.375,witness,72,8,621,witness,6045941,7,6.781463904750588
8,622,353.7083333333333,"accounts,",72,8,622,accounts,10277652,9,7.011893908441743
8,623,387.2142857142857,according,70,8,623,according,23748845,9,7.3756424930209254
8,624,343.9718309859155,to,71,8,624,to,4223327232,2,9.62565473275005
8,625,301.9166666666667,the,72,8,625,the,9819942513,3,9.992108945387768
8,626,310.27777777777777,"critics,",72,8,626,critics,4777049,8,6.679159696029109
8,627,315.9583333333333,is,72,8,627,is,1780724214,2,9.250596664206503
8,628,303.84722222222223,that,72,8,628,that,1746480437,4,9.24216372530116
8,629,310.19444444444446,they,72,8,629,they,418953705,4,8.622166035439204
8,630,312.3333333333333,all,72,8,630,all,374139462,3,8.573033517406971
8,631,294.1111111111111,came,72,8,631,came,61302439,4,7.787477753852336
8,632,290.6849315068493,a,73,8,632,a,3213754375,1,9.507012680872096
8,633,334.5,minimum,72,8,633,minimum,9813077,7,6.991805206624519
8,634,331.8611111111111,of,72,8,634,of,6162371881,2,9.789747903165104
8,635,359.5833333333333,thirty-one,72,8,635,thirty - one,246868,10,5.3924647986233
8,636,376.65714285714284,years,70,8,636,years,114423406,5,8.058514871108287
8,637,382.32394366197184,after,71,8,637,after,131123106,5,8.117679228105795
8,638,333.09859154929575,the,71,8,638,the,9819942513,3,9.992108945387768
8,639,319.77464788732397,events,71,8,639,events,23608189,6,7.373062673335707
8,640,324.2676056338028,in,71,8,640,in,3271087682,2,9.514692185610274
8,641,363.71830985915494,"question,",71,8,641,question,44123698,9,7.644671903443856
8,642,324.59154929577466,and,71,8,642,and,4873010095,3,9.687797311073117
8,643,326.9154929577465,in,71,8,643,in,3271087682,2,9.514692185610274
8,644,325.0845070422535,many,71,8,644,many,138917121,4,8.142755774158092
8,645,327.56164383561645,cases,73,8,645,cases,38551029,5,7.586035974684192
8,646,320.7916666666667,were,72,8,646,were,457504590,4,8.660395455564592
8,647,313.02777777777777,recounted,72,8,647,recounted,685976,9,5.836308921464918
8,648,350.25,more,72,8,648,more,329429635,4,8.517762665076773
8,649,338.19718309859155,than,71,8,649,than,248883542,4,8.395996178830753
8,650,327.0845070422535,forty,71,8,650,forty,6900914,5,6.83890661521093
8,651,355.40277777777777,years,72,8,651,years,114423406,5,8.058514871108287
8,652,342.72222222222223,after,72,8,652,after,131123106,5,8.117679228105795
8,653,316.9861111111111,the,72,8,653,the,9819942513,3,9.992108945387768
8,654,313.2054794520548,fact.,73,8,654,fact,61142902,5,7.786346047616712
8,655,372.4861111111111,Not,72,8,655,Not,25033674,3,7.398524592350292
8,656,340.44444444444446,only,72,8,656,only,224965302,4,8.352115538946988
8,657,316.15277777777777,are,72,8,657,are,817391287,3,8.912430004028879
8,658,340.80555555555554,memories,72,8,658,memories,4520369,8,6.655173887935898
8,659,351.25,this,72,8,659,this,599554050,4,8.777828340993896
8,660,316.68055555555554,old,72,8,660,old,66132164,3,7.8204127340737415
8,661,320.34722222222223,of,72,8,661,of,6162371881,2,9.789747903165104
8,662,330.2857142857143,dubious,70,8,662,dubious,868864,7,5.938951803293507
8,663,357.98591549295776,"reliability,",71,8,663,reliability,3052171,12,6.484608861614432
8,664,358.71830985915494,they,71,8,664,they,418953705,4,8.622166035439204
8,665,339.09859154929575,were,71,8,665,were,457504590,4,8.660395455564592
8,666,335.1666666666667,also,72,8,666,also,248861077,4,8.395956976295276
8,667,311.34722222222223,subject,72,8,667,subject,36611667,7,7.563619503599346
8,668,319.056338028169,to,71,8,668,to,4223327232,2,9.62565473275005
8,669,354.47945205479454,contamination,73,8,669,contamination,1718540,13,6.235159645042988
8,670,370.2191780821918,from,73,8,670,from,708532803,4,8.850359961615387
8,671,341.97222222222223,other,72,8,671,other,281661595,5,8.449727634289163
8,672,311.68055555555554,accounts,72,8,672,accounts,10277652,8,7.011893908441743
8,673,328.09859154929575,the,71,8,673,the,9819942513,3,9.992108945387768
8,674,368.5138888888889,witnesses,72,8,674,witnesses,3142323,9,6.497250824213774
8,675,328.5492957746479,may,71,8,675,may,231873651,3,8.365251400317783
8,676,311.0416666666667,have,72,8,676,have,593092485,4,8.773122421177646
8,677,324.3333333333333,been,72,8,677,been,310806848,4,8.492490579034436
8,678,315.3380281690141,exposed,71,8,678,exposed,6899661,7,6.838827753136369
8,679,317.36619718309856,to.,71,8,679,to,4223327232,3,9.62565473275005
8,680,396.09859154929575,Though,71,8,680,Though,8072543,6,6.907010367050981
8,681,375.76056338028167,there,71,8,681,there,243799443,5,8.38703270906619
8,682,360.0281690140845,had,71,8,682,had,537932901,3,8.730728107371226
8,683,343.30555555555554,always,72,8,683,always,61220587,6,7.786897489417453
8,684,326.7361111111111,been,72,8,684,been,310806848,4,8.492490579034436
8,685,326.93055555555554,skeptics,72,8,685,skeptics,177372,8,5.248885063042196
8,686,321.5416666666667,who,72,8,686,who,294018466,3,8.46837460738514
8,687,319.0416666666667,had,72,8,687,had,537932901,3,8.730728107371226
8,688,312.92957746478874,many,71,8,688,many,138917121,4,8.142755774158092
8,689,348.88732394366195,objections,71,8,689,objections,1844270,10,6.26582450181866
8,690,334.6619718309859,to,71,8,690,to,4223327232,2,9.62565473275005
8,691,311.97222222222223,the,72,8,691,the,9819942513,3,9.992108945387768
8,692,327.8611111111111,plausibility,72,8,692,plausibility,319008,12,5.503801574318279
8,693,328.63380281690144,of,71,8,693,of,6162371881,2,9.789747903165104
8,694,324.98591549295776,these,71,8,694,these,212323984,5,8.326999054601854
8,695,353.04285714285714,"accounts,",70,8,695,accounts,10277652,9,7.011893908441743
8,696,365.4366197183099,it,71,8,696,it,908536386,2,8.958342325064617
8,697,293.23943661971833,was,71,8,697,was,1140172617,3,9.056970606543045
8,698,287.43055555555554,not,72,8,698,not,1006314753,3,9.002733839677335
8,699,298.2191780821918,until,73,8,699,until,54630510,5,7.737435254864791
8,700,296.5416666666667,the,72,8,700,the,9819942513,3,9.992108945387768
8,701,297.85714285714283,mid,70,8,701,mid,9851397,3,6.993497820992157
8,702,307.71014492753625,nineteen,69,8,702,nineteen,1192019,8,6.076283177828206
8,703,385.98571428571427,nineties,70,8,703,nineties,317770,8,5.502112893974412
8,704,352.4428571428571,that,70,8,704,that,1746480437,4,9.24216372530116
8,705,322.85714285714283,a,70,8,705,a,3213754375,1,9.507012680872096
8,706,314.55555555555554,strong,72,8,706,strong,28509360,6,7.45498746804295
8,707,384.59154929577466,counter-argument,71,8,707,counter - argument,26349,16,4.420764137471791
8,708,407.84507042253523,to,71,8,708,to,4223327232,2,9.62565473275005
8,709,332.3333333333333,the,72,8,709,the,9819942513,3,9.992108945387768
8,710,315.34722222222223,presence,72,8,710,presence,21692148,8,7.336302558854144
8,711,319.4246575342466,of,73,8,711,of,6162371881,2,9.789747903165104
8,712,317.8904109589041,aliens,73,8,712,aliens,932099,6,5.969462042043176
8,713,315.0,was,73,8,713,was,1140172617,3,9.056970606543045
8,714,313.05555555555554,widely,72,8,714,widely,9397908,6,6.973031189219823
8,715,350.6478873239437,publicized.,71,8,715,publicized,537211,11,5.730144896756155
8,716,345.8611111111111,The,72,8,716,The,1217211729,3,9.085366128549287
8,717,349.75,General,72,8,717,General,24695243,7,7.392613303955347
8,718,330.43835616438355,Accounting,73,8,718,Accounting,1871888,10,6.2722798601942324
8,719,340.88732394366195,Office,71,8,719,Office,11397775,6,7.056820079447522
8,720,345.972602739726,launched,73,8,720,launched,3287918,8,6.516920977787845
8,721,367.65277777777777,an,72,8,721,an,576832090,2,8.761049412810996
8,722,363.1917808219178,inquiry,73,8,722,inquiry,4046605,7,6.607090813807769
8,723,338.90140845070425,and,71,8,723,and,4873010095,3,9.687797311073117
8,724,310.7361111111111,directed,72,8,724,directed,9211710,8,6.964340257192517
8,725,299.94444444444446,the,72,8,725,the,9819942513,3,9.992108945387768
8,726,319.22222222222223,Office,72,8,726,Office,11397775,6,7.056820079447522
8,727,307.59722222222223,of,72,8,727,of,6162371881,2,9.789747903165104
8,728,301.7916666666667,the,72,8,728,the,9819942513,3,9.992108945387768
8,729,312.55555555555554,Secretary,72,8,729,Secretary,6886403,9,6.837992434510813
8,730,307.22535211267603,of,71,8,730,of,6162371881,2,9.789747903165104
8,731,362.6027397260274,the,73,8,731,the,9819942513,3,9.992108945387768
8,732,335.0,Air,72,8,732,Air,6435710,3,6.808596466092417
8,733,368.54285714285714,Force,70,8,733,Force,4823146,5,6.683330408518329
8,734,331.4788732394366,to,71,8,734,to,4223327232,2,9.62565473275005
8,735,328.9,conduct,70,8,735,conduct,10879535,7,7.036610333666416
8,736,341.0,an,69,8,736,an,576832090,2,8.761049412810996
8,737,305.34285714285716,internal,70,8,737,internal,15832625,8,7.199552925506932
8,738,331.3142857142857,investigation.,70,8,738,investigation,7528688,14,6.8767192997059485
8,739,346.1617647058824,The,68,8,739,The,1217211729,3,9.085366128549287
8,740,346.0422535211268,result,71,8,740,result,45374035,6,7.65680740171069
8,741,318.5072463768116,was,69,8,741,was,1140172617,3,9.056970606543045
8,742,355.22058823529414,summarized,68,8,742,summarized,2331694,10,6.367671555164479
8,743,331.82608695652175,in,69,8,743,in,3271087682,2,9.514692185610274
8,744,311.3768115942029,two,69,8,744,two,201126338,3,8.303468946275931
8,745,303.536231884058,reports.,69,8,745,reports,12649584,8,7.102076243339885
8,746,337.7916666666667,The,72,8,746,The,1217211729,3,9.085366128549287
8,747,319.6666666666667,"first,",72,8,747,first,172429084,6,8.236610521090785
8,748,299.7083333333333,released,72,8,748,released,6391624,8,6.805611218820301
8,749,304.05555555555554,in,72,8,749,in,3271087682,2,9.514692185610274
8,750,306.82191780821915,nineteen,73,8,750,nineteen,1192019,8,6.076283177828206
8,751,398.2857142857143,"ninety-five,",70,8,751,ninety - five,90506,12,4.956677371255107
8,752,434.2112676056338,concluded,71,8,752,concluded,7036244,9,6.847340891333492
8,753,352.7808219178082,that,73,8,753,that,1746480437,4,9.24216372530116
8,754,305.8333333333333,the,72,8,754,the,9819942513,3,9.992108945387768
8,755,303.88732394366195,reported,71,8,755,reported,20995896,8,7.3221344128893024
8,756,340.59154929577466,recovered,71,8,756,recovered,3191950,9,6.504056079766985
8,757,397.40845070422534,material,71,8,757,material,30705891,8,7.48722170392529
8,758,368.28169014084506,in,71,8,758,in,3271087682,2,9.514692185610274
8,759,339.7916666666667,nineteen,72,8,759,nineteen,1192019,8,6.076283177828206
8,760,344.2463768115942,forty-seven,69,8,760,forty - seven,152521,11,5.183329644051529
8,761,361.92857142857144,was,70,8,761,was,1140172617,3,9.056970606543045
8,762,328.2028985507246,likely,69,8,762,likely,31832191,6,7.502866532006552
8,763,362.6478873239437,debris,71,8,763,debris,1484718,6,6.171643973738125
8,764,321.6714285714286,from,70,8,764,from,708532803,4,8.850359961615387
8,765,309.59154929577466,a,71,8,765,a,3213754375,1,9.507012680872096
8,766,334.6142857142857,secret,70,8,766,secret,8933332,6,6.9510134744890495
8,767,359.32394366197184,government,71,8,767,government,59840428,10,7.776994691095935
8,768,343.05797101449275,program,69,8,768,program,33194314,7,7.521063697863402
8,769,337.0,called,70,8,769,called,69300306,6,7.840735152271519
8,770,338.07246376811594,Project,69,8,770,Project,6571982,7,6.817696365275595
8,771,397.3188405797101,"Mogul,",69,8,771,Mogul,92922,6,4.968118548734916
8,772,368.27536231884056,which,69,8,772,which,508000647,5,8.705864265410595
8,773,337.8857142857143,involved,70,8,773,involved,27319869,8,7.436478612552923
8,774,330.3333333333333,high,69,8,774,high,78531970,4,7.895046492007248
8,775,330.3,altitude,70,8,775,altitude,1469111,8,6.1670546105392665
8,776,350.0857142857143,balloons,70,8,776,balloons,406299,8,5.608845753424083
8,777,329.3623188405797,meant,69,8,777,meant,15115492,5,7.179422287763098
8,778,330.5857142857143,to,70,8,778,to,4223327232,2,9.62565473275005
8,779,304.77142857142854,detect,70,8,779,detect,3120683,6,6.494249655130287
8,780,317.4,sound,70,8,780,sound,20852205,5,7.319151985866105
8,781,334.11267605633805,waves,71,8,781,waves,6088299,5,6.78449597274764
8,782,348.8285714285714,generated,70,8,782,generated,8249792,9,6.916442998926773
8,783,338.2957746478873,by,71,8,783,by,877228367,2,8.94311266704604
8,784,320.6619718309859,Soviet,71,8,784,Soviet,14092223,6,7.148979506983175
8,785,322.67605633802816,atomic,71,8,785,atomic,2858556,6,6.456146704597436
8,786,363.4714285714286,bomb,70,8,786,bomb,2396866,4,6.379643754898363
8,787,359.8169014084507,tests,71,8,787,tests,11483917,5,7.060090044972826
8,788,349.9154929577465,and,71,8,788,and,4873010095,3,9.687797311073117
8,789,336.24285714285713,ballistic,70,8,789,ballistic,355028,9,5.550262605916952
8,790,370.92857142857144,missiles.,70,8,790,missiles,1200122,9,6.079225397075645
8,791,368.90140845070425,The,71,8,791,The,1217211729,3,9.085366128549287
8,792,372.2112676056338,second,71,8,792,second,56709426,6,7.753655251477602
8,793,348.92957746478874,"report,",71,8,793,report,23570328,7,7.372365626122072
8,794,341.6521739130435,released,69,8,794,released,6391624,8,6.805611218820301
8,795,328.0571428571429,two,70,8,795,two,201126338,3,8.303468946275931
8,796,323.53521126760563,years,71,8,796,years,114423406,5,8.058514871108287
8,797,316.8142857142857,"later,",70,8,797,later,55784164,6,7.746510928982147
8,798,316.19718309859155,in,71,8,798,in,3271087682,2,9.514692185610274
8,799,314.07142857142856,nineteen,70,8,799,nineteen,1192019,8,6.076283177828206
8,800,356.15714285714284,"ninety-seven,",70,8,800,ninety - seven,37013,13,4.56835428722003
8,801,466.98591549295776,concluded,71,8,801,concluded,7036244,9,6.847340891333492
8,802,362.3333333333333,that,72,8,802,that,1746480437,4,9.24216372530116
8,803,315.27142857142854,reports,70,8,803,reports,12649584,7,7.102076243339885
8,804,360.5774647887324,of,71,8,804,of,6162371881,2,9.789747903165104
8,805,342.3285714285714,recovered,70,8,805,recovered,3191950,9,6.504056079766985
8,806,353.8169014084507,alien,71,8,806,alien,2807606,5,6.4483361618510555
8,807,338.943661971831,bodies,71,8,807,bodies,11262304,6,7.0516272459441325
8,808,347.07042253521126,were,71,8,808,were,457504590,4,8.660395455564592
8,809,326.3,likely,70,8,809,likely,31832191,6,7.502866532006552
8,810,335.48571428571427,a,70,8,810,a,3213754375,1,9.507012680872096
8,811,350.7042253521127,combination,71,8,811,combination,10668310,11,7.028095626940346
8,812,329.35714285714283,of,70,8,812,of,6162371881,2,9.789747903165104
8,813,355.55555555555554,innocently,72,8,813,innocently,279778,10,5.446813561284314
8,814,364.9154929577465,transformed,71,8,814,transformed,4500110,11,6.653223129732929
8,815,402.3188405797101,memories,69,8,815,memories,4520369,8,6.655173887935898
8,816,382.2,of,70,8,816,of,6162371881,2,9.789747903165104
8,817,340.36619718309856,military,71,8,817,military,24266208,8,7.385001915872843
8,818,369.1,accidents,70,8,818,accidents,1947982,9,6.28958493953603
8,819,399.2957746478873,involving,71,8,819,involving,7881037,9,6.896583366442176
8,820,389.056338028169,injured,71,8,820,injured,2922811,7,6.465800733143657
8,821,347.35714285714283,or,70,8,821,or,793525686,2,8.899560989197376
8,822,338.65714285714284,killed,70,8,822,killed,11238786,6,7.050719401804611
8,823,338.82608695652175,"personnel,",69,8,823,personnel,6648831,10,6.822745294193649
8,824,364.5285714285714,innocently,70,8,824,innocently,279778,10,5.446813561284314
8,825,412.11267605633805,transformed,71,8,825,transformed,4500110,11,6.653223129732929
8,826,386.6,memories,70,8,826,memories,4520369,8,6.655173887935898
8,827,401.2676056338028,of,71,8,827,of,6162371881,2,9.789747903165104
8,828,330.53521126760563,the,71,8,828,the,9819942513,3,9.992108945387768
8,829,321.49295774647885,recovery,71,8,829,recovery,6416061,8,6.807268484303143
8,830,336.1857142857143,of,70,8,830,of,6162371881,2,9.789747903165104
8,831,490.6478873239437,anthropomorphic,71,8,831,anthropomorphic,182601,15,5.26150315158433
8,832,528.1739130434783,dummies,69,8,832,dummies,156887,7,5.195586958487057
8,833,401.48571428571427,in,70,8,833,in,3271087682,2,9.514692185610274
8,834,366.35714285714283,military,70,8,834,military,24266208,8,7.385001915872843
8,835,364.12857142857143,programs,70,8,835,programs,20360974,8,7.308798549337987
8,836,373.07142857142856,US,70,8,836,US,595776,2,5.7750830042877155
8,837,413.82608695652175,conducted,69,8,837,conducted,8944308,9,6.951546745864052
8,838,338.7857142857143,in,70,8,838,in,3271087682,2,9.514692185610274
8,839,324.84285714285716,the,70,8,839,the,9819942513,3,9.992108945387768
8,840,326.7323943661972,nineteen,71,8,840,nineteen,1192019,8,6.076283177828206
8,841,373.0285714285714,"fifties,",70,8,841,fifties,716814,8,5.855406478885334
8,842,375.23943661971833,and,71,8,842,and,4873010095,3,9.687797311073117
8,843,344.95714285714286,hoaxes,70,8,843,hoaxes,33648,6,4.526959255342246
8,844,375.6,that,70,8,844,that,1746480437,4,9.24216372530116
8,845,326.0857142857143,various,70,8,845,various,37597647,7,7.5751606660209525
8,846,339.7142857142857,witnesses,70,8,846,witnesses,3142323,9,6.497250824213774
8,847,312.4714285714286,and,70,8,847,and,4873010095,3,9.687797311073117
8,848,302.0869565217391,UFO,69,8,848,UFO,261836,3,5.418029357747562
8,849,331.28169014084506,proponents,71,8,849,proponents,893203,10,5.950950173066281
8,850,407.056338028169,perpetrated.,71,8,850,perpetrated,419028,12,5.622243044062244
8,851,402.9154929577465,The,71,8,851,The,1217211729,3,9.085366128549287
8,852,408.056338028169,psychological,71,8,852,psychological,8707142,13,6.939875627187608
8,853,379.07042253521126,effects,71,8,853,effects,32198969,7,7.507841965957343
8,854,319.76056338028167,of,71,8,854,of,6162371881,2,9.789747903165104
8,855,307.50704225352115,time,71,8,855,time,252986157,4,8.403096757922885
8,856,341.54285714285714,compression,70,8,856,compression,2811014,11,6.448863008577062
8,857,391.9577464788732,and,71,8,857,and,4873010095,3,9.687797311073117
8,858,353.15492957746477,confusion,71,8,858,confusion,5102421,9,6.707776289325458
8,859,377.34285714285716,about,70,8,859,about,265782619,5,8.424526576609713
8,860,316.5211267605634,when,71,8,860,when,249000060,4,8.396199451744996
8,861,336.38028169014086,events,71,8,861,events,23608189,6,7.373062673335707
8,862,324.8142857142857,occurred,70,8,862,occurred,11504759,8,7.0608775255629945
8,863,329.90277777777777,explained,72,8,863,explained,12566891,9,7.09922784820702
8,864,326.94444444444446,the,72,8,864,the,9819942513,3,9.992108945387768
8,865,325.7887323943662,discrepancy,71,8,865,discrepancy,992447,11,5.996707323271789
8,866,345.97222222222223,with,72,8,866,with,1110064802,4,9.0453483322367
8,867,315.2535211267606,the,71,8,867,the,9819942513,3,9.992108945387768
8,868,306.5068493150685,years,73,8,868,years,114423406,5,8.058514871108287
8,869,365.4714285714286,in,70,8,869,in,3271087682,2,9.514692185610274
8,870,353.8888888888889,question.,72,8,870,question,44123698,9,7.644671903443856
8,871,376.84507042253523,In,71,8,871,In,372732694,2,8.57139748827585
8,872,326.5833333333333,January,72,8,872,January,16220794,7,7.210072108899729
8,873,357.59722222222223,nineteen,72,8,873,nineteen,1192019,8,6.076283177828206
8,874,474.59154929577466,"ninety-seven,",71,8,874,ninety - seven,37013,13,4.56835428722003
8,875,434.72222222222223,Karl,72,8,875,Karl,2749584,4,6.439266991949969
8,876,444.3382352941176,"Pflock,",68,8,876,Pflock,1263,7,3.101403350555331
8,877,401.75,one,72,8,877,one,398913374,3,8.600878596743621
8,878,347.38028169014086,of,71,8,878,of,6162371881,2,9.789747903165104
8,879,300.7887323943662,the,71,8,879,the,9819942513,3,9.992108945387768
8,880,299.52777777777777,more,72,8,880,more,329429635,4,8.517762665076773
8,881,330.98571428571427,prominent,70,8,881,prominent,5650674,9,6.7521002526022595
8,882,365.9166666666667,pro-UFO,72,8,882,pro - UFO,220,7,2.342422680822206
8,883,446.36764705882354,"researchers,",68,8,883,researchers,6315379,12,6.800399418655341
8,884,419.1142857142857,"said,",70,8,884,said,171981082,5,8.235480676937357
8,885,352.6478873239437,'Based,71,8,885,Based,4848367,6,6.685595486579495
8,886,351.98571428571427,on,70,8,886,on,993594775,2,8.99720929902148
8,887,308.2676056338028,my,71,8,887,my,230745730,2,8.363133673058314
8,888,308.9154929577465,research,71,8,888,research,44020920,8,7.6436591146995685
8,889,323.8169014084507,and,71,8,889,and,4873010095,3,9.687797311073117
8,890,337.72857142857146,that,70,8,890,that,1746480437,4,9.24216372530116
8,891,322.6714285714286,of,70,8,891,of,6162371881,2,9.789747903165104
8,892,316.1267605633803,"others,",71,8,892,others,56694406,7,7.753540209454042
8,893,327.14285714285717,I'm,70,8,893,I 'm,39638273,3,7.598114724448228
8,894,307.0281690140845,as,71,8,894,as,1139819594,2,9.056836118415085
8,895,327.40845070422534,certain,71,8,895,certain,43746770,7,7.6409459928335
8,896,307.32394366197184,as,71,8,896,as,1139819594,2,9.056836118415085
8,897,307.2957746478873,it's,71,8,897,it 's,27535650,4,7.439895332790476
8,898,333.16901408450707,possible,71,8,898,possible,57560669,8,7.760125832890001
8,899,319.3943661971831,to,71,8,899,to,4223327232,2,9.62565473275005
8,900,306.90140845070425,be,71,8,900,be,964072174,2,8.984109548007202
8,901,328.3380281690141,without,71,8,901,without,84166493,7,7.925139231625479
8,902,356.3857142857143,absolute,70,8,902,absolute,8009591,8,6.903610339932158
8,903,331.1857142857143,"proof,",70,8,903,proof,6786238,6,6.831629086708181
8,904,351.51428571428573,that,70,8,904,that,1746480437,4,9.24216372530116
8,905,308.98591549295776,no,71,8,905,no,236436100,2,8.373713787073193
8,906,325.05555555555554,flying,72,8,906,flying,4200420,6,6.623292717674763
8,907,321.7916666666667,saucer,72,8,907,saucer,268955,6,5.429679622431677
8,908,316.8857142857143,or,70,8,908,or,793525686,2,8.899560989197376
8,909,322.50704225352115,saucers,71,8,909,saucers,131798,7,5.119908820003408
8,910,334.67605633802816,crashed,71,8,910,crashed,751482,7,5.8759185825353075
8,911,327.7042253521127,in,71,8,911,in,3271087682,2,9.514692185610274
8,912,305.7323943661972,the,71,8,912,the,9819942513,3,9.992108945387768
8,913,337.2112676056338,general,71,8,913,general,53481969,7,7.728207387933504
8,914,316.74285714285713,vicinity,70,8,914,vicinity,1638262,8,6.2143833577755565
8,915,320.72857142857146,of,70,8,915,of,6162371881,2,9.789747903165104
8,916,310.4927536231884,Roswell,69,8,916,Roswell,132501,7,5.122219155954661
8,917,334.9,or,70,8,917,or,793525686,2,8.899560989197376
8,918,296.49295774647885,on,71,8,918,on,993594775,2,8.99720929902148
8,919,316.3142857142857,the,70,8,919,the,9819942513,3,9.992108945387768
8,920,296.3521126760563,Plains,71,8,920,Plains,1061092,6,6.025753040225722
8,921,332.0285714285714,of,70,8,921,of,6162371881,2,9.789747903165104
8,922,318.7464788732394,San,71,8,922,San,13788000,3,7.13950127473591
8,923,338.2142857142857,Agustin,70,8,923,Agustin,95773,7,4.981243091503114
8,924,394.4366197183099,in,71,8,924,in,3271087682,2,9.514692185610274
8,925,360.37142857142857,nineteen,70,8,925,nineteen,1192019,8,6.076283177828206
8,926,378.7647058823529,forty-seven.',68,8,926,forty - seven,152521,13,5.183329644051529
8,927,388.61971830985914,He,71,8,927,He,239125461,2,8.378625820294372
8,928,340.056338028169,then,71,8,928,then,161019392,4,8.206878182438311
8,929,309.8285714285714,"added,",70,8,929,added,21322284,6,7.328833723594125
8,930,326.1142857142857,'The,70,8,930,The,1217211729,4,9.085366128549287
8,931,356.14084507042253,debris,71,8,931,debris,1484718,6,6.171643973738125
8,932,312.1470588235294,found,68,8,932,found,84394374,5,7.9263134961257276
8,933,324.3943661971831,was,71,8,933,was,1140172617,3,9.056970606543045
8,934,305.4428571428571,the,70,8,934,the,9819942513,3,9.992108945387768
8,935,309.85915492957747,remains,71,8,935,remains,16274457,7,7.211506507173394
8,936,299.2857142857143,of,70,8,936,of,6162371881,2,9.789747903165104
8,937,292.7887323943662,something,71,8,937,something,56397999,9,7.751263695496204
8,938,316.2,very,70,8,938,very,134366972,4,8.128292530318264
8,939,310.943661971831,"earthly,",71,8,939,earthly,1442442,8,6.159098359376216
8,940,355.7,all,70,8,940,all,374139462,3,8.573033517406971
8,941,348.23943661971833,but,71,8,941,but,422070748,3,8.625385254020305
8,942,356.1714285714286,certainly,70,8,942,certainly,15468602,9,7.18945106540456
8,943,345.3521126760563,something,71,8,943,something,56397999,9,7.751263695496204
8,944,352.2676056338028,from,71,8,944,from,708532803,4,8.850359961615387
8,945,315.27142857142854,the,70,8,945,the,9819942513,3,9.992108945387768
8,946,291.4225352112676,Top,71,8,946,Top,2182108,3,6.338876241505903
8,947,319.46478873239437,Secret,71,8,947,Secret,1524684,6,6.18317984284549
8,948,316.87142857142857,Project,70,8,948,Project,6571982,7,6.817696365275595
8,949,343.0144927536232,Mogul.',69,8,949,Mogul,92922,7,4.968118548734916
8,950,407.77142857142854,Although,70,8,950,Although,34293908,8,7.535216978440321
8,951,371.7391304347826,most,69,8,951,most,165240742,4,8.21811713647268
8,952,327.9142857142857,now,70,8,952,now,112827853,3,8.05241632403567
8,953,335.82608695652175,agree,69,8,953,agree,9151314,5,6.9614834571241175
8,954,322.5285714285714,with,70,8,954,with,1110064802,4,9.0453483322367
8,955,300.3,this,70,8,955,this,599554050,4,8.777828340993896
8,956,320.3188405797101,"conclusion,",69,8,956,conclusion,9296067,11,6.968299245169473
8,957,342.84285714285716,each,70,8,957,each,121902893,4,8.086014012419263
8,958,354.6231884057971,"year,",69,8,958,year,73403129,5,7.865714573246724
8,959,330.7,during,70,8,959,during,83487480,6,7.921621352434573
8,960,327.1014492753623,July,69,8,960,July,18277074,4,7.261906670207098
8,961,326.4,Fourth,70,8,961,Fourth,3129893,6,6.495529490803999
8,962,370.1764705882353,"weekend,",68,8,962,weekend,2489138,8,6.396048974944114
8,963,376.8285714285714,the,70,8,963,the,9819942513,3,9.992108945387768
8,964,312.6714285714286,City,70,8,964,City,18069959,4,7.256957167165583
8,965,314.25714285714287,of,70,8,965,of,6162371881,2,9.789747903165104
8,966,329.4492753623188,Roswell,69,8,966,Roswell,132501,7,5.122219155954661
8,967,314.7971014492754,hosts,69,8,967,hosts,1804151,5,6.256272883384619
8,968,352.9428571428571,the,70,8,968,the,9819942513,3,9.992108945387768
8,969,323.768115942029,Roswell,69,8,969,Roswell,132501,7,5.122219155954661
8,970,302.54285714285714,UFO,70,8,970,UFO,261836,3,5.418029357747562
8,971,322.2647058823529,Festival,68,8,971,Festival,1503065,8,6.176977762044613
8,972,339.3098591549296,celebrating,71,8,972,celebrating,796033,11,5.900931072035199
8,973,345.4507042253521,all,71,8,973,all,374139462,3,8.573033517406971
8,974,315.69444444444446,things,72,8,974,things,56035173,6,7.74846071708923
8,975,333.4861111111111,"UFO,",72,8,975,UFO,261836,4,5.418029357747562
8,976,347.56164383561645,featuring,73,8,976,featuring,979031,9,5.990796443504658
8,977,339.013698630137,prominent,73,8,977,prominent,5650674,9,6.7521002526022595
8,978,407.15714285714284,UFOlogists,70,8,978,UFOlogists,1746,10,3.2420442393695508
8,979,403.7260273972603,and,73,8,979,and,4873010095,3,9.687797311073117
8,980,476.3611111111111,discussions.,72,8,980,discussions,5430402,12,6.734831980586905
9,1,592.1162790697674,Tulip,86,9,1,Tulip,66181,5,4.820733325096436
9,2,495.51807228915663,mania,83,9,2,mania,458023,5,5.660887287004486
9,3,463.9277108433735,was,83,9,3,was,1140172617,3,9.056970606543045
9,4,346.64285714285717,a,84,9,4,a,3213754375,1,9.507012680872096
9,5,343.3614457831325,period,83,9,5,period,46472774,6,7.667198596665146
9,6,350.9166666666667,in,84,9,6,in,3271087682,2,9.514692185610274
9,7,322.07142857142856,the,84,9,7,the,9819942513,3,9.992108945387768
9,8,358.9,Dutch,80,9,8,Dutch,5482640,5,6.738989730263135
9,9,387.7261904761905,Golden,84,9,9,Golden,2616452,6,6.417712771819294
9,10,391.0722891566265,Age,83,9,10,Age,7241100,3,6.859804545153305
9,11,431.81481481481484,during,81,9,11,during,83487480,6,7.921621352434573
9,12,407.1566265060241,which,83,9,12,which,508000647,5,8.705864265410595
9,13,425.5061728395062,contract,81,9,13,contract,13888850,8,7.14266628754248
9,14,449.5243902439024,prices,82,9,14,prices,11346145,6,7.054848329404735
9,15,448.109756097561,for,82,9,15,for,1388290219,3,9.14248026391068
9,16,384.325,bulbs,80,9,16,bulbs,585748,5,5.76771081440012
9,17,366.890243902439,of,82,9,17,of,6162371881,2,9.789747903165104
9,18,329.3703703703704,the,81,9,18,the,9819942513,3,9.992108945387768
9,19,383.7654320987654,recently,81,9,19,recently,11702311,8,7.068271635715317
9,20,406.97435897435895,introduced,78,9,20,introduced,12941807,10,7.11199491894006
9,21,406.7875,tulip,80,9,21,tulip,129215,5,5.111312931918345
9,22,397.4,reached,80,9,22,reached,18512983,7,7.267476402332688
9,23,408.7088607594937,extraordinarily,79,9,23,extraordinarily,777329,15,5.890604870336438
9,24,388.65,high,80,9,24,high,78531970,4,7.895046492007248
9,25,381.37179487179486,levels,78,9,25,levels,27247134,6,7.435320827587182
9,26,373.1794871794872,and,78,9,26,and,4873010095,3,9.687797311073117
9,27,376.5875,then,80,9,27,then,161019392,4,8.206878182438311
9,28,343.875,suddenly,80,9,28,suddenly,10432550,8,7.018390474828468
9,29,413.8101265822785,collapsed.,79,9,29,collapsed,1678325,10,6.224876063786856
9,30,417.525,At,80,9,30,At,58062647,2,7.7638968308633665
9,31,346.27848101265823,the,79,9,31,the,9819942513,3,9.992108945387768
9,32,354.7901234567901,peak,81,9,32,peak,5622753,4,6.749949005954161
9,33,342.2926829268293,of,82,9,33,of,6162371881,2,9.789747903165104
9,34,316.125,tulip,80,9,34,tulip,129215,5,5.111312931918345
9,35,340.5,mania,78,9,35,mania,458023,5,5.660887287004486
9,36,364.4,in,80,9,36,in,3271087682,2,9.514692185610274
9,37,375.54545454545456,February,77,9,37,February,13102292,8,7.117347273967513
9,38,465.55696202531647,sixteen,79,9,38,sixteen,2533345,7,6.4036943375969
9,39,862.1111111111111,"thirty-seven,",72,9,39,thirty - seven,233364,13,5.3680338602473725
9,40,800.1728395061729,tulip,81,9,40,tulip,129215,5,5.111312931918345
9,41,584.2207792207793,contracts,77,9,41,contracts,5247575,9,6.719958654372757
9,42,466.2875,sold,80,9,42,sold,9868687,4,6.994259374899962
9,43,366.53164556962025,for,79,9,43,for,1388290219,3,9.14248026391068
9,44,393.44303797468353,more,79,9,44,more,329429635,4,8.517762665076773
9,45,364.77777777777777,than,81,9,45,than,248883542,4,8.395996178830753
9,46,383.6125,ten,80,9,46,ten,19239259,3,7.284188341173296
9,47,381.3375,times,80,9,47,times,44168985,5,7.64511741931807
9,48,371.65,the,80,9,48,the,9819942513,3,9.992108945387768
9,49,374.9240506329114,annual,79,9,49,annual,10029078,6,7.001261009000721
9,50,346.43589743589746,income,78,9,50,income,24966740,6,7.397361838609252
9,51,348.39240506329116,of,79,9,51,of,6162371881,2,9.789747903165104
9,52,370.46753246753246,a,77,9,52,a,3213754375,1,9.507012680872096
9,53,362.43037974683546,skilled,79,9,53,skilled,3094020,7,6.490523116687707
9,54,429.89473684210526,craftsman.,76,9,54,craftsman,272784,10,5.4358188934203175
9,55,439.20512820512823,It,78,9,55,It,278516683,2,8.444851214295534
9,56,359.3,is,80,9,56,is,1780724214,2,9.250596664206503
9,57,368.6875,generally,80,9,57,generally,25469457,9,7.406019686054409
9,58,410.875,considered,80,9,58,considered,32202519,10,7.507889845143374
9,59,358.34177215189874,the,79,9,59,the,9819942513,3,9.992108945387768
9,60,349.1375,first,80,9,60,first,172429084,5,8.236610521090785
9,61,378.0379746835443,recorded,79,9,61,recorded,8986854,8,6.9536076862205825
9,62,413.95,economic,80,9,62,economic,44242546,8,7.645840111107116
9,63,408.24050632911394,bubble.,79,9,63,bubble,1273305,7,6.10493244446386
9,64,472.1948051948052,The,77,9,64,The,1217211729,3,9.085366128549287
9,65,467.8375,"tulip,",80,9,65,tulip,129215,6,5.111312931918345
9,66,465.2564102564103,introduced,78,9,66,introduced,12941807,10,7.11199491894006
9,67,372.9875,to,80,9,67,to,4223327232,2,9.62565473275005
9,68,351.4,Europe,80,9,68,Europe,22628420,6,7.354654230965915
9,69,358.60759493670884,in,79,9,69,in,3271087682,2,9.514692185610274
9,70,337.1875,the,80,9,70,the,9819942513,3,9.992108945387768
9,71,359.4375,mid,80,9,71,mid,9851397,3,6.993497820992157
9,72,388.126582278481,sixteenth,79,9,72,sixteenth,2124550,9,6.327266956403915
9,73,455.31168831168833,century,77,9,73,century,42601730,7,7.629427235586245
9,74,410.37974683544303,from,79,9,74,from,708532803,4,8.850359961615387
9,75,406.1375,the,80,9,75,the,9819942513,3,9.992108945387768
9,76,415.9113924050633,Ottoman,79,9,76,Ottoman,1673536,7,6.223635059050047
9,77,423.94871794871796,"Empire,",78,9,77,Empire,5018515,7,6.700575226564425
9,78,414.7848101265823,became,79,9,78,became,41999262,6,7.6232416591563865
9,79,404.0375,very,80,9,79,very,134366972,4,8.128292530318264
9,80,363.7875,popular,80,9,80,popular,17347904,7,7.2392470101803434
9,81,374.65384615384613,in,78,9,81,in,3271087682,2,9.514692185610274
9,82,324.7974683544304,the,79,9,82,the,9819942513,3,9.992108945387768
9,83,327.1625,United,80,9,83,United,54810382,6,7.738862828890554
9,84,394.0875,"Provinces,",80,9,84,Provinces,508113,10,5.705960306415984
9,85,536.2051282051282,which,78,9,85,which,508000647,5,8.705864265410595
9,86,359.55,we,80,9,86,we,340770885,2,8.532462482151033
9,87,331.175,now,80,9,87,now,112827853,3,8.05241632403567
9,88,337.8125,know,80,9,88,know,103090059,4,8.013216788177813
9,89,338.62025316455697,as,79,9,89,as,1139819594,2,9.056836118415085
9,90,331.9875,the,80,9,90,the,9819942513,3,9.992108945387768
9,91,399.45569620253167,Netherlands.,79,9,91,Netherlands,3792211,12,6.578892493641319
9,92,520.3552631578947,Tulip,76,9,92,Tulip,66181,5,4.820733325096436
9,93,527.0875,cultivation,80,9,93,cultivation,2342402,11,6.369661430189685
9,94,418.8625,in,80,9,94,in,3271087682,2,9.514692185610274
9,95,348.41975308641975,the,81,9,95,the,9819942513,3,9.992108945387768
9,96,341.3625,United,80,9,96,United,54810382,6,7.738862828890554
9,97,390.925,Provinces,80,9,97,Provinces,508113,9,5.705960306415984
9,98,373.5,is,78,9,98,is,1780724214,2,9.250596664206503
9,99,364.6125,generally,80,9,99,generally,25469457,9,7.406019686054409
9,100,371.2875,thought,80,9,100,thought,64294078,7,7.808170972763039
9,101,342.35,to,80,9,101,to,4223327232,2,9.62565473275005
9,102,328.875,have,80,9,102,have,593092485,4,8.773122421177646
9,103,336.05128205128204,started,78,9,103,started,22218842,7,7.34672142066627
9,104,347.375,in,80,9,104,in,3271087682,2,9.514692185610274
9,105,405.325,earnest,80,9,105,earnest,1460895,7,6.164619002683568
9,106,393.3625,around,80,9,106,around,66671286,6,7.823938832166472
9,107,384.71794871794873,fifteen,78,9,107,fifteen,5611227,7,6.749057838272742
9,108,639.7179487179487,"ninety-three,",78,9,108,ninety - three,45012,13,4.653328310198347
9,109,526.2658227848101,after,79,9,109,after,131123106,5,8.117679228105795
9,110,438.825,the,80,9,110,the,9819942513,3,9.992108945387768
9,111,398.0,Flemish,79,9,111,Flemish,424825,7,5.628210066083242
9,112,455.9493670886076,botanist,79,9,112,botanist,172175,8,5.235970091657358
9,113,451.3246753246753,Charles,77,9,113,Charles,14871871,7,7.172365609669225
9,114,406.4567901234568,de,81,9,114,de,75082133,2,7.875536601948396
9,115,502.1578947368421,l'Ecluse,76,9,115,l'Ecluse,0,8,0.0
9,116,467.4177215189873,had,79,9,116,had,537932901,3,8.730728107371226
9,117,380.2125,taken,80,9,117,taken,43883248,5,7.642298764214293
9,118,341.0632911392405,up,79,9,118,up,232348461,2,8.366139800200205
9,119,332.3,a,80,9,119,a,3213754375,1,9.507012680872096
9,120,380.725,post,80,9,120,post,15719371,4,7.196435164051072
9,121,324.675,at,80,9,121,at,654432238,2,8.815864684979672
9,122,311.59493670886076,the,79,9,122,the,9819942513,3,9.992108945387768
9,123,357.1111111111111,University,81,9,123,University,67931680,10,7.832072355142877
9,124,354.1375,of,80,9,124,of,6162371881,2,9.789747903165104
9,125,364.05194805194805,Leiden,77,9,125,Leiden,841040,6,5.924816651405721
9,126,382.1645569620253,and,79,9,126,and,4873010095,3,9.687797311073117
9,127,391.775,established,80,9,127,established,24167734,11,7.383235932268207
9,128,337.15,a,80,9,128,a,3213754375,1,9.507012680872096
9,129,363.62025316455697,botanical,79,9,129,botanical,395559,9,5.597211270294877
9,130,401.94871794871796,"garden,",78,9,130,garden,7558249,7,6.878421195274128
9,131,432.11392405063293,which,79,9,131,which,508000647,5,8.705864265410595
9,132,340.7,is,80,9,132,is,1780724214,2,9.250596664206503
9,133,343.55,famous,80,9,133,famous,9360112,6,6.971281045393122
9,134,347.6875,as,80,9,134,as,1139819594,2,9.056836118415085
9,135,323.63291139240505,one,79,9,135,one,398913374,3,8.600878596743621
9,136,319.975,of,80,9,136,of,6162371881,2,9.789747903165104
9,137,325.8375,the,80,9,137,the,9819942513,3,9.992108945387768
9,138,306.253164556962,oldest,79,9,138,oldest,2682488,6,6.42853778784379
9,139,325.15,in,80,9,139,in,3271087682,2,9.514692185610274
9,140,325.0375,the,80,9,140,the,9819942513,3,9.992108945387768
9,141,348.61538461538464,world.,78,9,141,world,90456522,6,7.956439885363845
9,142,395.126582278481,"There,",79,9,142,There,98749156,6,7.994533392439164
9,143,364.3375,he,80,9,143,he,602878183,2,8.780229567869084
9,144,361.7564102564103,planted,78,9,144,planted,2442760,7,6.387880799844581
9,145,306.2625,his,80,9,145,his,632876249,3,8.80131879748875
9,146,317.5375,collection,80,9,146,collection,13163156,10,7.119360028264269
9,147,307.1898734177215,of,79,9,147,of,6162371881,2,9.789747903165104
9,148,320.4,tulip,80,9,148,tulip,129215,5,5.111312931918345
9,149,326.45,bulbs,80,9,149,bulbs,585748,5,5.76771081440012
9,150,346.8205128205128,that,78,9,150,that,1746480437,4,9.24216372530116
9,151,321.625,the,80,9,151,the,9819942513,3,9.992108945387768
9,152,330.525,Emperor's,80,9,152,Emperor 's,226486,9,5.35504136171017
9,153,399.5897435897436,ambassador,78,9,153,ambassador,1273218,10,6.1049027697898515
9,154,420.36708860759495,sent,79,9,154,sent,21109114,4,7.324470005312108
9,155,341.075,to,80,9,155,to,4223327232,2,9.62565473275005
9,156,333.7721518987342,him,79,9,156,him,230330497,3,8.362351444703018
9,157,326.9113924050633,from,79,9,157,from,708532803,4,8.850359961615387
9,158,375.2307692307692,"Turkey,",78,9,158,Turkey,3070631,7,6.487227630089309
9,159,421.1794871794872,which,78,9,159,which,508000647,5,8.705864265410595
9,160,350.9873417721519,were,79,9,160,were,457504590,4,8.660395455564592
9,161,323.425,able,80,9,161,able,42495598,4,7.628343945030945
9,162,344.3333333333333,to,81,9,162,to,4223327232,2,9.62565473275005
9,163,347.8625,tolerate,80,9,163,tolerate,1437942,8,6.157741368948151
9,164,334.6835443037975,the,79,9,164,the,9819942513,3,9.992108945387768
9,165,336.9125,harsher,80,9,165,harsher,211491,7,5.325291890701594
9,166,355.87179487179486,conditions,78,9,166,conditions,35531542,10,7.550614055436399
9,167,320.5875,of,80,9,167,of,6162371881,2,9.789747903165104
9,168,311.325,the,80,9,168,the,9819942513,3,9.992108945387768
9,169,331.25,northern,80,9,169,northern,7347097,8,6.866115773652279
9,170,351.09090909090907,climate.,77,9,170,climate,5928810,8,6.77296753277476
9,171,391.6625,It,80,9,171,It,278516683,2,8.444851214295534
9,172,347.1875,was,80,9,172,was,1140172617,3,9.056970606543045
9,173,340.8333333333333,shortly,78,9,173,shortly,3500842,7,6.54417251062891
9,174,358.1392405063291,thereafter,79,9,174,thereafter,2309442,10,6.363507059721232
9,175,351.06410256410254,that,78,9,175,that,1746480437,4,9.24216372530116
9,176,359.63291139240505,the,79,9,176,the,9819942513,3,9.992108945387768
9,177,335.45569620253167,tulips,79,9,177,tulips,135025,6,5.1304141859532315
9,178,362.3333333333333,began,78,9,178,began,38623128,5,7.586847443398012
9,179,313.9873417721519,to,79,9,179,to,4223327232,2,9.62565473275005
9,180,311.85897435897436,grow,78,9,180,grow,9734379,4,6.988308251133331
9,181,332.43037974683546,in,79,9,181,in,3271087682,2,9.514692185610274
9,182,381.0632911392405,popularity.,79,9,182,popularity,2530366,11,6.403183343422531
9,183,393.8076923076923,The,78,9,183,The,1217211729,3,9.085366128549287
9,184,342.7974683544304,flower,79,9,184,flower,3495072,6,6.543456126828658
9,185,334.62025316455697,rapidly,79,9,185,rapidly,8534482,7,6.931177166766676
9,186,343.9493670886076,became,79,9,186,became,41999262,6,7.6232416591563865
9,187,321.30379746835445,a,79,9,187,a,3213754375,1,9.507012680872096
9,188,329.0632911392405,coveted,79,9,188,coveted,349403,7,5.543326629547463
9,189,346.2692307692308,luxury,78,9,189,luxury,1972412,6,6.294997636080724
9,190,382.44303797468353,item,79,9,190,item,7431579,4,6.871081098838696
9,191,337.17721518987344,and,79,9,191,and,4873010095,3,9.687797311073117
9,192,330.5189873417722,a,79,9,192,a,3213754375,1,9.507012680872096
9,193,333.0759493670886,status,79,9,193,status,21483011,6,7.332095150819029
9,194,331.5974025974026,"symbol,",77,9,194,symbol,5637294,7,6.751070685032735
9,195,326.82278481012656,and,79,9,195,and,4873010095,3,9.687797311073117
9,196,314.6923076923077,a,78,9,196,a,3213754375,1,9.507012680872096
9,197,326.60759493670884,profusion,79,9,197,profusion,317960,9,5.502372488311689
9,198,353.7974683544304,of,79,9,198,of,6162371881,2,9.789747903165104
9,199,343.5822784810127,varieties,79,9,199,varieties,2601452,9,6.415215817036803
9,200,377.12820512820514,followed.,78,9,200,followed,23689125,9,7.374549019579257
9,201,401.7435897435897,They,78,9,201,They,113155335,4,8.053675034706483
9,202,322.1898734177215,were,79,9,202,were,457504590,4,8.660395455564592
9,203,330.40506329113924,classified,79,9,203,classified,3872694,10,6.588013182666015
9,204,317.67088607594934,in,79,9,204,in,3271087682,2,9.514692185610274
9,205,340.7974683544304,groups:,79,9,205,groups,39349366,7,7.594937739365485
9,206,440.4805194805195,one-colored,77,9,206,one - colored,216,11,2.3344537511509307
9,207,484.37974683544303,tulips,79,9,207,tulips,135025,6,5.1304141859532315
9,208,427.97435897435895,of,78,9,208,of,6162371881,2,9.789747903165104
9,209,409.67088607594934,"red,",79,9,209,red,19233374,4,7.284055476700727
9,210,425.59493670886076,"yellow,",79,9,210,yellow,7043215,7,6.847770945795206
9,211,383.26582278481015,or,79,9,211,or,793525686,2,8.899560989197376
9,212,438.1818181818182,white,77,9,212,white,37948322,5,7.579192577010096
9,213,401.9102564102564,were,78,9,213,were,457504590,4,8.660395455564592
9,214,347.3333333333333,known,78,9,214,known,48608768,5,7.686714613924117
9,215,324.70512820512823,as,78,9,215,as,1139819594,2,9.056836118415085
9,216,561.6578947368421,"Couleren,",76,9,216,Couleren,0,9,0.0
9,217,534.6315789473684,but,76,9,217,but,422070748,3,8.625385254020305
9,218,357.0769230769231,it,78,9,218,it,908536386,2,8.958342325064617
9,219,323.78205128205127,was,78,9,219,was,1140172617,3,9.056970606543045
9,220,321.79487179487177,the,78,9,220,the,9819942513,3,9.992108945387768
9,221,388.40506329113924,multicolored,79,9,221,multicolored,126337,12,5.1015305599185305
9,222,406.5064935064935,Rosen,77,9,222,Rosen,688459,5,5.83787808169686
9,223,486.7922077922078,(red,77,9,223,red,19233374,4,7.284055476700727
9,224,396.0759493670886,or,79,9,224,or,793525686,2,8.899560989197376
9,225,381.11538461538464,pink,78,9,225,pink,3093807,4,6.4904932177507515
9,226,375.15384615384613,on,78,9,226,on,993594775,2,8.99720929902148
9,227,387.75949367088606,white,79,9,227,white,37948322,5,7.579192577010096
9,228,494.35064935064935,"background),",77,9,228,background,11241036,12,7.050806338666259
9,229,569.2467532467532,Violetten,77,9,229,Violetten,75,9,1.8750612633917
9,230,533.7051282051282,(purple,78,9,230,purple,2069060,7,6.315773084813193
9,231,366.46835443037975,or,79,9,231,or,793525686,2,8.899560989197376
9,232,345.85897435897436,lilac,78,9,232,lilac,185440,5,5.268203418619521
9,233,345.6923076923077,on,78,9,233,on,993594775,2,8.99720929902148
9,234,376.45569620253167,white,79,9,234,white,37948322,5,7.579192577010096
9,235,430.4025974025974,"background),",77,9,235,background,11241036,12,7.050806338666259
9,236,400.40506329113924,"and,",79,9,236,and,4873010095,4,9.687797311073117
9,237,334.575,to,80,9,237,to,4223327232,2,9.62565473275005
9,238,368.0126582278481,a,79,9,238,a,3213754375,1,9.507012680872096
9,239,350.54430379746833,lesser,79,9,239,lesser,3073483,6,6.487630815300829
9,240,320.36708860759495,"extent,",79,9,240,extent,18293383,7,7.262294027093281
9,241,329.46835443037975,the,79,9,241,the,9819942513,3,9.992108945387768
9,242,382.9871794871795,Bizarden,78,9,242,Bizarden,0,8,0.0
9,243,468.82278481012656,"(red,",79,9,243,red,19233374,5,7.284055476700727
9,244,409.50632911392404,brown,79,9,244,brown,6959858,5,6.842600378914364
9,245,377.7974683544304,or,79,9,245,or,793525686,2,8.899560989197376
9,246,371.62820512820514,purple,78,9,246,purple,2069060,6,6.315773084813193
9,247,355.52564102564105,on,78,9,247,on,993594775,2,8.99720929902148
9,248,347.85,yellow,80,9,248,yellow,7043215,6,6.847770945795206
9,249,412.47435897435895,background),78,9,249,background,11241036,11,7.050806338666259
9,250,396.93589743589746,that,78,9,250,that,1746480437,4,9.24216372530116
9,251,345.3544303797468,were,79,9,251,were,457504590,4,8.660395455564592
9,252,313.0506329113924,the,79,9,252,the,9819942513,3,9.992108945387768
9,253,313.72151898734177,most,79,9,253,most,165240742,4,8.21811713647268
9,254,356.8101265822785,popular.,79,9,254,popular,17347904,8,7.2392470101803434
9,255,350.47435897435895,These,78,9,255,These,64499820,5,7.809558502648976
9,256,399.7692307692308,spectacular,78,9,256,spectacular,1654557,11,6.218681733332716
9,257,387.30379746835445,and,79,9,257,and,4873010095,3,9.687797311073117
9,258,362.1794871794872,highly,78,9,258,highly,17644939,6,7.246620161306972
9,259,362.126582278481,sought-after,79,9,259,sought - after,96266,12,4.983472926588011
9,260,383.0769230769231,tulip,78,9,260,tulip,129215,5,5.111312931918345
9,261,351.8607594936709,bulbs,79,9,261,bulbs,585748,5,5.76771081440012
9,262,356.1898734177215,would,79,9,262,would,319551796,5,8.504541262788026
9,263,354.0506329113924,grow,79,9,263,grow,9734379,4,6.988308251133331
9,264,348.3544303797468,flowers,79,9,264,flowers,6659621,7,6.823449514111414
9,265,354.61538461538464,with,78,9,265,with,1110064802,4,9.0453483322367
9,266,358.2278481012658,vivid,79,9,266,vivid,1761625,5,6.245913464936604
9,267,384.5128205128205,"colors,",78,9,267,colors,4789634,7,6.680302328058953
9,268,383.9746835443038,"lines,",79,9,268,lines,22517508,6,7.352520325711575
9,269,366.28205128205127,and,78,9,269,and,4873010095,3,9.687797311073117
9,270,399.11392405063293,flames,79,9,270,flames,1627160,6,6.21143025957523
9,271,334.2911392405063,on,79,9,271,on,993594775,2,8.99720929902148
9,272,321.0379746835443,the,79,9,272,the,9819942513,3,9.992108945387768
9,273,362.72151898734177,"petals,",79,9,273,petals,625141,7,5.795977983129068
9,274,354.2857142857143,as,77,9,274,as,1139819594,2,9.056836118415085
9,275,323.32911392405066,a,79,9,275,a,3213754375,1,9.507012680872096
9,276,317.126582278481,"result,",79,9,276,result,45374035,7,7.65680740171069
9,277,330.59493670886076,it,79,9,277,it,908536386,2,8.958342325064617
9,278,307.82278481012656,is,79,9,278,is,1780724214,2,9.250596664206503
9,279,296.5128205128205,now,78,9,279,now,112827853,3,8.05241632403567
9,280,332.78205128205127,"understood,",78,9,280,understood,13568850,11,7.132543041483021
9,281,337.4177215189873,of,79,9,281,of,6162371881,2,9.789747903165104
9,282,351.73417721518985,being,79,9,282,being,117515747,5,8.070096065560838
9,283,346.375,infected,80,9,283,infected,2850883,8,6.454979394265953
9,284,386.35,with,80,9,284,with,1110064802,4,9.0453483322367
9,285,440.0,tulip-specific,78,9,285,tulip - specific,0,14,0.0
9,286,452.7875,virus,80,9,286,virus,4900008,5,6.69019678908015
9,287,401.8987341772152,known,79,9,287,known,48608768,5,7.686714613924117
9,288,346.3205128205128,as,78,9,288,as,1139819594,2,9.056836118415085
9,289,345.3333333333333,the,78,9,289,the,9819942513,3,9.992108945387768
9,290,390.63157894736844,'Tulip,76,9,290,Tulip,66181,6,4.820733325096436
9,291,406.44736842105266,breaking,76,9,291,breaking,4739864,8,6.675765880725375
9,292,446.42105263157896,virus'.,76,9,292,virus,4900008,7,6.69019678908015
9,293,419.45454545454544,The,77,9,293,The,1217211729,3,9.085366128549287
9,294,361.87179487179486,Dutch,78,9,294,Dutch,5482640,5,6.738989730263135
9,295,350.126582278481,Golden,79,9,295,Golden,2616452,6,6.417712771819294
9,296,349.425,Age,80,9,296,Age,7241100,3,6.859804545153305
9,297,359.34615384615387,growers,78,9,297,growers,568212,7,5.754510401296018
9,298,387.69620253164555,named,79,9,298,named,12183636,5,7.085776915479591
9,299,364.75949367088606,their,79,9,299,their,438887121,5,8.642352836801459
9,300,348.8101265822785,new,79,9,300,new,140488451,3,8.147640624076509
9,301,354.36708860759495,varieties,79,9,301,varieties,2601452,9,6.415215817036803
9,302,340.32911392405066,with,79,9,302,with,1110064802,4,9.0453483322367
9,303,367.47435897435895,exalted,78,9,303,exalted,788626,7,5.896871091112035
9,304,392.0,titles.,79,9,304,titles,3360521,7,6.526406613664971
9,305,370.2692307692308,Many,78,9,305,Many,22254744,4,7.34742260288604
9,306,347.15584415584414,early,77,9,306,early,54812804,5,7.738882019378876
9,307,369.0769230769231,forms,78,9,307,forms,27463164,5,7.438750570358239
9,308,338.93589743589746,were,78,9,308,were,457504590,4,8.660395455564592
9,309,337.0,prefixed,77,9,309,prefixed,141564,8,5.150952825464381
9,310,375.8076923076923,with,78,9,310,with,1110064802,4,9.0453483322367
9,311,431.7894736842105,"'admiral',",76,9,311,admiral,480886,10,5.68204213367341
9,312,419.62820512820514,often,78,9,312,often,74180388,5,7.870289100572778
9,313,390.3333333333333,combined,78,9,313,combined,9485910,8,6.977078999855301
9,314,343.88461538461536,with,78,9,314,with,1110064802,4,9.0453483322367
9,315,341.3376623376623,the,77,9,315,the,9819942513,3,9.992108945387768
9,316,353.7368421052632,growers',76,9,316,growers,568212,8,5.754510401296018
9,317,380.30263157894734,names.,76,9,317,names,14771585,6,7.169427097872677
9,318,438.3333333333333,'General',75,9,318,General,24695243,9,7.392613303955347
9,319,412.97402597402595,was,77,9,319,was,1140172617,3,9.056970606543045
9,320,373.53333333333336,another,75,9,320,another,83344110,7,7.9208749132835905
9,321,359.2077922077922,prefix,77,9,321,prefix,704422,6,5.847832911079171
9,322,363.57142857142856,that,77,9,322,that,1746480437,4,9.24216372530116
9,323,338.6233766233766,found,77,9,323,found,84394374,5,7.9263134961257276
9,324,324.9736842105263,its,76,9,324,its,259806050,3,8.414649260097374
9,325,336.0,way,77,9,325,way,133443039,3,8.125295923925421
9,326,311.19736842105266,into,76,9,326,into,254637739,4,8.40592276940739
9,327,295.4935064935065,the,77,9,327,the,9819942513,3,9.992108945387768
9,328,309.4736842105263,names,76,9,328,names,14771585,5,7.169427097872677
9,329,303.7142857142857,of,77,9,329,of,6162371881,2,9.789747903165104
9,330,302.94805194805195,around,77,9,330,around,66671286,6,7.823938832166472
9,331,347.5974025974026,thirty,77,9,331,thirty,10504687,6,7.021383116599375
9,332,394.7368421052632,varieties.,76,9,332,varieties,2601452,10,6.415215817036803
9,333,463.92,Later,75,9,333,Later,5989547,5,6.77739397717398
9,334,357.36,came,75,9,334,came,61302439,4,7.787477753852336
9,335,359.05263157894734,varieties,76,9,335,varieties,2601452,9,6.415215817036803
9,336,352.0128205128205,with,78,9,336,with,1110064802,4,9.0453483322367
9,337,357.76623376623377,even,77,9,337,even,130943090,4,8.117082585204544
9,338,328.8961038961039,more,77,9,338,more,329429635,4,8.517762665076773
9,339,320.06493506493507,superb,77,9,339,superb,939505,6,5.972899095736844
9,340,342.1168831168831,"names,",77,9,340,names,14771585,6,7.169427097872677
9,341,343.0263157894737,such,76,9,341,such,209032143,4,8.320213072973228
9,342,313.1948051948052,as,77,9,342,as,1139819594,2,9.056836118415085
9,343,337.038961038961,even,77,9,343,even,130943090,4,8.117082585204544
9,344,460.2207792207792,'Admiral,77,9,344,Admiral,1584602,8,6.19992019973421
9,345,426.0921052631579,of,76,9,345,of,6162371881,2,9.789747903165104
9,346,453.84,Admirals',75,9,346,Admirals,36839,9,4.566307832698092
9,347,408.54545454545456,and,77,9,347,and,4873010095,3,9.687797311073117
9,348,371.4415584415584,'General,77,9,348,General,24695243,8,7.392613303955347
9,349,354.57142857142856,of,77,9,349,of,6162371881,2,9.789747903165104
9,350,349.1578947368421,Generals'.,76,9,350,Generals,281641,10,5.44969587766337
9,351,369.54545454545456,Most,77,9,351,Most,21591288,4,7.334278550375364
9,352,366.46753246753246,of,77,9,352,of,6162371881,2,9.789747903165104
9,353,316.3636363636364,these,77,9,353,these,212323984,5,8.326999054601854
9,354,343.57142857142856,varieties,77,9,354,varieties,2601452,9,6.415215817036803
9,355,327.83116883116884,have,77,9,355,have,593092485,4,8.773122421177646
9,356,329.7402597402597,now,77,9,356,now,112827853,3,8.05241632403567
9,357,300.48,died,75,9,357,died,16249807,4,7.210848207202107
9,358,315.02597402597405,"out,",77,9,358,out,242417228,4,8.384563480838569
9,359,344.2597402597403,though,77,9,359,though,52696046,6,7.721778029542639
9,360,364.76623376623377,similar,77,9,360,similar,35543195,7,7.550756464226261
9,361,362.64,'broken',75,9,361,broken,9395520,8,6.972920821358422
9,362,406.4266666666667,tulips,75,9,362,tulips,135025,6,5.1304141859532315
9,363,411.6233766233766,continue,77,9,363,continue,17083687,8,7.232581605870093
9,364,342.2631578947368,in,76,9,364,in,3271087682,2,9.514692185610274
9,365,333.71794871794873,the,78,9,365,the,9819942513,3,9.992108945387768
9,366,342.75,trade.,76,9,366,trade,26244446,6,7.4190374095795875
9,367,364.24,Tulips,75,9,367,Tulips,23099,6,4.36359317885827
9,368,331.2077922077922,grow,77,9,368,grow,9734379,4,6.988308251133331
9,369,355.46753246753246,from,77,9,369,from,708532803,4,8.850359961615387
9,370,336.84415584415586,"bulbs,",77,9,370,bulbs,585748,6,5.76771081440012
9,371,356.82894736842104,and,76,9,371,and,4873010095,3,9.687797311073117
9,372,342.961038961039,can,77,9,372,can,416290431,3,8.619396428153989
9,373,303.90909090909093,be,77,9,373,be,964072174,2,8.984109548007202
9,374,349.961038961039,propagated,77,9,374,propagated,508873,10,5.706609408503308
9,375,392.7894736842105,through,76,9,375,through,147254130,7,8.168067484179392
9,376,351.27272727272725,both,77,9,376,both,116011743,4,8.064501951830184
9,377,349.2763157894737,seeds,76,9,377,seeds,3806247,5,6.580496967675746
9,378,325.44,and,75,9,378,and,4873010095,3,9.687797311073117
9,379,363.90410958904107,buds.,73,9,379,buds,653126,5,5.814996972739128
9,380,494.80263157894734,Seeds,76,9,380,Seeds,335527,5,5.525727473772381
9,381,431.94736842105266,from,76,9,381,from,708532803,4,8.850359961615387
9,382,343.14666666666665,a,75,9,382,a,3213754375,1,9.507012680872096
9,383,347.4736842105263,tulip,76,9,383,tulip,129215,5,5.111312931918345
9,384,350.35526315789474,will,76,9,384,will,314222543,4,8.497237339040392
9,385,379.30263157894734,form,76,9,385,form,68619504,4,7.8364475745356375
9,386,314.2133333333333,a,75,9,386,a,3213754375,1,9.507012680872096
9,387,331.8831168831169,flowering,77,9,387,flowering,1005504,9,6.002383802605036
9,388,337.57142857142856,bulb,77,9,388,bulb,920990,4,5.964254914704561
9,389,397.68831168831167,after,77,9,389,after,131123106,5,8.117679228105795
9,390,584.9864864864865,seven-twelve,74,9,390,seven - twelve,188,12,2.27415784926368
9,391,873.1142857142858,years.,70,9,391,years,114423406,6,8.058514871108287
9,392,597.7466666666667,When,75,9,392,When,89217452,4,7.950449815877786
9,393,424.92,a,75,9,393,a,3213754375,1,9.507012680872096
9,394,380.7894736842105,bulb,76,9,394,bulb,920990,4,5.964254914704561
9,395,372.8181818181818,grows,77,9,395,grows,2907217,5,6.463477449515626
9,396,344.2857142857143,into,77,9,396,into,254637739,4,8.40592276940739
9,397,327.72727272727275,the,77,9,397,the,9819942513,3,9.992108945387768
9,398,363.7012987012987,"flower,",77,9,398,flower,3495072,7,6.543456126828658
9,399,393.0131578947368,the,76,9,399,the,9819942513,3,9.992108945387768
9,400,372.2207792207792,original,77,9,400,original,22804125,8,7.358013412908373
9,401,357.0263157894737,bulb,76,9,401,bulb,920990,4,5.964254914704561
9,402,336.7894736842105,will,76,9,402,will,314222543,4,8.497237339040392
9,403,407.2236842105263,"disappear,",76,9,403,disappear,2425438,10,6.3847901774976314
9,404,402.11842105263156,but,76,9,404,but,422070748,3,8.625385254020305
9,405,382.32894736842104,a,76,9,405,a,3213754375,1,9.507012680872096
9,406,346.60526315789474,clone,76,9,406,clone,517684,5,5.714064742499548
9,407,380.6753246753247,bulb,77,9,407,bulb,920990,4,5.964254914704561
9,408,357.4805194805195,forms,77,9,408,forms,27463164,5,7.438750570358239
9,409,354.5921052631579,in,76,9,409,in,3271087682,2,9.514692185610274
9,410,347.4415584415584,its,77,9,410,its,259806050,3,8.414649260097374
9,411,357.0657894736842,"place,",76,9,411,place,78015798,6,7.892182555120126
9,412,363.72727272727275,as,77,9,412,as,1139819594,2,9.056836118415085
9,413,353.06493506493507,do,77,9,413,do,256960172,2,8.409865814299964
9,414,359.2077922077922,several,77,9,414,several,51680241,7,7.713324530233276
9,415,352.8181818181818,buds.,77,9,415,buds,653126,5,5.814996972739128
9,416,517.0933333333334,Properly,75,9,416,Properly,159761,8,5.203470770272277
9,417,448.14285714285717,"cultivated,",77,9,417,cultivated,2025870,11,6.306611573258185
9,418,410.13157894736844,these,76,9,418,these,212323984,5,8.326999054601854
9,419,337.7012987012987,buds,77,9,419,buds,653126,4,5.814996972739128
9,420,361.9736842105263,will,76,9,420,will,314222543,4,8.497237339040392
9,421,318.2631578947368,become,76,9,421,become,55719054,6,7.746003734347986
9,422,330.03846153846155,bulbs,78,9,422,bulbs,585748,5,5.76771081440012
9,423,353.84415584415586,of,77,9,423,of,6162371881,2,9.789747903165104
9,424,336.4155844155844,their,77,9,424,their,438887121,5,8.642352836801459
9,425,406.0394736842105,own.,76,9,425,own,109739389,4,8.04036253782956
9,426,423.10526315789474,The,76,9,426,The,1217211729,3,9.085366128549287
9,427,385.52564102564105,'tulip,78,9,427,tulip,129215,6,5.111312931918345
9,428,365.93589743589746,breaking',78,9,428,breaking,4739864,9,6.675765880725375
9,429,398.5584415584416,"virus,",77,9,429,virus,4900008,6,6.69019678908015
9,430,387.92105263157896,which,76,9,430,which,508000647,5,8.705864265410595
9,431,357.83116883116884,many,77,9,431,many,138917121,4,8.142755774158092
9,432,353.38157894736844,botanists,76,9,432,botanists,102383,9,5.010227850984466
9,433,355.2763157894737,have,76,9,433,have,593092485,4,8.773122421177646
9,434,338.72,"studied,",75,9,434,studied,10141743,8,7.006112600976592
9,435,412.0,spreads,76,9,435,spreads,924662,7,5.965983010187002
9,436,344.57894736842104,only,76,9,436,only,224965302,4,8.352115538946988
9,437,351.2857142857143,through,77,9,437,through,147254130,7,8.168067484179392
9,438,356.31168831168833,"buds,",77,9,438,buds,653126,5,5.814996972739128
9,439,408.4868421052632,not,76,9,439,not,1006314753,3,9.002733839677335
9,440,424.5394736842105,"seeds,",76,9,440,seeds,3806247,6,6.580496967675746
9,441,378.9866666666667,and,75,9,441,and,4873010095,3,9.687797311073117
9,442,376.5657894736842,so,76,9,442,so,252284174,2,8.401890007711213
9,443,374.64935064935065,cultivating,77,9,443,cultivating,512197,11,5.709437030424365
9,444,388.9605263157895,the,76,9,444,the,9819942513,3,9.992108945387768
9,445,333.2207792207792,most,77,9,445,most,165240742,4,8.21811713647268
9,446,352.45454545454544,appealing,77,9,446,appealing,1639845,9,6.214802799983082
9,447,387.1168831168831,varieties,77,9,447,varieties,2601452,9,6.415215817036803
9,448,386.7792207792208,takes,77,9,448,takes,19816257,5,7.297021626044377
9,449,396.82894736842104,years.,76,9,449,years,114423406,6,8.058514871108287
9,450,512.2236842105264,Propagation,76,9,450,Propagation,296329,11,5.471774155441164
9,451,405.45454545454544,is,77,9,451,is,1780724214,2,9.250596664206503
9,452,372.7012987012987,greatly,77,9,452,greatly,7110695,7,6.851912050787962
9,453,405.97402597402595,slowed,77,9,453,slowed,1237600,6,6.092580300691311
9,454,375.5064935064935,down,77,9,454,down,98751710,4,7.99454462467454
9,455,330.13157894736844,by,76,9,455,by,877228367,2,8.94311266704604
9,456,322.1038961038961,the,77,9,456,the,9819942513,3,9.992108945387768
9,457,329.6233766233766,virus.,77,9,457,virus,4900008,6,6.69019678908015
9,458,480.5064935064935,Tulips,77,9,458,Tulips,23099,6,4.36359317885827
9,459,410.57142857142856,bloom,77,9,459,bloom,904812,5,5.956558351752969
9,460,386.7763157894737,in,76,9,460,in,3271087682,2,9.514692185610274
9,461,346.24675324675326,April,77,9,461,April,17677275,5,7.247415318161517
9,462,393.38961038961037,and,77,9,462,and,4873010095,3,9.687797311073117
9,463,327.2368421052632,May,76,9,463,May,24592367,3,7.390800331323756
9,464,338.2597402597403,for,77,9,464,for,1388290219,3,9.14248026391068
9,465,352.2236842105263,about,76,9,465,about,265782619,5,8.424526576609713
9,466,326.06493506493507,a,77,9,466,a,3213754375,1,9.507012680872096
9,467,330.88157894736844,"week,",76,9,467,week,18433072,5,7.265597719455065
9,468,345.9342105263158,and,76,9,468,and,4873010095,3,9.687797311073117
9,469,331.7792207792208,the,77,9,469,the,9819942513,3,9.992108945387768
9,470,347.68831168831167,secondary,77,9,470,secondary,10003804,9,7.000165174206773
9,471,345.05194805194805,buds,77,9,471,buds,653126,4,5.814996972739128
9,472,383.5974025974026,appear,77,9,472,appear,22235113,6,7.347039340897693
9,473,397.0,shortly,77,9,473,shortly,3500842,7,6.54417251062891
9,474,393.4230769230769,thereafter.,78,9,474,thereafter,2309442,11,6.363507059721232
9,475,479.0,Bulbs,76,9,475,Bulbs,32234,5,4.508314201576179
9,476,373.7763157894737,can,76,9,476,can,416290431,3,8.619396428153989
9,477,366.05194805194805,be,77,9,477,be,964072174,2,8.984109548007202
9,478,354.88157894736844,uprooted,76,9,478,uprooted,222841,8,5.347995098690239
9,479,362.46153846153845,and,78,9,479,and,4873010095,3,9.687797311073117
9,480,349.9871794871795,moved,78,9,480,moved,19311958,5,7.285826308242707
9,481,335.35897435897436,about,78,9,481,about,265782619,5,8.424526576609713
9,482,359.88461538461536,from,78,9,482,from,708532803,4,8.850359961615387
9,483,355.53246753246754,June,77,9,483,June,20075593,4,7.302668382484922
9,484,362.45569620253167,to,79,9,484,to,4223327232,2,9.62565473275005
9,485,386.6753246753247,"September,",77,9,485,September,16292384,10,7.211984637549224
9,486,386.5394736842105,and,76,9,486,and,4873010095,3,9.687797311073117
9,487,354.72727272727275,thus,77,9,487,thus,34621166,4,7.539341690311141
9,488,349.1818181818182,actual,77,9,488,actual,16047083,6,7.205396098912977
9,489,388.97402597402595,purchases,77,9,489,purchases,1966349,9,6.293660601656187
9,490,415.31168831168833,occurred,77,9,490,occurred,11504759,8,7.0608775255629945
9,491,393.4805194805195,during,77,9,491,during,83487480,6,7.921621352434573
9,492,357.63157894736844,these,76,9,492,these,212323984,5,8.326999054601854
9,493,324.5128205128205,months.,78,9,493,months,25863713,7,7.412690872425961
9,494,407.4736842105263,As,76,9,494,As,110944292,2,8.045104963019837
9,495,391.2857142857143,the,77,9,495,the,9819942513,3,9.992108945387768
9,496,386.35064935064935,flowers,77,9,496,flowers,6659621,7,6.823449514111414
9,497,339.2105263157895,grew,76,9,497,grew,9240118,4,6.9656775173696355
9,498,345.2857142857143,in,77,9,498,in,3271087682,2,9.514692185610274
9,499,337.72727272727275,"popularity,",77,9,499,popularity,2530366,11,6.403183343422531
9,500,388.9078947368421,professional,76,9,500,professional,15752421,12,7.197347310261447
9,501,343.17105263157896,growers,76,9,501,growers,568212,7,5.754510401296018
9,502,352.3636363636364,paid,77,9,502,paid,17418963,4,7.241022296665722
9,503,354.72727272727275,higher,77,9,503,higher,32907416,6,7.517293781382791
9,504,338.27272727272725,and,77,9,504,and,4873010095,3,9.687797311073117
9,505,335.8831168831169,higher,77,9,505,higher,32907416,6,7.517293781382791
9,506,335.9871794871795,prices,78,9,506,prices,11346145,6,7.054848329404735
9,507,320.8333333333333,for,78,9,507,for,1388290219,3,9.14248026391068
9,508,307.4533333333333,bulbs,75,9,508,bulbs,585748,5,5.76771081440012
9,509,312.961038961039,with,77,9,509,with,1110064802,4,9.0453483322367
9,510,301.90909090909093,the,77,9,510,the,9819942513,3,9.992108945387768
9,511,309.2857142857143,virus.,77,9,511,virus,4900008,6,6.69019678908015
9,512,358.5844155844156,By,77,9,512,By,38834595,2,7.589218780324019
9,513,392.97402597402595,sixteen,77,9,513,sixteen,2533345,7,6.4036943375969
9,514,592.1466666666666,"thirty-four,",75,9,514,thirty - four,261825,12,5.418011112205879
9,515,442.2857142857143,in,77,9,515,in,3271087682,2,9.514692185610274
9,516,428.53846153846155,part,78,9,516,part,92088752,4,7.964206587388475
9,517,362.4871794871795,as,78,9,517,as,1139819594,2,9.056836118415085
9,518,338.53246753246754,a,77,9,518,a,3213754375,1,9.507012680872096
9,519,320.5974025974026,result,77,9,519,result,45374035,6,7.65680740171069
9,520,313.9078947368421,of,76,9,520,of,6162371881,2,9.789747903165104
9,521,321.7142857142857,demand,77,9,521,demand,16692877,6,7.222531193332706
9,522,336.08,from,75,9,522,from,708532803,4,8.850359961615387
9,523,308.3636363636364,the,77,9,523,the,9819942513,3,9.992108945387768
9,524,341.83116883116884,"French,",77,9,524,French,26321301,7,7.420307351627214
9,525,406.4155844155844,speculators,77,9,525,speculators,287862,11,5.459184338446896
9,526,395.0131578947368,began,76,9,526,began,38623128,5,7.586847443398012
9,527,338.92105263157896,to,76,9,527,to,4223327232,2,9.62565473275005
9,528,316.83116883116884,enter,77,9,528,enter,11772759,5,7.0708782536727135
9,529,317.7142857142857,the,77,9,529,the,9819942513,3,9.992108945387768
9,530,301.0394736842105,market.,76,9,530,market,38330651,7,7.583546195286359
9,531,338.6533333333333,In,75,9,531,In,372732694,2,8.57139748827585
9,532,343.0133333333333,sixteen,75,9,532,sixteen,2533345,7,6.4036943375969
9,533,449.7368421052632,"thirty-six,",76,9,533,thirty - six,408617,11,5.611316430951861
9,534,435.89473684210526,the,76,9,534,the,9819942513,3,9.992108945387768
9,535,347.5844155844156,Dutch,77,9,535,Dutch,5482640,5,6.738989730263135
9,536,333.987012987013,created,77,9,536,created,22166125,7,7.345689777994632
9,537,315.5897435897436,a,78,9,537,a,3213754375,1,9.507012680872096
9,538,306.47435897435895,type,78,9,538,type,42273715,4,7.62607041516059
9,539,298.1948051948052,of,77,9,539,of,6162371881,2,9.789747903165104
9,540,306.85897435897436,formal,78,9,540,formal,11940654,6,7.077028114131104
9,541,327.1645569620253,futures,79,9,541,futures,1247862,7,6.096166559743576
9,542,410.56410256410254,"markets,",78,9,542,markets,10259741,8,7.0111363974531296
9,543,419.5,which,76,9,543,which,508000647,5,8.705864265410595
9,544,350.70512820512823,merchants,78,9,544,merchants,2625721,9,6.419248577580697
9,545,330.0769230769231,used,78,9,545,used,127267606,4,8.10471787477888
9,546,326.42857142857144,to,77,9,546,to,4223327232,2,9.62565473275005
9,547,324.53246753246754,sell,77,9,547,sell,8220156,4,6.9148800595469
9,548,319.96153846153845,and,78,9,548,and,4873010095,3,9.687797311073117
9,549,317.1025641025641,buy,78,9,549,buy,10703771,3,7.029536809084042
9,550,332.15384615384613,contracts,78,9,550,contracts,5247575,9,6.719958654372757
9,551,349.1794871794872,to,78,9,551,to,4223327232,2,9.62565473275005
9,552,335.7435897435897,buy,78,9,552,buy,10703771,3,7.029536809084042
9,553,350.3466666666667,bulbs,75,9,553,bulbs,585748,5,5.76771081440012
9,554,324.75324675324674,at,77,9,554,at,654432238,2,8.815864684979672
9,555,316.61038961038963,the,77,9,555,the,9819942513,3,9.992108945387768
9,556,311.5194805194805,end,77,9,556,end,66509685,3,7.822884890954196
9,557,305.1038961038961,of,77,9,557,of,6162371881,2,9.789747903165104
9,558,290.15584415584414,the,77,9,558,the,9819942513,3,9.992108945387768
9,559,308.2987012987013,season.,77,9,559,season,8243351,7,6.916103792397109
9,560,401.0128205128205,Traders,78,9,560,Traders,191586,7,5.282363770165849
9,561,377.78205128205127,met,78,9,561,met,18391232,3,7.264610822923787
9,562,362.92,at,75,9,562,at,654432238,2,8.815864684979672
9,563,373.6623376623377,taverns,77,9,563,taverns,186848,7,5.271488453571194
9,564,353.54545454545456,and,77,9,564,and,4873010095,3,9.687797311073117
9,565,345.97402597402595,buyers,77,9,565,buyers,1815579,6,6.259015150807502
9,566,325.42105263157896,were,76,9,566,were,457504590,4,8.660395455564592
9,567,322.7142857142857,required,77,9,567,required,34833403,8,7.541995904315505
9,568,322.24675324675326,to,77,9,568,to,4223327232,2,9.62565473275005
9,569,309.24675324675326,pay,77,9,569,pay,22850702,3,7.358899546639707
9,570,333.14102564102564,a,78,9,570,a,3213754375,1,9.507012680872096
9,571,312.29487179487177,fee,78,9,571,fee,4461757,3,6.649505913676891
9,572,308.64935064935065,per,77,9,572,per,49354567,3,7.693327346086273
9,573,355.2105263157895,trade.,76,9,573,trade,26244446,6,7.4190374095795875
9,574,395.15584415584414,People,77,9,574,People,14255339,6,7.153977549535959
9,575,370.5844155844156,were,77,9,575,were,457504590,4,8.660395455564592
9,576,352.7402597402597,purchasing,77,9,576,purchasing,2254914,10,6.353129983004371
9,577,370.57142857142856,bulbs,77,9,577,bulbs,585748,5,5.76771081440012
9,578,359.5,at,78,9,578,at,654432238,2,8.815864684979672
9,579,309.3333333333333,higher,78,9,579,higher,32907416,6,7.517293781382791
9,580,297.1794871794872,and,78,9,580,and,4873010095,3,9.687797311073117
9,581,303.3974358974359,higher,78,9,581,higher,32907416,6,7.517293781382791
9,582,348.0769230769231,"prices,",78,9,582,prices,11346145,7,7.054848329404735
9,583,368.35897435897436,intending,78,9,583,intending,628029,9,5.797979698274117
9,584,339.43589743589746,to,78,9,584,to,4223327232,2,9.62565473275005
9,585,311.62820512820514,re-sell,78,9,585,re - sell,4864,7,3.6869935662646784
9,586,328.15584415584414,them,77,9,586,them,240201864,4,8.380576373265777
9,587,319.52564102564105,for,78,9,587,for,1388290219,3,9.14248026391068
9,588,302.79487179487177,a,78,9,588,a,3213754375,1,9.507012680872096
9,589,322.56410256410254,profit.,78,9,589,profit,8308084,7,6.919500878877994
9,590,371.0769230769231,"However,",78,9,590,However,53726413,8,7.730187846220871
9,591,344.76623376623377,such,77,9,591,such,209032143,4,8.320213072973228
9,592,310.5064935064935,a,77,9,592,a,3213754375,1,9.507012680872096
9,593,342.8974358974359,scheme,78,9,593,scheme,7912043,6,6.898288638878807
9,594,311.20512820512823,could,78,9,594,could,205904563,5,8.313665971017075
9,595,301.2435897435897,not,78,9,595,not,1006314753,3,9.002733839677335
9,596,290.97435897435895,last,78,9,596,last,57574244,4,7.760228244008672
9,597,310.20512820512823,unless,78,9,597,unless,13150478,6,7.1189415390607165
9,598,294.9230769230769,someone,78,9,598,someone,22087220,7,7.344141056992434
9,599,319.8974358974359,was,78,9,599,was,1140172617,3,9.056970606543045
9,600,321.7402597402597,ultimately,77,9,600,ultimately,6805000,10,6.832828129539354
9,601,355.97435897435895,willing,78,9,601,willing,9182351,7,6.962953889873001
9,602,315.7088607594937,to,79,9,602,to,4223327232,2,9.62565473275005
9,603,284.7564102564103,pay,78,9,603,pay,22850702,3,7.358899546639707
9,604,293.8205128205128,such,78,9,604,such,209032143,4,8.320213072973228
9,605,296.1666666666667,high,78,9,605,high,78531970,4,7.895046492007248
9,606,309.59493670886076,prices,79,9,606,prices,11346145,6,7.054848329404735
9,607,300.4871794871795,and,78,9,607,and,4873010095,3,9.687797311073117
9,608,299.6578947368421,take,76,9,608,take,83145589,4,7.9198392141836385
9,609,314.37179487179486,possession,78,9,609,possession,5661689,10,6.752946009625796
9,610,346.55128205128204,of,78,9,610,of,6162371881,2,9.789747903165104
9,611,310.0769230769231,the,78,9,611,the,9819942513,3,9.992108945387768
9,612,313.05128205128204,bulbs.,78,9,612,bulbs,585748,6,5.76771081440012
9,613,350.05128205128204,In,78,9,613,In,372732694,2,8.57139748827585
9,614,313.46153846153845,February,78,9,614,February,13102292,8,7.117347273967513
9,615,380.24675324675326,sixteen,77,9,615,sixteen,2533345,7,6.4036943375969
9,616,486.50666666666666,"thirty-seven,",75,9,616,thirty - seven,233364,13,5.3680338602473725
9,617,476.55128205128204,tulip,78,9,617,tulip,129215,5,5.111312931918345
9,618,377.76623376623377,traders,77,9,618,traders,1984543,7,6.297660513402116
9,619,345.5,could,78,9,619,could,205904563,5,8.313665971017075
9,620,354.85897435897436,no,78,9,620,no,236436100,2,8.373713787073193
9,621,337.5844155844156,longer,77,9,621,longer,28040212,6,7.447781292821087
9,622,307.7402597402597,find,77,9,622,find,59792457,4,7.776646399876377
9,623,321.61538461538464,new,78,9,623,new,140488451,3,8.147640624076509
9,624,328.7402597402597,buyers,77,9,624,buyers,1815579,6,6.259015150807502
9,625,314.4871794871795,willing,78,9,625,willing,9182351,7,6.962953889873001
9,626,341.987012987013,to,77,9,626,to,4223327232,2,9.62565473275005
9,627,302.8333333333333,pay,78,9,627,pay,22850702,3,7.358899546639707
9,628,339.84615384615387,increasingly,78,9,628,increasingly,9891935,12,6.995281253945419
9,629,337.31168831168833,inflated,77,9,629,inflated,587352,8,5.768898451912846
9,630,330.62820512820514,prices,78,9,630,prices,11346145,6,7.054848329404735
9,631,319.14102564102564,for,78,9,631,for,1388290219,3,9.14248026391068
9,632,310.15384615384613,their,78,9,632,their,438887121,5,8.642352836801459
9,633,307.92105263157896,bulbs.,76,9,633,bulbs,585748,6,5.76771081440012
9,634,332.0263157894737,As,76,9,634,As,110944292,2,8.045104963019837
9,635,317.6363636363636,this,77,9,635,this,599554050,4,8.777828340993896
9,636,312.21794871794873,realization,78,9,636,realization,2808285,11,6.448441180254956
9,637,330.987012987013,set,77,9,637,set,70534745,3,7.848403100603437
9,638,312.8333333333333,"in,",78,9,638,in,3271087682,3,9.514692185610274
9,639,317.8076923076923,the,78,9,639,the,9819942513,3,9.992108945387768
9,640,335.2207792207792,demand,77,9,640,demand,16692877,6,7.222531193332706
9,641,339.15384615384613,for,78,9,641,for,1388290219,3,9.14248026391068
9,642,306.64935064935065,tulips,77,9,642,tulips,135025,6,5.1304141859532315
9,643,300.62820512820514,"collapsed,",78,9,643,collapsed,1678325,10,6.224876063786856
9,644,367.61538461538464,and,78,9,644,and,4873010095,3,9.687797311073117
9,645,313.64102564102564,prices,78,9,645,prices,11346145,6,7.054848329404735
9,646,308.75324675324674,plummeted.,77,9,646,plummeted,177618,10,5.249486975544801
9,647,361.52564102564105,The,78,9,647,The,1217211729,3,9.085366128549287
9,648,341.1818181818182,speculative,77,9,648,speculative,1248199,11,6.096283830308111
9,649,379.38961038961037,bubble,77,9,649,bubble,1273305,6,6.10493244446386
9,650,333.02597402597405,burst.,77,9,650,burst,3346798,6,6.524629500785402
9,651,345.7368421052632,Some,76,9,651,Some,38265923,4,7.582812193269087
9,652,344.7142857142857,were,77,9,652,were,457504590,4,8.660395455564592
9,653,331.97435897435895,left,78,9,653,left,65369345,4,7.815374133362571
9,654,320.3076923076923,holding,78,9,654,holding,11695702,7,7.068026294172236
9,655,326.8076923076923,contracts,78,9,655,contracts,5247575,9,6.719958654372757
9,656,327.11538461538464,to,78,9,656,to,4223327232,2,9.62565473275005
9,657,320.3246753246753,purchase,77,9,657,purchase,7936281,8,6.899617036488475
9,658,321.34615384615387,tulips,78,9,658,tulips,135025,6,5.1304141859532315
9,659,315.5,at,78,9,659,at,654432238,2,8.815864684979672
9,660,315.6923076923077,prices,78,9,660,prices,11346145,6,7.054848329404735
9,661,303.70512820512823,now,78,9,661,now,112827853,3,8.05241632403567
9,662,309.34615384615387,ten,78,9,662,ten,19239259,3,7.284188341173296
9,663,333.96153846153845,times,78,9,663,times,44168985,5,7.64511741931807
9,664,314.71794871794873,greater,78,9,664,greater,28854831,7,7.460218535030667
9,665,315.8181818181818,than,77,9,665,than,248883542,4,8.395996178830753
9,666,307.93589743589746,those,78,9,666,those,131352362,5,8.118437886747845
9,667,293.52564102564105,on,78,9,667,on,993594775,2,8.99720929902148
9,668,298.12820512820514,the,78,9,668,the,9819942513,3,9.992108945387768
9,669,296.03846153846155,open,78,9,669,open,40299926,4,7.605304248676564
9,670,358.14285714285717,"market,",77,9,670,market,38330651,7,7.583546195286359
9,671,344.4342105263158,while,76,9,671,while,83722224,5,7.922840756433239
9,672,347.8961038961039,others,77,9,672,others,56694406,6,7.753540209454042
9,673,322.2435897435897,found,78,9,673,found,84394374,5,7.9263134961257276
9,674,295.7307692307692,themselves,78,9,674,themselves,41765392,10,7.620816561945348
9,675,324.8333333333333,in,78,9,675,in,3271087682,2,9.514692185610274
9,676,323.6923076923077,possession,78,9,676,possession,5661689,10,6.752946009625796
9,677,310.46153846153845,of,78,9,677,of,6162371881,2,9.789747903165104
9,678,297.55128205128204,bulbs,78,9,678,bulbs,585748,5,5.76771081440012
9,679,312.6794871794872,now,78,9,679,now,112827853,3,8.05241632403567
9,680,301.5921052631579,worth,76,9,680,worth,12274006,5,7.088986331247591
9,681,306.79487179487177,a,78,9,681,a,3213754375,1,9.507012680872096
9,682,319.4230769230769,fraction,78,9,682,fraction,4070260,8,6.609622151966934
9,683,301.62820512820514,of,78,9,683,of,6162371881,2,9.789747903165104
9,684,292.1666666666667,the,78,9,684,the,9819942513,3,9.992108945387768
9,685,302.97435897435895,price,78,9,685,price,23826559,5,7.377061326642839
9,686,292.1666666666667,they,78,9,686,they,418953705,4,8.622166035439204
9,687,305.6666666666667,had,78,9,687,had,537932901,3,8.730728107371226
9,688,318.61538461538464,paid.,78,9,688,paid,17418963,5,7.241022296665722
9,689,339.8666666666667,The,75,9,689,The,1217211729,3,9.085366128549287
9,690,304.05263157894734,event,76,9,690,event,18031349,5,7.256028219309208
9,691,324.65384615384613,was,78,9,691,was,1140172617,3,9.056970606543045
9,692,334.8333333333333,popularized,78,9,692,popularized,299230,11,5.476005132579179
9,693,341.8051948051948,in,77,9,693,in,3271087682,2,9.514692185610274
9,694,337.65384615384613,eighteen,78,9,694,eighteen,2726135,8,6.435547358579851
9,695,359.62820512820514,forty-one,78,9,695,forty - one,152603,9,5.18356307143432
9,696,420.02597402597405,by,77,9,696,by,877228367,2,8.94311266704604
9,697,330.84615384615387,the,78,9,697,the,9819942513,3,9.992108945387768
9,698,306.78205128205127,book,78,9,698,book,49033521,4,7.690493080192269
9,699,415.6666666666667,'Extraordinary,78,9,699,Extraordinary,251365,14,5.400304806504032
9,700,404.71794871794873,Popular,78,9,700,Popular,1922747,7,6.283922142411896
9,701,440.9342105263158,Delusions,76,9,701,Delusions,57729,9,4.761394034577387
9,702,400.15384615384613,and,78,9,702,and,4873010095,3,9.687797311073117
9,703,352.3974358974359,the,78,9,703,the,9819942513,3,9.992108945387768
9,704,339.3376623376623,Madness,77,9,704,Madness,251550,7,5.400624321661767
9,705,338.46753246753246,of,77,9,705,of,6162371881,2,9.789747903165104
9,706,381.49333333333334,"Crowds',",75,9,706,Crowds,101873,8,5.0080590956377025
9,707,399.61538461538464,that,78,9,707,that,1746480437,4,9.24216372530116
9,708,345.0,a,79,9,708,a,3213754375,1,9.507012680872096
9,709,320.75,British,76,9,709,British,31315885,7,7.495764689554346
9,710,329.90909090909093,journalist,77,9,710,journalist,1655119,10,6.218829224205645
9,711,345.2236842105263,Charles,76,9,711,Charles,14871871,7,7.172365609669225
9,712,369.5405405405405,Mackay,74,9,712,Mackay,267095,6,5.426665758134685
9,713,396.5769230769231,wrote.,78,9,713,wrote,20759269,6,7.31721205655331
9,714,389.2987012987013,That,77,9,714,That,61071875,4,7.7858412537055965
9,715,354.2857142857143,crowds,77,9,715,crowds,1410204,6,6.1492819422056275
9,716,378.4805194805195,of,77,9,716,of,6162371881,2,9.789747903165104
9,717,331.7432432432432,people,74,9,717,people,149869947,6,8.175714553724845
9,718,323.46753246753246,often,77,9,718,often,74180388,5,7.870289100572778
9,719,311.88461538461536,behave,78,9,719,behave,2427720,6,6.385198596131743
9,720,347.6666666666667,irrationally,78,9,720,irrationally,75659,12,4.878860596838407
9,721,341.83116883116884,was,77,9,721,was,1140172617,3,9.056970606543045
9,722,305.35897435897436,the,78,9,722,the,9819942513,3,9.992108945387768
9,723,317.0,main,76,9,723,main,29437798,4,7.468905320875538
9,724,326.3766233766234,thesis,77,9,724,thesis,4448656,6,6.648228824476337
9,725,324.3076923076923,of,78,9,725,of,6162371881,2,9.789747903165104
9,726,311.4230769230769,the,78,9,726,the,9819942513,3,9.992108945387768
9,727,281.7564102564103,"book,",78,9,727,book,49033521,5,7.690493080192269
9,728,322.65384615384613,and,78,9,728,and,4873010095,3,9.687797311073117
9,729,300.126582278481,tulip,79,9,729,tulip,129215,5,5.111312931918345
9,730,343.0921052631579,mania,76,9,730,mania,458023,5,5.660887287004486
9,731,309.97402597402595,was,77,9,731,was,1140172617,3,9.056970606543045
9,732,294.35064935064935,one,77,9,732,one,398913374,3,8.600878596743621
9,733,279.56410256410254,of,78,9,733,of,6162371881,2,9.789747903165104
9,734,272.84615384615387,the,78,9,734,the,9819942513,3,9.992108945387768
9,735,303.52564102564105,primary,78,9,735,primary,20241884,7,7.306250931721394
9,736,319.1392405063291,examples.,79,9,736,examples,14717202,9,7.167825250798739
9,737,339.26582278481015,According,79,9,737,According,13804556,9,7.1400224428585926
9,738,321.5657894736842,to,76,9,738,to,4223327232,2,9.62565473275005
9,739,320.37179487179486,"Mackay,",78,9,739,Mackay,267095,7,5.426665758134685
9,740,337.2597402597403,at,77,9,740,at,654432238,2,8.815864684979672
9,741,317.05128205128204,one,78,9,741,one,398913374,3,8.600878596743621
9,742,340.78205128205127,point,78,9,742,point,68533138,5,7.835900617778045
9,743,315.2025316455696,twelve,79,9,743,twelve,6676403,6,6.824542543614431
9,744,326.4025974025974,acres,77,9,744,acres,2916394,5,6.464846196074906
9,745,335.5128205128205,of,78,9,745,of,6162371881,2,9.789747903165104
9,746,303.9230769230769,land,78,9,746,land,36688838,4,7.564533957104014
9,747,298.4415584415584,were,77,9,747,were,457504590,4,8.660395455564592
9,748,301.9102564102564,offered,78,9,748,offered,15628242,7,7.193910127562402
9,749,317.27848101265823,for,79,9,749,for,1388290219,3,9.14248026391068
9,750,309.71794871794873,a,78,9,750,a,3213754375,1,9.507012680872096
9,751,305.87012987012986,Semper,77,9,751,Semper,54537,6,4.736691244363222
9,752,439.7631578947368,Augustus,76,9,752,Augustus,1031445,8,6.013446074933176
9,753,455.9868421052632,bulb.,76,9,753,bulb,920990,5,5.964254914704561
9,754,468.02564102564105,He,78,9,754,He,239125461,2,8.378625820294372
9,755,377.47435897435895,claims,78,9,755,claims,12835191,6,7.108402335775585
9,756,334.7307692307692,that,78,9,756,that,1746480437,4,9.24216372530116
9,757,323.29487179487177,many,78,9,757,many,138917121,4,8.142755774158092
9,758,345.30263157894734,such,76,9,758,such,209032143,4,8.320213072973228
9,759,345.7402597402597,investors,77,9,759,investors,3940338,9,6.5955334769623395
9,760,331.1038961038961,ruined,77,9,760,ruined,1413263,6,6.150222989039142
9,761,332.6842105263158,by,76,9,761,by,877228367,2,8.94311266704604
9,762,355.961038961039,the,77,9,762,the,9819942513,3,9.992108945387768
9,763,310.9220779220779,fall,77,9,763,fall,18115537,4,7.258051212379947
9,764,304.13157894736844,in,76,9,764,in,3271087682,2,9.514692185610274
9,765,323.0394736842105,prices,76,9,765,prices,11346145,6,7.054848329404735
9,766,320.8243243243243,were,74,9,766,were,457504590,4,8.660395455564592
9,767,326.6842105263158,"desperate,",76,9,767,desperate,2624557,10,6.419056009192807
9,768,337.4736842105263,and,76,9,768,and,4873010095,3,9.687797311073117
9,769,317.6578947368421,Dutch,76,9,769,Dutch,5482640,5,6.738989730263135
9,770,323.87012987012986,commerce,77,9,770,commerce,3795043,8,6.5792167010633635
9,771,354.88461538461536,suffered,78,9,771,suffered,6386210,8,6.805243195497142
9,772,318.4025974025974,a,77,9,772,a,3213754375,1,9.507012680872096
9,773,308.24675324675326,severe,77,9,773,severe,9854989,6,6.993656143862345
9,774,340.16883116883116,shock.,77,9,774,shock,5647886,6,6.751885922096403
9,775,356.3246753246753,In,77,9,775,In,372732694,2,8.57139748827585
9,776,337.85897435897436,Mackay's,78,9,776,Mackay 's,12784,8,4.106666761969916
9,777,356.09090909090907,"account,",77,9,777,account,30598675,8,7.485702620839509
9,778,357.38961038961037,the,77,9,778,the,9819942513,3,9.992108945387768
9,779,332.987012987013,panicked,77,9,779,panicked,321153,8,5.506711983262343
9,780,344.15584415584414,tulip,77,9,780,tulip,129215,5,5.111312931918345
9,781,344.94736842105266,speculators,76,9,781,speculators,287862,11,5.459184338446896
9,782,371.12,sought,75,9,782,sought,10466942,6,7.019819817637751
9,783,350.3376623376623,help,77,9,783,help,53942915,4,7.73193441141996
9,784,326.35064935064935,from,77,9,784,from,708532803,4,8.850359961615387
9,785,301.64935064935065,the,77,9,785,the,9819942513,3,9.992108945387768
9,786,311.6842105263158,government,76,9,786,government,59840428,10,7.776994691095935
9,787,330.2236842105263,of,76,9,787,of,6162371881,2,9.789747903165104
9,788,320.0394736842105,the,76,9,788,the,9819942513,3,9.992108945387768
9,789,371.8666666666667,"Netherlands,",75,9,789,Netherlands,3792211,12,6.578892493641319
9,790,334.67105263157896,which,76,9,790,which,508000647,5,8.705864265410595
9,791,317.0657894736842,responded,76,9,791,responded,4723881,9,6.674298948701364
9,792,320.94805194805195,by,77,9,792,by,877228367,2,8.94311266704604
9,793,313.72727272727275,declaring,77,9,793,declaring,1265755,9,6.102349651617338
9,794,310.64473684210526,that,76,9,794,that,1746480437,4,9.24216372530116
9,795,304.4415584415584,anyone,77,9,795,anyone,14355821,6,7.157028034559717
9,796,305.61842105263156,who,76,9,796,who,294018466,3,8.46837460738514
9,797,303.7922077922078,had,77,9,797,had,537932901,3,8.730728107371226
9,798,282.31168831168833,bought,77,9,798,bought,6604892,6,6.819865720635252
9,799,298.2987012987013,contracts,77,9,799,contracts,5247575,9,6.719958654372757
9,800,342.5897435897436,to,78,9,800,to,4223327232,2,9.62565473275005
9,801,315.7402597402597,purchase,77,9,801,purchase,7936281,8,6.899617036488475
9,802,305.6363636363636,bulbs,77,9,802,bulbs,585748,5,5.76771081440012
9,803,295.961038961039,in,77,9,803,in,3271087682,2,9.514692185610274
9,804,284.7012987012987,the,77,9,804,the,9819942513,3,9.992108945387768
9,805,301.5064935064935,future,77,9,805,future,33430803,6,7.524146808368836
9,806,316.88157894736844,could,76,9,806,could,205904563,5,8.313665971017075
9,807,312.3333333333333,void,78,9,807,void,3395020,4,6.530842337044813
9,808,305.7402597402597,their,77,9,808,their,438887121,5,8.642352836801459
9,809,300.94871794871796,contract,78,9,809,contract,13888850,8,7.14266628754248
9,810,319.2207792207792,by,77,9,810,by,877228367,2,8.94311266704604
9,811,312.06493506493507,payment,77,9,811,payment,8039886,7,6.905249890797961
9,812,317.5974025974026,of,77,9,812,of,6162371881,2,9.789747903165104
9,813,296.76623376623377,a,77,9,813,a,3213754375,1,9.507012680872096
9,814,325.30263157894734,ten,76,9,814,ten,19239259,3,7.284188341173296
9,815,372.4736842105263,percent,76,9,815,percent,36620745,7,7.5637271751950035
9,816,350.24675324675326,fee.,77,9,816,fee,4461757,4,6.649505913676891
9,817,384.986301369863,Attempts,73,9,817,Attempts,547677,8,5.738524502873604
9,818,383.48,that,75,9,818,that,1746480437,4,9.24216372530116
9,819,339.4025974025974,were,77,9,819,were,457504590,4,8.660395455564592
9,820,327.1168831168831,made,77,9,820,made,132945317,4,8.123673043909942
9,821,320.3376623376623,to,77,9,821,to,4223327232,2,9.62565473275005
9,822,301.12987012987014,resolve,77,9,822,resolve,3938896,7,6.595374514136791
9,823,316.2207792207792,the,77,9,823,the,9819942513,3,9.992108945387768
9,824,299.35064935064935,situation,77,9,824,situation,29153658,9,7.464693054791234
9,825,323.6623376623377,to,77,9,825,to,4223327232,2,9.62565473275005
9,826,330.82894736842104,the,76,9,826,the,9819942513,3,9.992108945387768
9,827,339.5194805194805,satisfaction,77,9,827,satisfaction,6080985,12,6.783973932137344
9,828,324.1168831168831,of,77,9,828,of,6162371881,2,9.789747903165104
9,829,284.961038961039,all,77,9,829,all,374139462,3,8.573033517406971
9,830,288.20512820512823,parties,78,9,830,parties,16917662,7,7.228340343888725
9,831,301.4805194805195,were,77,9,831,were,457504590,4,8.660395455564592
9,832,353.0263157894737,unsuccessful.,76,9,832,unsuccessful,1432650,13,6.156140104120638
9,833,357.6578947368421,The,76,9,833,The,1217211729,3,9.085366128549287
9,834,348.3157894736842,mania,76,9,834,mania,458023,5,5.660887287004486
9,835,340.1948051948052,finally,77,9,835,finally,17208239,7,7.235736429205323
9,836,333.15584415584414,"ended,",77,9,836,ended,8015011,6,6.903904122727097
9,837,320.3636363636364,Mackay,77,9,837,Mackay,267095,6,5.426665758134685
9,838,349.38157894736844,"says,",76,9,838,says,29310842,5,7.4670282944091415
9,839,313.038961038961,with,77,9,839,with,1110064802,4,9.0453483322367
9,840,313.6623376623377,individuals,77,9,840,individuals,22589212,11,7.353901081295718
9,841,316.2987012987013,stuck,77,9,841,stuck,3480952,5,6.541698034695131
9,842,325.2987012987013,with,77,9,842,with,1110064802,4,9.0453483322367
9,843,347.038961038961,the,77,9,843,the,9819942513,3,9.992108945387768
9,844,317.10526315789474,bulbs,76,9,844,bulbs,585748,5,5.76771081440012
9,845,311.4868421052632,they,76,9,845,they,418953705,4,8.622166035439204
9,846,308.76623376623377,held,77,9,846,held,35236312,4,7.5469904467926225
9,847,312.09090909090907,at,77,9,847,at,654432238,2,8.815864684979672
9,848,313.038961038961,the,77,9,848,the,9819942513,3,9.992108945387768
9,849,309.4025974025974,end,77,9,849,end,66509685,3,7.822884890954196
9,850,300.68831168831167,of,77,9,850,of,6162371881,2,9.789747903165104
9,851,283.3157894736842,the,76,9,851,the,9819942513,3,9.992108945387768
9,852,306.24675324675326,crash.,77,9,852,crash,1865394,6,6.270770575530147
9,853,383.37333333333333,No,75,9,853,No,46414615,2,7.666654752417921
9,854,321.27272727272725,court,77,9,854,court,28250928,5,7.451032718302705
9,855,326.2207792207792,would,77,9,855,would,319551796,5,8.504541262788026
9,856,329.3766233766234,enforce,77,9,856,enforce,2141850,7,6.330789052652069
9,857,329.2077922077922,payment,77,9,857,payment,8039886,7,6.905249890797961
9,858,310.12987012987014,of,77,9,858,of,6162371881,2,9.789747903165104
9,859,297.63157894736844,a,76,9,859,a,3213754375,1,9.507012680872096
9,860,303.88157894736844,"contract,",76,9,860,contract,13888850,9,7.14266628754248
9,861,364.4868421052632,since,76,9,861,since,58545854,5,7.767496145374635
9,862,317.97435897435895,judges,78,9,862,judges,3974830,6,6.599318558994822
9,863,314.92,regarded,75,9,863,regarded,9025301,8,6.955461694839101
9,864,338.49333333333334,the,75,9,864,the,9819942513,3,9.992108945387768
9,865,314.2972972972973,debts,74,9,865,debts,2062996,5,6.314498385908386
9,866,316.06666666666666,as,75,9,866,as,1139819594,2,9.056836118415085
9,867,344.85526315789474,contracted,76,9,867,contracted,1353401,10,6.131426493038777
9,868,372.4078947368421,through,76,9,868,through,147254130,7,8.168067484179392
9,869,358.5131578947368,"gambling,",76,9,869,gambling,1406032,9,6.147995204940757
9,870,365.8918918918919,and,74,9,870,and,4873010095,3,9.687797311073117
9,871,342.2368421052632,thus,76,9,871,thus,34621166,4,7.539341690311141
9,872,326.76623376623377,not,77,9,872,not,1006314753,3,9.002733839677335
9,873,324.68831168831167,enforceable,77,9,873,enforceable,503690,11,5.702163328685923
9,874,319.6756756756757,by,74,9,874,by,877228367,2,8.94311266704604
9,875,372.1232876712329,law.,73,9,875,law,54997976,4,7.7403467071632335
9,876,363.94594594594594,Although,74,9,876,Although,34293908,8,7.535216978440321
9,877,339.4054054054054,Mackay's,74,9,877,Mackay 's,12784,8,4.106666761969916
9,878,338.72,book,75,9,878,book,49033521,4,7.690493080192269
9,879,313.7866666666667,is,75,9,879,is,1780724214,2,9.250596664206503
9,880,290.68,a,75,9,880,a,3213754375,1,9.507012680872096
9,881,290.0921052631579,classic,76,9,881,classic,4407368,7,6.644179314112581
9,882,308.4736842105263,that,76,9,882,that,1746480437,4,9.24216372530116
9,883,299.92,many,75,9,883,many,138917121,4,8.142755774158092
9,884,313.0,publishing,76,9,884,publishing,2999148,10,6.476997897569257
9,885,317.2631578947368,houses,76,9,885,houses,9878238,6,6.994679485567331
9,886,338.81081081081084,continue,74,9,886,continue,17083687,8,7.232581605870093
9,887,308.7763157894737,reprinting,76,9,887,reprinting,86198,10,4.93549718926972
9,888,374.97333333333336,"today,",75,9,888,today,23436226,6,7.369887677340244
9,889,355.3066666666667,his,75,9,889,his,632876249,3,8.80131879748875
9,890,322.88,account,75,9,890,account,30598675,7,7.485702620839509
9,891,302.5394736842105,is,76,9,891,is,1780724214,2,9.250596664206503
9,892,320.49333333333334,contested.,75,9,892,contested,1118727,10,6.048724119719934
9,893,416.46666666666664,Many,75,9,893,Many,22254744,4,7.34742260288604
9,894,342.8157894736842,modern,76,9,894,modern,23333779,6,7.367985080239983
9,895,317.5657894736842,scholars,76,9,895,scholars,6373667,8,6.804389369485952
9,896,312.3333333333333,believe,75,9,896,believe,30594846,7,7.4856482715049335
9,897,324.24,the,75,9,897,the,9819942513,3,9.992108945387768
9,898,301.10526315789474,mania,76,9,898,mania,458023,5,5.660887287004486
9,899,303.2266666666667,was,75,9,899,was,1140172617,3,9.056970606543045
9,900,297.4805194805195,not,77,9,900,not,1006314753,3,9.002733839677335
9,901,291.9868421052632,as,76,9,901,as,1139819594,2,9.056836118415085
9,902,300.6933333333333,extraordinary,75,9,902,extraordinary,4415638,13,6.644993462129067
9,903,305.55263157894734,as,76,9,903,as,1139819594,2,9.056836118415085
9,904,292.9866666666667,Mackay,75,9,904,Mackay,267095,6,5.426665758134685
9,905,336.44736842105266,"described,",76,9,905,described,29601923,10,7.471319924611698
9,906,324.5263157894737,with,76,9,906,with,1110064802,4,9.0453483322367
9,907,318.84,some,75,9,907,some,212953941,4,8.328285681689485
9,908,305.2266666666667,arguing,75,9,908,arguing,2514179,7,6.4003961945690495
9,909,325.80263157894734,that,76,9,909,that,1746480437,4,9.24216372530116
9,910,284.84,the,75,9,910,the,9819942513,3,9.992108945387768
9,911,277.9866666666667,price,75,9,911,price,23826559,5,7.377061326642839
9,912,277.2763157894737,changes,76,9,912,changes,37311795,7,7.571846142630836
9,913,301.57894736842104,may,76,9,913,may,231873651,3,8.365251400317783
9,914,295.32894736842104,not,76,9,914,not,1006314753,3,9.002733839677335
9,915,298.2236842105263,have,76,9,915,have,593092485,4,8.773122421177646
9,916,314.1081081081081,constituted,74,9,916,constituted,3442050,11,6.536817174697636
9,917,362.80263157894734,a,76,9,917,a,3213754375,1,9.507012680872096
9,918,323.26666666666665,bubble.,75,9,918,bubble,1273305,7,6.10493244446386
9,919,363.9605263157895,Research,76,9,919,Research,19631368,8,7.29295056420268
9,920,377.2133333333333,on,75,9,920,on,993594775,2,8.99720929902148
9,921,316.60526315789474,the,76,9,921,the,9819942513,3,9.992108945387768
9,922,289.8831168831169,tulip,77,9,922,tulip,129215,5,5.111312931918345
9,923,316.43243243243245,mania,74,9,923,mania,458023,5,5.660887287004486
9,924,311.5921052631579,is,76,9,924,is,1780724214,2,9.250596664206503
9,925,309.4342105263158,difficult,76,9,925,difficult,29966493,9,7.47663592012724
9,926,312.3766233766234,because,77,9,926,because,136741894,7,8.135901590980518
9,927,304.15584415584414,of,77,9,927,of,6162371881,2,9.789747903165104
9,928,302.5,the,76,9,928,the,9819942513,3,9.992108945387768
9,929,290.2894736842105,limited,76,9,929,limited,22223315,7,7.34680884213072
9,930,287.12,data,75,9,930,data,67806624,4,7.831272121981053
9,931,298.39473684210526,from,76,9,931,from,708532803,4,8.850359961615387
9,932,294.2631578947368,the,76,9,932,the,9819942513,3,9.992108945387768
9,933,297.25,sixteen,76,9,933,sixteen,2533345,7,6.4036943375969
9,934,306.0263157894737,thirties.,76,9,934,thirties,762166,9,5.882049571119783
9,935,413.4054054054054,"However,",74,9,935,However,53726413,8,7.730187846220871
9,936,358.14473684210526,some,76,9,936,some,212953941,4,8.328285681689485
9,937,349.29333333333335,modern,75,9,937,modern,23333779,6,7.367985080239983
9,938,386.80263157894734,economists,76,9,938,economists,1823948,10,6.261012452613572
9,939,341.13157894736844,have,76,9,939,have,593092485,4,8.773122421177646
9,940,308.69736842105266,proposed,76,9,940,proposed,14002097,8,7.146193081916043
9,941,331.85526315789474,rational,76,9,941,rational,6216696,8,6.79355963063814
9,942,397.7922077922078,"explanations,",77,9,942,explanations,3209381,13,6.506421277200085
9,943,355.0,rather,75,9,943,rather,55879237,6,7.747250467432266
9,944,333.67105263157896,than,76,9,944,than,248883542,4,8.395996178830753
9,945,314.3421052631579,a,76,9,945,a,3213754375,1,9.507012680872096
9,946,322.0394736842105,speculative,76,9,946,speculative,1248199,11,6.096283830308111
9,947,359.60526315789474,"mania,",76,9,947,mania,458023,6,5.660887287004486
9,948,333.9736842105263,for,76,9,948,for,1388290219,3,9.14248026391068
9,949,329.53333333333336,the,75,9,949,the,9819942513,3,9.992108945387768
9,950,302.7631578947368,rise,76,9,950,rise,14948927,4,7.17461002110842
9,951,293.61038961038963,and,77,9,951,and,4873010095,3,9.687797311073117
9,952,284.5733333333333,fall,75,9,952,fall,18115537,4,7.258051212379947
9,953,305.3378378378378,in,74,9,953,in,3271087682,2,9.514692185610274
9,954,319.4605263157895,prices.,76,9,954,prices,11346145,7,7.054848329404735
9,955,351.4736842105263,For,76,9,955,For,120135284,3,8.079670579392786
9,956,305.7866666666667,"example,",75,9,956,example,83682611,8,7.922635222254579
9,957,317.57894736842104,other,76,9,957,other,281661595,5,8.449727634289163
9,958,318.04,"flowers,",75,9,958,flowers,6659621,8,6.823449514111414
9,959,354.7631578947368,such,76,9,959,such,209032143,4,8.320213072973228
9,960,290.22972972972974,as,74,9,960,as,1139819594,2,9.056836118415085
9,961,277.2763157894737,the,76,9,961,the,9819942513,3,9.992108945387768
9,962,291.0131578947368,"hyacinth,",76,9,962,hyacinth,70512,9,4.848263033165844
9,963,371.8421052631579,also,76,9,963,also,248861077,4,8.395956976295276
9,964,320.89473684210526,had,76,9,964,had,537932901,3,8.730728107371226
9,965,302.6575342465753,high,73,9,965,high,78531970,4,7.895046492007248
9,966,296.32894736842104,prices,76,9,966,prices,11346145,6,7.054848329404735
9,967,307.2894736842105,on,76,9,967,on,993594775,2,8.99720929902148
9,968,291.41333333333336,the,75,9,968,the,9819942513,3,9.992108945387768
9,969,301.6533333333333,flower's,75,9,969,flower 's,17073,8,4.2323098403279875
9,970,365.6621621621622,"introduction,",74,9,970,introduction,8578633,13,6.93341808879794
9,971,348.3066666666667,which,75,9,971,which,508000647,5,8.705864265410595
9,972,321.64864864864865,then,74,9,972,then,161019392,4,8.206878182438311
9,973,305.2266666666667,fell,75,9,973,fell,12415770,4,7.093973658758182
9,974,311.8243243243243,dramatically.,74,9,974,dramatically,2857005,13,6.455911000435424
9,975,329.75,The,72,9,975,The,1217211729,3,9.085366128549287
9,976,322.81333333333333,high,75,9,976,high,78531970,4,7.895046492007248
9,977,331.72972972972974,prices,74,9,977,prices,11346145,6,7.054848329404735
9,978,311.47297297297297,may,74,9,978,may,231873651,3,8.365251400317783
9,979,285.2432432432432,also,74,9,979,also,248861077,4,8.395956976295276
9,980,287.35135135135135,have,74,9,980,have,593092485,4,8.773122421177646
9,981,293.61333333333334,been,75,9,981,been,310806848,4,8.492490579034436
9,982,298.7567567567568,driven,74,9,982,driven,7179813,6,6.85611313308273
9,983,280.1333333333333,by,75,9,983,by,877228367,2,8.94311266704604
9,984,316.3013698630137,expectations,73,9,984,expectations,6791104,12,6.831940381369451
9,985,325.1081081081081,of,74,9,985,of,6162371881,2,9.789747903165104
9,986,296.94594594594594,a,74,9,986,a,3213754375,1,9.507012680872096
9,987,323.62666666666667,parliamentary,75,9,987,parliamentary,1989317,13,6.298703993974679
9,988,386.4864864864865,decree,74,9,988,decree,1666986,6,6.22193195246851
9,989,394.5263157894737,that,76,9,989,that,1746480437,4,9.24216372530116
9,990,334.14473684210526,contracts,76,9,990,contracts,5247575,9,6.719958654372757
9,991,335.1842105263158,could,76,9,991,could,205904563,5,8.313665971017075
9,992,317.0933333333333,be,75,9,992,be,964072174,2,8.984109548007202
9,993,300.7894736842105,voided,76,9,993,voided,96377,6,4.983973403561751
9,994,313.43243243243245,for,74,9,994,for,1388290219,3,9.14248026391068
9,995,311.3066666666667,a,75,9,995,a,3213754375,1,9.507012680872096
9,996,303.32,small,75,9,996,small,68870614,5,7.838033954854396
9,997,335.92,"cost,",75,9,997,cost,31212232,5,7.494324826359137
9,998,307.55263157894734,thus,76,9,998,thus,34621166,4,7.539341690311141
9,999,348.28,lowering,75,9,999,lowering,1478916,8,6.169943507484057
9,1000,356.8,the,75,9,1000,the,9819942513,3,9.992108945387768
9,1001,299.38666666666666,risk,75,9,1001,risk,28582434,4,7.456099209331054
9,1002,306.7763157894737,to,76,9,1002,to,4223327232,2,9.62565473275005
9,1003,320.94666666666666,buyers.,75,9,1003,buyers,1815579,7,6.259015150807502
9,1004,387.92105263157896,Despite,76,9,1004,Despite,8358374,7,6.92212179998567
9,1005,337.5405405405405,these,74,9,1005,these,212323984,5,8.326999054601854
9,1006,317.30263157894734,disagreements,76,9,1006,disagreements,663187,13,5.821636004448731
9,1007,368.50666666666666,about,75,9,1007,about,265782619,5,8.424526576609713
9,1008,329.8157894736842,whether,76,9,1008,whether,49005576,7,7.6902454981561865
9,1009,336.7368421052632,the,76,9,1009,the,9819942513,3,9.992108945387768
9,1010,307.56,phenomenon,75,9,1010,phenomenon,6733400,10,6.82823441465104
9,1011,339.3333333333333,technically,75,9,1011,technically,1287627,11,6.109790074745535
9,1012,379.11842105263156,constituted,76,9,1012,constituted,3442050,11,6.536817174697636
9,1013,367.16883116883116,an,77,9,1013,an,576832090,2,8.761049412810996
9,1014,333.70666666666665,economic,75,9,1014,economic,44242546,8,7.645840111107116
9,1015,331.5394736842105,"bubble,",76,9,1015,bubble,1273305,7,6.10493244446386
9,1016,364.68918918918916,the,74,9,1016,the,9819942513,3,9.992108945387768
9,1017,333.11842105263156,term,76,9,1017,term,39384540,4,7.595325777401417
9,1018,308.89473684210526,'tulip,76,9,1018,tulip,129215,6,5.111312931918345
9,1019,340.14666666666665,mania',75,9,1019,mania,458023,6,5.660887287004486
9,1020,345.16,is,75,9,1020,is,1780724214,2,9.250596664206503
9,1021,309.7837837837838,still,74,9,1021,still,82706155,5,7.917537830992306
9,1022,294.60526315789474,often,76,9,1022,often,74180388,5,7.870289100572778
9,1023,302.9736842105263,used,76,9,1023,used,127267606,4,8.10471787477888
9,1024,335.93506493506493,metaphorically,77,9,1024,metaphorically,323731,14,5.510184288788776
9,1025,349.36486486486484,to,74,9,1025,to,4223327232,2,9.62565473275005
9,1026,315.1578947368421,refer,76,9,1026,refer,8430029,5,6.925829068636404
9,1027,292.4078947368421,to,76,9,1027,to,4223327232,2,9.62565473275005
9,1028,286.2133333333333,any,75,9,1028,any,178544323,3,8.251746045909536
9,1029,314.1818181818182,large,77,9,1029,large,65165705,5,7.814019098066826
9,1030,320.23376623376623,economic,77,9,1030,economic,44242546,8,7.645840111107116
9,1031,315.3766233766234,"bubble,",77,9,1031,bubble,1273305,7,6.10493244446386
9,1032,390.1012658227848,when,79,9,1032,when,249000060,4,8.396199451744996
9,1033,307.12820512820514,asset,78,9,1033,asset,3996781,5,6.601710352138705
9,1034,328.0657894736842,prices,76,9,1034,prices,11346145,6,7.054848329404735
9,1035,342.6623376623377,deviate,77,9,1035,deviate,415371,7,5.6184361720748095
9,1036,367.32911392405066,from,79,9,1036,from,708532803,4,8.850359961615387
9,1037,397.3766233766234,intrinsic,77,9,1037,intrinsic,2646700,9,6.422704717376792
9,1038,516.5064935064935,values.,77,9,1038,values,33608259,7,7.526446015406792
10,1,728.0512820512821,Tourette's,78,10,1,Tourette 's,67892,10,4.831818602549336
10,2,522.8181818181819,"syndrome,",77,10,2,syndrome,6842877,9,6.8352387336684775
10,3,464.75,a,76,10,3,a,3213754375,1,9.507012680872096
10,4,447.6623376623377,neurological,77,10,4,neurological,964901,12,5.984482756494766
10,5,427.23376623376623,disorder,77,10,5,disorder,6963580,8,6.842832569282884
10,6,463.63513513513516,characterized,74,10,6,characterized,7084259,13,6.850294430583341
10,7,394.92105263157896,by,76,10,7,by,877228367,2,8.94311266704604
10,8,421.44736842105266,"repetitive,",76,10,8,repetitive,1037607,11,6.016032892963378
10,9,437.7027027027027,involuntary,74,10,9,involuntary,973945,11,5.988534432370469
10,10,427.4657534246575,"movements,",73,10,10,movements,9613806,10,6.982895354116784
10,11,487.68918918918916,was,74,10,11,was,1140172617,3,9.056970606543045
10,12,359.63513513513516,named,74,10,12,named,12183636,5,7.085776915479591
10,13,365.6216216216216,for,74,10,13,for,1388290219,3,9.14248026391068
10,15,427.125,Georges,72,10,15,Georges,868195,7,5.93861728037545
10,16,473.7638888888889,Gilles,72,10,16,Gilles,301525,6,5.479323326134323
10,17,470.25,de,72,10,17,de,75082133,2,7.875536601948396
10,18,413.44444444444446,la,72,10,18,la,25309478,2,7.403283188063929
10,19,486.38028169014086,"Tourette,",71,10,19,Tourette,135722,9,5.132650250785665
10,20,440.8082191780822,the,73,10,20,the,9819942513,3,9.992108945387768
10,21,432.1621621621622,pioneering,74,10,21,pioneering,801153,10,5.903715463288322
10,22,393.5890410958904,French,73,10,22,French,26321301,6,7.420307351627214
10,23,398.6666666666667,neurologist,72,10,23,neurologist,140358,11,5.147237171205151
10,24,414.40845070422534,who,71,10,24,who,294018466,3,8.46837460738514
10,25,381.1,first,70,10,25,first,172429084,5,8.236610521090785
10,26,371.43055555555554,described,72,10,26,described,29601923,9,7.471319924611698
10,27,387.6986301369863,the,73,10,27,the,9819942513,3,9.992108945387768
10,28,383.027397260274,condition,73,10,28,condition,20353662,9,7.308642558195843
10,29,346.3918918918919,in,74,10,29,in,3271087682,2,9.514692185610274
10,30,335.54794520547944,an,73,10,30,an,576832090,2,8.761049412810996
10,31,687.3661971830986,eighty-six-year-old,71,10,31,eighty - six - year - old,172212,19,5.236063410487001
10,32,596.4444444444445,French,72,10,32,French,26321301,6,7.420307351627214
10,33,694.7916666666666,noblewoman.,72,10,33,noblewoman,35955,11,4.555759293089335
10,34,559.6849315068494,It,73,10,34,It,278516683,2,8.444851214295534
10,35,390.6164383561644,is,73,10,35,is,1780724214,2,9.250596664206503
10,36,379.7027027027027,almost,74,10,36,almost,40784201,6,7.610491958498274
10,37,407.36,always,75,10,37,always,61220587,6,7.786897489417453
10,38,410.8082191780822,in,73,10,38,in,3271087682,2,9.514692185610274
10,39,356.72972972972974,childhood,74,10,39,childhood,6646302,9,6.82258007121198
10,40,370.06756756756755,that,74,10,40,that,1746480437,4,9.24216372530116
10,41,341.8082191780822,the,73,10,41,the,9819942513,3,9.992108945387768
10,42,372.71232876712327,early,73,10,42,early,54812804,5,7.738882019378876
10,43,456.4109589041096,symptoms,73,10,43,symptoms,9935013,8,6.997168439722087
10,44,349.55405405405406,of,74,10,44,of,6162371881,2,9.789747903165104
10,45,337.64383561643837,Tourette's,73,10,45,Tourette 's,67892,10,4.831818602549336
10,46,339.1232876712329,are,73,10,46,are,817391287,3,8.912430004028879
10,47,365.375,first,72,10,47,first,172429084,5,8.236610521090785
10,48,354.43835616438355,"noticed,",73,10,48,noticed,6953790,8,6.8422215711303425
10,49,350.8904109589041,with,73,10,49,with,1110064802,4,9.0453483322367
10,50,357.958904109589,the,73,10,50,the,9819942513,3,9.992108945387768
10,51,377.16438356164383,average,73,10,51,average,20942483,7,7.32102817157729
10,52,375.38028169014086,onset,71,10,52,onset,3409206,5,6.5326532441037175
10,53,374.875,between,72,10,53,between,169905876,7,8.2302083987057
10,54,338.02777777777777,the,72,10,54,the,9819942513,3,9.992108945387768
10,55,331.36986301369865,ages,73,10,55,ages,5047770,4,6.703099558199929
10,56,375.027397260274,of,73,10,56,of,6162371881,2,9.789747903165104
10,57,382.7671232876712,seven,73,10,57,seven,14902531,5,7.173260033914697
10,58,373.3424657534247,and,73,10,58,and,4873010095,3,9.687797311073117
10,59,374.6111111111111,ten,72,10,59,ten,19239259,3,7.284188341173296
10,60,381.72222222222223,years.,72,10,60,years,114423406,6,8.058514871108287
10,61,431.2739726027397,It,73,10,61,It,278516683,2,8.444851214295534
10,62,357.6575342465753,is,73,10,62,is,1780724214,2,9.250596664206503
10,63,365.43835616438355,estimated,73,10,63,estimated,8552136,9,6.9320745986062295
10,64,355.8904109589041,that,73,10,64,that,1746480437,4,9.24216372530116
10,65,366.35135135135135,two,74,10,65,two,201126338,3,8.303468946275931
10,66,354.9166666666667,hundred,72,10,66,hundred,16818524,7,7.225787879286954
10,67,366.5416666666667,thousand,72,10,67,thousand,12131335,8,7.083908595691872
10,68,422.056338028169,Americans,71,10,68,Americans,15038710,9,7.177210584665911
10,69,432.93150684931504,have,73,10,69,have,593092485,4,8.773122421177646
10,70,397.5068493150685,the,73,10,70,the,9819942513,3,9.992108945387768
10,71,369.6164383561644,most,73,10,71,most,165240742,4,8.21811713647268
10,72,352.16901408450707,severe,71,10,72,severe,9854989,6,6.993656143862345
10,73,398.8888888888889,form,72,10,73,form,68619504,4,7.8364475745356375
10,74,358.71232876712327,of,73,10,74,of,6162371881,2,9.789747903165104
10,75,375.2191780821918,"Tourette's,",73,10,75,Tourette 's,67892,11,4.831818602549336
10,76,360.47945205479454,and,73,10,76,and,4873010095,3,9.687797311073117
10,77,341.84722222222223,as,72,10,77,as,1139819594,2,9.056836118415085
10,78,379.4246575342466,many,73,10,78,many,138917121,4,8.142755774158092
10,79,340.0135135135135,as,74,10,79,as,1139819594,2,9.056836118415085
10,80,330.7027027027027,one,74,10,80,one,398913374,3,8.600878596743621
10,81,327.47297297297297,in,74,10,81,in,3271087682,2,9.514692185610274
10,82,368.3150684931507,a,73,10,82,a,3213754375,1,9.507012680872096
10,83,375.4054054054054,hundred,74,10,83,hundred,16818524,7,7.225787879286954
10,84,413.0405405405405,people,74,10,84,people,149869947,6,8.175714553724845
10,85,415.8243243243243,exhibit,74,10,85,exhibit,3681750,7,6.566054295491569
10,86,349.0,milder,73,10,86,milder,313932,6,5.496835586853577
10,87,442.4189189189189,and,74,10,87,and,4873010095,3,9.687797311073117
10,88,364.8378378378378,less,74,10,88,less,66492927,4,7.822775450893482
10,89,356.31081081081084,complex,74,10,89,complex,23142510,7,7.364410460062287
10,90,365.97297297297297,symptoms,74,10,90,symptoms,9935013,8,6.997168439722087
10,91,365.2328767123288,that,73,10,91,that,1746480437,4,9.24216372530116
10,92,392.8918918918919,include,74,10,92,include,35320768,7,7.548030138125688
10,93,365.14864864864865,chronic,74,10,93,chronic,6072599,7,6.783374603724717
10,94,360.36486486486484,motor,74,10,94,motor,6581690,5,6.81833742301154
10,95,383.22972972972974,and,74,10,95,and,4873010095,3,9.687797311073117
10,96,407.72972972972974,vocal,74,10,96,vocal,1919886,5,6.283275441703127
10,97,373.7260273972603,tics,73,10,97,tics,158923,4,5.201186754666413
10,98,427.54794520547944,or,73,10,98,or,793525686,2,8.899560989197376
10,99,449.56756756756755,transient,74,10,99,transient,1784490,9,6.251514118580843
10,100,372.4109589041096,tics,73,10,100,tics,158923,4,5.201186754666413
10,101,409.72972972972974,of,74,10,101,of,6162371881,2,9.789747903165104
10,102,445.0821917808219,childhood.,73,10,102,childhood,6646302,10,6.82258007121198
10,103,433.5138888888889,For,72,10,103,For,120135284,3,8.079670579392786
10,104,361.8783783783784,the,74,10,104,the,9819942513,3,9.992108945387768
10,105,396.81081081081084,majority,74,10,105,majority,14796835,8,7.170168831001037
10,106,355.64864864864865,of,74,10,106,of,6162371881,2,9.789747903165104
10,107,367.94594594594594,people,74,10,107,people,149869947,6,8.175714553724845
10,108,383.24657534246575,diagnosed,73,10,108,diagnosed,1653583,9,6.218425998788472
10,109,380.7808219178082,with,73,10,109,with,1110064802,4,9.0453483322367
10,110,339.2739726027397,the,73,10,110,the,9819942513,3,9.992108945387768
10,111,399.7945205479452,"disorder,",73,10,111,disorder,6963580,9,6.842832569282884
10,112,385.7945205479452,Tourette's,73,10,112,Tourette 's,67892,10,4.831818602549336
10,113,387.05479452054794,is,73,10,113,is,1780724214,2,9.250596664206503
10,114,358.47945205479454,not,73,10,114,not,1006314753,3,9.002733839677335
10,115,375.5068493150685,a,73,10,115,a,3213754375,1,9.507012680872096
10,116,351.8243243243243,chronic,74,10,116,chronic,6072599,7,6.783374603724717
10,117,404.013698630137,condition,73,10,117,condition,20353662,9,7.308642558195843
10,118,401.3013698630137,with,73,10,118,with,1110064802,4,9.0453483322367
10,119,373.88,symptoms,75,10,119,symptoms,9935013,8,6.997168439722087
10,120,372.4594594594595,lasting,74,10,120,lasting,2601928,7,6.415295274687009
10,121,349.2432432432432,a,74,10,121,a,3213754375,1,9.507012680872096
10,122,371.77027027027026,lifetime.,74,10,122,lifetime,3608822,9,6.557365461631629
10,123,399.8918918918919,Rather,74,10,123,Rather,5940681,6,6.773836232454235
10,124,341.5405405405405,it,74,10,124,it,908536386,2,8.958342325064617
10,125,319.36486486486484,is,74,10,125,is,1780724214,2,9.250596664206503
10,126,348.13698630136986,a,73,10,126,a,3213754375,1,9.507012680872096
10,127,378.1111111111111,condition,72,10,127,condition,20353662,9,7.308642558195843
10,128,348.3013698630137,whose,73,10,128,whose,34769707,5,7.54120103095305
10,129,349.83561643835617,severity,73,10,129,severity,2389980,8,6.378394266669485
10,130,368.18918918918916,peaks,74,10,130,peaks,1988791,5,6.2985891459621
10,131,334.3783783783784,in,74,10,131,in,3271087682,2,9.514692185610274
10,132,342.3783783783784,the,74,10,132,the,9819942513,3,9.992108945387768
10,133,333.0945945945946,early,74,10,133,early,54812804,5,7.738882019378876
10,134,322.7027027027027,"teens,",74,10,134,teens,1114308,6,6.047005248479004
10,135,358.3013698630137,with,73,10,135,with,1110064802,4,9.0453483322367
10,136,393.67123287671234,improvement,73,10,136,improvement,7640531,11,6.883123542130173
10,137,369.9054054054054,occurring,74,10,137,occurring,3894946,9,6.590501440939368
10,138,396.3783783783784,in,74,10,138,in,3271087682,2,9.514692185610274
10,139,318.0405405405405,the,74,10,139,the,9819942513,3,9.992108945387768
10,140,315.35135135135135,late,74,10,140,late,29067082,4,7.463401435798437
10,141,328.1917808219178,teens,73,10,141,teens,1114308,5,6.047005248479004
10,142,332.2328767123288,and,73,10,142,and,4873010095,3,9.687797311073117
10,143,324.31081081081084,continuing,74,10,143,continuing,5882111,10,6.7695332157223325
10,144,346.22972972972974,into,74,10,144,into,254637739,4,8.40592276940739
10,145,358.70666666666665,adulthood.,75,10,145,adulthood,1240638,10,6.09364507921293
10,146,375.5,"However,",74,10,146,However,53726413,8,7.730187846220871
10,147,363.0810810810811,approximately,74,10,147,approximately,9303872,13,6.9686637268626885
10,148,391.45205479452056,ten,73,10,148,ten,19239259,3,7.284188341173296
10,149,388.3835616438356,percent,73,10,149,percent,36620745,7,7.5637271751950035
10,150,350.6027397260274,of,73,10,150,of,6162371881,2,9.789747903165104
10,151,339.5135135135135,those,74,10,151,those,131352362,5,8.118437886747845
10,152,355.4246575342466,affected,73,10,152,affected,11155698,8,7.047496748807635
10,153,340.8767123287671,have,73,10,153,have,593092485,4,8.773122421177646
10,154,327.1095890410959,a,73,10,154,a,3213754375,1,9.507012680872096
10,155,340.375,progressive,72,10,155,progressive,4230006,11,6.626340983395147
10,156,356.5890410958904,or,73,10,156,or,793525686,2,8.899560989197376
10,157,345.5753424657534,disabling,73,10,157,disabling,352299,9,5.546911410438982
10,158,357.75342465753425,course,73,10,158,course,51745541,6,7.713872931857864
10,159,370.2,that,75,10,159,that,1746480437,4,9.24216372530116
10,160,355.97297297297297,lasts,74,10,160,lasts,887350,5,5.948094953639191
10,161,333.2027027027027,into,74,10,161,into,254637739,4,8.40592276940739
10,162,390.0,adulthood.,74,10,162,adulthood,1240638,10,6.09364507921293
10,163,360.3424657534247,It,73,10,163,It,278516683,2,8.444851214295534
10,164,335.0,is,74,10,164,is,1780724214,2,9.250596664206503
10,165,315.8378378378378,not,74,10,165,not,1006314753,3,9.002733839677335
10,166,326.5810810810811,uncommon,74,10,166,uncommon,1769394,8,6.247824550249045
10,167,335.18918918918916,for,74,10,167,for,1388290219,3,9.14248026391068
10,168,352.6027397260274,symptoms,73,10,168,symptoms,9935013,8,6.997168439722087
10,169,348.63013698630135,to,73,10,169,to,4223327232,2,9.62565473275005
10,170,341.958904109589,be,73,10,170,be,964072174,2,8.984109548007202
10,171,369.05479452054794,present,73,10,171,present,52582897,7,7.7208445094321005
10,172,332.85135135135135,for,74,10,172,for,1388290219,3,9.14248026391068
10,173,347.80281690140845,an,71,10,173,an,576832090,2,8.761049412810996
10,174,346.2972972972973,extended,74,10,174,extended,10761527,8,7.031873899640943
10,175,345.5753424657534,period,73,10,175,period,46472774,6,7.667198596665146
10,176,318.05555555555554,of,72,10,176,of,6162371881,2,9.789747903165104
10,177,312.7837837837838,time,74,10,177,time,252986157,4,8.403096757922885
10,178,322.1081081081081,before,74,10,178,before,114226587,6,8.0577672006131
10,179,326.7432432432432,a,74,10,179,a,3213754375,1,9.507012680872096
10,180,332.1232876712329,formal,73,10,180,formal,11940654,6,7.077028114131104
10,181,336.6575342465753,diagnosis,73,10,181,diagnosis,7071535,9,6.849513695221418
10,182,326.9594594594595,of,74,10,182,of,6162371881,2,9.789747903165104
10,183,340.2432432432432,Tourette's,74,10,183,Tourette 's,67892,10,4.831818602549336
10,184,364.52702702702703,is,74,10,184,is,1780724214,2,9.250596664206503
10,185,360.27027027027026,obtained.,74,10,185,obtained,17042186,9,7.231525300926407
10,186,368.3150684931507,The,73,10,186,The,1217211729,3,9.085366128549287
10,187,348.05405405405406,reasons,74,10,187,reasons,17716057,7,7.248367068922816
10,188,327.56164383561645,for,73,10,188,for,1388290219,3,9.14248026391068
10,189,340.8783783783784,this,74,10,189,this,599554050,4,8.777828340993896
10,190,356.56944444444446,are,72,10,190,are,817391287,3,8.912430004028879
10,191,369.77027027027026,many,74,10,191,many,138917121,4,8.142755774158092
10,192,320.6164383561644,and,73,10,192,and,4873010095,3,9.687797311073117
10,193,336.041095890411,may,73,10,193,may,231873651,3,8.365251400317783
10,194,406.2739726027397,include,73,10,194,include,35320768,7,7.548030138125688
10,195,343.1756756756757,the,74,10,195,the,9819942513,3,9.992108945387768
10,196,340.8493150684931,fact,73,10,196,fact,61142902,4,7.786346047616712
10,197,323.46666666666664,that,75,10,197,that,1746480437,4,9.24216372530116
10,198,314.97333333333336,for,75,10,198,for,1388290219,3,9.14248026391068
10,199,338.958904109589,families,73,10,199,families,16497146,8,7.217408817931504
10,200,331.73972602739724,and,73,10,200,and,4873010095,3,9.687797311073117
10,201,351.81081081081084,physicians,74,10,201,physicians,3426141,10,6.53480523202759
10,202,352.7027027027027,unfamiliar,74,10,202,unfamiliar,1462076,10,6.164969948218804
10,203,349.4583333333333,with,72,10,203,with,1110064802,4,9.0453483322367
10,204,348.64383561643837,"Tourette's,",73,10,204,Tourette 's,67892,11,4.831818602549336
10,205,376.32876712328766,mild,73,10,205,mild,3201166,4,6.505308195548299
10,206,339.44594594594594,and,74,10,206,and,4873010095,3,9.687797311073117
10,207,351.3783783783784,even,74,10,207,even,130943090,4,8.117082585204544
10,208,352.90410958904107,moderate,73,10,208,moderate,4397119,8,6.643168219166219
10,209,330.13698630136986,tic,73,10,209,tic,224142,3,5.350523242787546
10,210,333.2972972972973,symptoms,74,10,210,symptoms,9935013,8,6.997168439722087
10,211,346.3150684931507,may,73,10,211,may,231873651,3,8.365251400317783
10,212,335.2432432432432,be,74,10,212,be,964072174,2,8.984109548007202
10,213,324.94520547945206,considered,73,10,213,considered,32202519,10,7.507889845143374
10,214,431.35135135135135,"inconsequential,",74,10,214,inconsequential,234580,16,5.3702909819487274
10,215,438.94444444444446,part,72,10,215,part,92088752,4,7.964206587388475
10,216,360.1232876712329,of,73,10,216,of,6162371881,2,9.789747903165104
10,217,335.1111111111111,a,72,10,217,a,3213754375,1,9.507012680872096
10,218,397.85135135135135,developmental,74,10,218,developmental,4024232,13,6.604683010172972
10,219,393.31081081081084,"phase,",74,10,219,phase,17236843,6,7.236457725918503
10,220,339.36486486486484,or,74,10,220,or,793525686,2,8.899560989197376
10,221,350.5416666666667,the,72,10,221,the,9819942513,3,9.992108945387768
10,222,327.63513513513516,result,74,10,222,result,45374035,6,7.65680740171069
10,223,312.2837837837838,of,74,10,223,of,6162371881,2,9.789747903165104
10,224,313.1095890410959,another,73,10,224,another,83344110,7,7.9208749132835905
10,225,382.52054794520546,condition.,73,10,225,condition,20353662,10,7.308642558195843
10,226,372.7945205479452,For,73,10,226,For,120135284,3,8.079670579392786
10,227,347.63013698630135,"example,",73,10,227,example,83682611,8,7.922635222254579
10,228,331.7916666666667,parents,72,10,228,parents,25278253,7,7.402747056213318
10,229,319.2191780821918,may,73,10,229,may,231873651,3,8.365251400317783
10,230,350.86301369863014,think,73,10,230,think,67200350,5,7.8273715349983615
10,231,314.93055555555554,that,72,10,231,that,1746480437,4,9.24216372530116
10,232,318.77777777777777,eye,72,10,232,eye,15763611,3,7.197655709203086
10,233,333.0,blinking,72,10,233,blinking,429000,8,5.632457292184724
10,234,358.0416666666667,is,72,10,234,is,1780724214,2,9.250596664206503
10,235,336.7323943661972,related,71,10,235,related,32471782,7,7.5115061226737625
10,236,313.1388888888889,to,72,10,236,to,4223327232,2,9.62565473275005
10,237,334.8888888888889,vision,72,10,237,vision,11960467,6,7.077748137140979
10,238,319.0138888888889,problems,72,10,238,problems,42582185,8,7.629227942426316
10,239,333.45205479452056,or,73,10,239,or,793525686,2,8.899560989197376
10,240,323.0138888888889,that,72,10,240,that,1746480437,4,9.24216372530116
10,241,319.986301369863,sniffing,73,10,241,sniffing,274736,8,5.438915570876567
10,242,374.59722222222223,is,72,10,242,is,1780724214,2,9.250596664206503
10,243,343.27777777777777,related,72,10,243,related,32471782,7,7.5115061226737625
10,244,323.55555555555554,to,72,10,244,to,4223327232,2,9.62565473275005
10,245,384.75,seasonal,72,10,245,seasonal,1802832,8,6.255955258129848
10,246,345.4492753623188,allergies.,69,10,246,allergies,411233,10,5.614087957988319
10,247,403.01408450704224,There,71,10,247,There,98749156,5,7.994533392439164
10,248,336.61971830985914,are,71,10,248,are,817391287,3,8.912430004028879
10,249,321.8888888888889,many,72,10,249,many,138917121,4,8.142755774158092
10,250,354.7323943661972,patients,71,10,250,patients,32440708,8,7.511090323872591
10,251,346.4788732394366,who,71,10,251,who,294018466,3,8.46837460738514
10,252,319.07042253521126,are,71,10,252,are,817391287,3,8.912430004028879
10,253,378.55555555555554,self-diagnosed,72,10,253,self - diagnosed,2094,14,3.3209766773428235
10,254,378.7323943661972,after,71,10,254,after,131123106,5,8.117679228105795
10,255,349.27777777777777,"they,",72,10,255,they,418953705,5,8.622166035439204
10,256,374.1666666666667,their,72,10,256,their,438887121,5,8.642352836801459
10,257,380.8169014084507,"parents,",71,10,257,parents,25278253,8,7.402747056213318
10,258,365.958904109589,other,73,10,258,other,281661595,5,8.449727634289163
10,259,355.24657534246575,"relatives,",73,10,259,relatives,3991902,10,6.601179870946583
10,260,349.9189189189189,or,74,10,260,or,793525686,2,8.899560989197376
10,261,322.31081081081084,friends,74,10,261,friends,22974473,7,7.361245558107465
10,262,324.47945205479454,read,73,10,262,read,32124152,4,7.5068316721656085
10,263,316.09589041095893,or,73,10,263,or,793525686,2,8.899560989197376
10,264,315.43835616438355,hear,73,10,264,hear,18622526,4,7.270038589290667
10,265,302.6621621621622,about,74,10,265,about,265782619,5,8.424526576609713
10,266,335.6575342465753,Tourette's,73,10,266,Tourette 's,67892,10,4.831818602549336
10,267,331.93150684931504,from,73,10,267,from,708532803,4,8.850359961615387
10,268,344.47222222222223,others.,72,10,268,others,56694406,7,7.753540209454042
10,269,361.8918918918919,Tics,74,10,269,Tics,15066,4,4.177997963096566
10,270,343.3835616438356,are,73,10,270,are,817391287,3,8.912430004028879
10,271,344.6756756756757,classified,74,10,271,classified,3872694,10,6.588013182666015
10,272,347.6111111111111,as,72,10,272,as,1139819594,2,9.056836118415085
10,273,324.0,either,73,10,273,either,45955645,6,7.662338865923925
10,274,308.0,simple,73,10,274,simple,25423655,6,7.405237986510061
10,275,357.94520547945206,or,73,10,275,or,793525686,2,8.899560989197376
10,276,327.041095890411,complex.,73,10,276,complex,23142510,8,7.364410460062287
10,277,365.958904109589,Simple,73,10,277,Simple,1704940,6,6.231709099969327
10,278,356.24657534246575,motor,73,10,278,motor,6581690,5,6.81833742301154
10,279,370.16438356164383,tics,73,10,279,tics,158923,4,5.201186754666413
10,280,330.3835616438356,are,73,10,280,are,817391287,3,8.912430004028879
10,281,331.7361111111111,"sudden,",72,10,281,sudden,6001534,7,6.778262270814676
10,282,400.1506849315069,"brief,",73,10,282,brief,9517789,6,6.978536072688898
10,283,347.55555555555554,repetitive,72,10,283,repetitive,1037607,10,6.016032892963378
10,284,384.83561643835617,movements,73,10,284,movements,9613806,9,6.982895354116784
10,285,352.43835616438355,that,73,10,285,that,1746480437,4,9.24216372530116
10,286,326.875,involve,72,10,286,involve,7204223,7,6.857587147535965
10,287,333.68918918918916,a,74,10,287,a,3213754375,1,9.507012680872096
10,288,340.09589041095893,limited,73,10,288,limited,22223315,7,7.34680884213072
10,289,338.63013698630135,number,73,10,289,number,87423172,6,7.94162656007064
10,290,316.6164383561644,of,73,10,290,of,6162371881,2,9.789747903165104
10,291,328.17808219178085,muscle,73,10,291,muscle,8663633,6,6.9377000468662615
10,292,355.5753424657534,groups.,73,10,292,groups,39349366,7,7.594937739365485
10,293,347.1917808219178,Some,73,10,293,Some,38265923,4,7.582812193269087
10,294,317.59722222222223,of,72,10,294,of,6162371881,2,9.789747903165104
10,295,313.93055555555554,the,72,10,295,the,9819942513,3,9.992108945387768
10,296,326.2676056338028,more,71,10,296,more,329429635,4,8.517762665076773
10,297,312.40277777777777,common,72,10,297,common,45510679,6,7.6581133150439324
10,298,313.31944444444446,simple,72,10,298,simple,25423655,6,7.405237986510061
10,299,342.8082191780822,tics,73,10,299,tics,158923,4,5.201186754666413
10,300,308.18055555555554,include,72,10,300,include,35320768,7,7.548030138125688
10,301,358.875,eye,72,10,301,eye,15763611,3,7.197655709203086
10,302,367.7042253521127,"blinking,",71,10,302,blinking,429000,9,5.632457292184724
10,303,352.6575342465753,facial,73,10,303,facial,2210934,6,6.3445757783708325
10,304,397.8888888888889,"grimacing,",72,10,304,grimacing,78917,10,4.8971705673529655
10,305,472.94444444444446,shoulder,72,10,305,shoulder,7422452,8,6.870547397753089
10,306,465.68055555555554,"shrugging,",72,10,306,shrugging,113148,10,5.053646881784867
10,307,406.55555555555554,and,72,10,307,and,4873010095,3,9.687797311073117
10,308,353.90277777777777,head,72,10,308,head,48252042,4,7.683515697173422
10,309,363.68055555555554,or,72,10,309,or,793525686,2,8.899560989197376
10,310,364.22222222222223,shoulder,72,10,310,shoulder,7422452,8,6.870547397753089
10,311,374.2112676056338,jerking.,71,10,311,jerking,204416,8,5.310514885786351
10,312,372.5,Simple,72,10,312,Simple,1704940,6,6.231709099969327
10,313,476.05555555555554,"vocalizations,",72,10,313,vocalizations,102964,14,5.012685405926087
10,314,382.34722222222223,which,72,10,314,which,508000647,5,8.705864265410595
10,315,373.28169014084506,motor,71,10,315,motor,6581690,5,6.81833742301154
10,316,389.3888888888889,tics,72,10,316,tics,158923,4,5.201186754666413
10,317,366.72222222222223,typically,72,10,317,typically,9176882,9,6.962695147409001
10,318,376.40277777777777,"precede,",72,10,318,precede,650756,8,5.813418181014663
10,319,510.0833333333333,might,72,10,319,might,86236716,5,7.935692209690595
10,320,416.4246575342466,include,73,10,320,include,35320768,7,7.548030138125688
10,321,402.83561643835617,repetitive,73,10,321,repetitive,1037607,10,6.016032892963378
10,322,484.8169014084507,"throat-clearing,",71,10,322,throat - clearing,4676,16,3.6698745024898023
10,323,523.8356164383562,"sniffing,",73,10,323,sniffing,274736,9,5.438915570876567
10,324,402.27777777777777,or,72,10,324,or,793525686,2,8.899560989197376
10,325,375.83561643835617,grunting,73,10,325,grunting,122214,8,5.0871209585618935
10,326,400.6849315068493,sounds.,73,10,326,sounds,7477375,7,6.873749161621244
10,327,431.63013698630135,Complex,73,10,327,Complex,1230616,7,6.090122557319975
10,328,395.4246575342466,tics,73,10,328,tics,158923,4,5.201186754666413
10,329,375.22222222222223,are,72,10,329,are,817391287,3,8.912430004028879
10,330,366.40277777777777,"distinct,",72,10,330,distinct,8688807,9,6.938960150570121
10,331,404.76056338028167,coordinated,71,10,331,coordinated,1476982,11,6.169375202591361
10,332,394.7323943661972,patterns,71,10,332,patterns,13989300,8,7.145795983702466
10,333,353.8169014084507,of,71,10,333,of,6162371881,2,9.789747903165104
10,334,343.25,movement,72,10,334,movement,26884278,8,7.4294983776245065
10,335,351.2328767123288,that,73,10,335,that,1746480437,4,9.24216372530116
10,336,321.2054794520548,involve,73,10,336,involve,7204223,7,6.857587147535965
10,337,327.22222222222223,several,72,10,337,several,51680241,7,7.713324530233276
10,338,350.5,muscle,72,10,338,muscle,8663633,6,6.9377000468662615
10,339,347.35616438356163,groups.,73,10,339,groups,39349366,7,7.594937739365485
10,340,345.5068493150685,Complex,73,10,340,Complex,1230616,7,6.090122557319975
10,341,344.05555555555554,motor,72,10,341,motor,6581690,5,6.81833742301154
10,342,329.52054794520546,tics,73,10,342,tics,158923,4,5.201186754666413
10,343,345.5,might,72,10,343,might,86236716,5,7.935692209690595
10,344,327.5774647887324,include,71,10,344,include,35320768,7,7.548030138125688
10,345,320.67605633802816,facial,71,10,345,facial,2210934,6,6.3445757783708325
10,346,352.6478873239437,grimacing,71,10,346,grimacing,78917,9,4.8971705673529655
10,347,394.81944444444446,combined,72,10,347,combined,9485910,8,6.977078999855301
10,348,337.013698630137,with,73,10,348,with,1110064802,4,9.0453483322367
10,349,315.63013698630135,a,73,10,349,a,3213754375,1,9.507012680872096
10,350,326.8493150684931,head,73,10,350,head,48252042,4,7.683515697173422
10,351,340.98591549295776,twist,71,10,351,twist,1340156,5,6.127155355078114
10,352,351.3521126760563,and,71,10,352,and,4873010095,3,9.687797311073117
10,353,364.9577464788732,a,71,10,353,a,3213754375,1,9.507012680872096
10,354,335.88732394366195,shoulder,71,10,354,shoulder,7422452,8,6.870547397753089
10,355,349.69444444444446,shrug.,72,10,355,shrug,437362,6,5.640841046860677
10,356,361.92957746478874,Other,71,10,356,Other,20655399,5,7.315033588652939
10,357,344.8611111111111,complex,72,10,357,complex,23142510,7,7.364410460062287
10,358,338.80555555555554,motor,72,10,358,motor,6581690,5,6.81833742301154
10,359,316.30555555555554,tics,72,10,359,tics,158923,4,5.201186754666413
10,360,317.7887323943662,may,71,10,360,may,231873651,3,8.365251400317783
10,361,323.43055555555554,actually,72,10,361,actually,22550287,8,7.353152073563121
10,362,323.40277777777777,appear,72,10,362,appear,22235113,6,7.347039340897693
10,363,320.4861111111111,"purposeful,",72,10,363,purposeful,503498,11,5.701997749783999
10,364,401.28169014084506,including,71,10,364,including,45597635,9,7.658942317816067
10,365,371.625,sniffing,72,10,365,sniffing,274736,8,5.438915570876567
10,366,368.84722222222223,or,72,10,366,or,793525686,2,8.899560989197376
10,367,352.8888888888889,touching,72,10,367,touching,2396270,8,6.379535750655401
10,368,389.01408450704224,"objects,",71,10,368,objects,16712258,8,7.223035131562454
10,369,405.0422535211268,"hopping,",71,10,369,hopping,375893,8,5.5750642382179905
10,370,438.80281690140845,"jumping,",71,10,370,jumping,1273153,8,6.104880597732968
10,371,437.5211267605634,"bending,",71,10,371,bending,1734474,8,6.239167794093812
10,372,400.3521126760563,or,71,10,372,or,793525686,2,8.899560989197376
10,373,383.40277777777777,twisting.,72,10,373,twisting,765376,9,5.883874839870473
10,374,397.68055555555554,Complex,72,10,374,Complex,1230616,7,6.090122557319975
10,375,412.92957746478874,vocal,71,10,375,vocal,1919886,5,6.283275441703127
10,376,338.6619718309859,tics,71,10,376,tics,158923,4,5.201186754666413
10,377,354.77777777777777,include,72,10,377,include,35320768,7,7.548030138125688
10,378,349.15492957746477,words,71,10,378,words,48067530,5,7.681851806028566
10,379,341.2112676056338,or,71,10,379,or,793525686,2,8.899560989197376
10,380,341.16901408450707,phrases.,71,10,380,phrases,2718090,8,6.434263832770375
10,381,352.7083333333333,Perhaps,72,10,381,Perhaps,10845319,7,7.035242330707264
10,382,344.2083333333333,the,72,10,382,the,9819942513,3,9.992108945387768
10,383,313.93055555555554,most,72,10,383,most,165240742,4,8.21811713647268
10,384,354.06944444444446,dramatic,72,10,384,dramatic,6068148,8,6.783056164533857
10,385,330.2083333333333,and,72,10,385,and,4873010095,3,9.687797311073117
10,386,323.69444444444446,disabling,72,10,386,disabling,352299,9,5.546911410438982
10,387,329.97222222222223,tics,72,10,387,tics,158923,4,5.201186754666413
10,388,324.6666666666667,include,72,10,388,include,35320768,7,7.548030138125688
10,389,326.55555555555554,motor,72,10,389,motor,6581690,5,6.81833742301154
10,390,348.0138888888889,movements,72,10,390,movements,9613806,9,6.982895354116784
10,391,355.5774647887324,that,71,10,391,that,1746480437,4,9.24216372530116
10,392,329.01408450704224,result,71,10,392,result,45374035,6,7.65680740171069
10,393,322.80281690140845,in,71,10,393,in,3271087682,2,9.514692185610274
10,394,342.90140845070425,self-harm,71,10,394,self - harm,51182,9,4.7091172524771725
10,395,346.3380281690141,such,71,10,395,such,209032143,4,8.320213072973228
10,396,346.92957746478874,as,71,10,396,as,1139819594,2,9.056836118415085
10,397,336.1267605633803,punching,71,10,397,punching,259834,8,5.4146959790936515
10,398,344.3380281690141,oneself,71,10,398,oneself,2359059,7,6.37273880271434
10,399,367.4225352112676,in,71,10,399,in,3271087682,2,9.514692185610274
10,400,320.8611111111111,the,72,10,400,the,9819942513,3,9.992108945387768
10,401,326.59722222222223,"face,",72,10,401,face,45765806,5,7.660541115300077
10,402,328.80555555555554,or,72,10,402,or,793525686,2,8.899560989197376
10,403,321.5492957746479,vocal,71,10,403,vocal,1919886,5,6.283275441703127
10,404,359.6901408450704,tics,71,10,404,tics,158923,4,5.201186754666413
10,405,334.2957746478873,including,71,10,405,including,45597635,9,7.658942317816067
10,406,485.4142857142857,"coprolalia,",70,10,406,coprolalia,4685,11,3.670709595223797
10,407,504.9577464788732,which,71,10,407,which,508000647,5,8.705864265410595
10,408,439.68055555555554,involves,72,10,408,involves,9749250,8,6.988971207145737
10,409,375.30555555555554,uttering,72,10,409,uttering,322763,8,5.508883743470028
10,410,385.06944444444446,swear,72,10,410,swear,1286120,5,6.109281491843624
10,411,392.47222222222223,"words,",72,10,411,words,48067530,6,7.681851806028566
10,412,388.80555555555554,or,72,10,412,or,793525686,2,8.899560989197376
10,413,600.0555555555555,"echolalia,",72,10,413,echolalia,19075,10,4.280464546626918
10,414,430.47222222222223,which,72,10,414,which,508000647,5,8.705864265410595
10,415,358.2083333333333,involves,72,10,415,involves,9749250,8,6.988971207145737
10,416,402.3888888888889,repeating,72,10,416,repeating,1532001,9,6.18525904877853
10,417,355.09722222222223,the,72,10,417,the,9819942513,3,9.992108945387768
10,418,346.2638888888889,words,72,10,418,words,48067530,5,7.681851806028566
10,419,358.95714285714286,or,70,10,419,or,793525686,2,8.899560989197376
10,420,368.5211267605634,phrases,71,10,420,phrases,2718090,7,6.434263832770375
10,421,366.50704225352115,of,71,10,421,of,6162371881,2,9.789747903165104
10,422,352.6901408450704,others.,71,10,422,others,56694406,7,7.753540209454042
10,423,406.1142857142857,Tics,70,10,423,Tics,15066,4,4.177997963096566
10,424,412.6901408450704,are,71,10,424,are,817391287,3,8.912430004028879
10,425,341.0,often,70,10,425,often,74180388,5,7.870289100572778
10,426,336.55555555555554,worse,72,10,426,worse,7891988,5,6.897186416223115
10,427,342.59722222222223,with,72,10,427,with,1110064802,4,9.0453483322367
10,428,347.8888888888889,excitement,72,10,428,excitement,3427417,10,6.534966946502118
10,429,361.30555555555554,or,72,10,429,or,793525686,2,8.899560989197376
10,430,368.83098591549293,anxiety,71,10,430,anxiety,6847115,7,6.835507622075878
10,431,340.02777777777777,and,72,10,431,and,4873010095,3,9.687797311073117
10,432,333.47222222222223,better,72,10,432,better,48996201,6,7.690162407606098
10,433,321.55555555555554,during,72,10,433,during,83487480,6,7.921621352434573
10,434,316.6388888888889,"calm,",72,10,434,calm,4147380,5,6.617773829032318
10,435,326.75,focused,72,10,435,focused,8093758,7,6.908150215025177
10,436,373.5833333333333,activities.,72,10,436,activities,28737684,11,7.458451764962115
10,437,399.93055555555554,Certain,72,10,437,Certain,1793632,7,6.2537333435222235
10,438,359.77777777777777,physical,72,10,438,physical,27907212,8,7.445716451555089
10,439,385.09859154929575,experiences,71,10,439,experiences,12932100,11,7.111669054219775
10,440,366.125,can,72,10,440,can,416290431,3,8.619396428153989
10,441,323.625,trigger,72,10,441,trigger,2343925,7,6.369943711182549
10,442,344.05555555555554,or,72,10,442,or,793525686,2,8.899560989197376
10,443,345.1388888888889,worsen,72,10,443,worsen,290893,6,5.46373327058377
10,444,343.4507042253521,tics.,71,10,444,tics,158923,5,5.201186754666413
10,445,320.84507042253523,For,71,10,445,For,120135284,3,8.079670579392786
10,446,339.28169014084506,"example,",71,10,446,example,83682611,8,7.922635222254579
10,447,387.85915492957747,tight,71,10,447,tight,4398874,5,6.643341522356854
10,448,377.61971830985914,collars,71,10,448,collars,269113,7,5.429934677666751
10,449,394.3521126760563,may,71,10,449,may,231873651,3,8.365251400317783
10,450,351.19718309859155,trigger,71,10,450,trigger,2343925,7,6.369943711182549
10,451,349.19718309859155,neck,71,10,451,neck,8055934,4,6.906115899507674
10,452,346.19444444444446,"tics,",72,10,452,tics,158923,5,5.201186754666413
10,453,340.0416666666667,or,72,10,453,or,793525686,2,8.899560989197376
10,454,342.9718309859155,hearing,71,10,454,hearing,8699831,7,6.939510816241571
10,455,327.0138888888889,another,72,10,455,another,83344110,7,7.9208749132835905
10,456,357.80555555555554,person,72,10,456,person,54204685,6,7.7340368249464175
10,457,322.34722222222223,sniff,72,10,457,sniff,240246,5,5.380656165571013
10,458,332.30555555555554,or,72,10,458,or,793525686,2,8.899560989197376
10,459,345.5416666666667,throat-clear,72,10,459,throat - clear,58,12,1.7634279935629373
10,460,339.6901408450704,may,71,10,460,may,231873651,3,8.365251400317783
10,461,336.40277777777777,trigger,72,10,461,trigger,2343925,7,6.369943711182549
10,462,321.375,the,72,10,462,the,9819942513,3,9.992108945387768
10,463,308.80555555555554,production,72,10,463,production,33961953,10,7.530992656623012
10,464,302.2916666666667,of,72,10,464,of,6162371881,2,9.789747903165104
10,465,311.1666666666667,similar,72,10,465,similar,35543195,7,7.550756464226261
10,466,326.6666666666667,sounds.,72,10,466,sounds,7477375,7,6.873749161621244
10,467,349.7857142857143,Tics,70,10,467,Tics,15066,4,4.177997963096566
10,468,366.6478873239437,come,71,10,468,come,69378970,4,7.841227848019203
10,469,330.14084507042253,and,71,10,469,and,4873010095,3,9.687797311073117
10,470,333.5633802816901,go,71,10,470,go,74237337,2,7.870622384722818
10,471,320.8169014084507,over,71,10,471,over,162192656,4,8.210031185689672
10,472,319.40277777777777,"time,",72,10,472,time,252986157,5,8.403096757922885
10,473,314.09722222222223,varying,72,10,473,varying,4207604,7,6.624034859304526
10,474,326.6111111111111,in,72,10,474,in,3271087682,2,9.514692185610274
10,475,309.5,"type,",72,10,475,type,42273715,5,7.62607041516059
10,476,321.7916666666667,"frequency,",72,10,476,frequency,12691327,10,7.103507034123635
10,477,334.9583333333333,"location,",72,10,477,location,12591138,9,7.10006498386365
10,478,324.7857142857143,and,70,10,478,and,4873010095,3,9.687797311073117
10,479,348.5492957746479,severity.,71,10,479,severity,2389980,9,6.378394266669485
10,480,340.14084507042253,The,71,10,480,The,1217211729,3,9.085366128549287
10,481,321.0571428571429,first,70,10,481,first,172429084,5,8.236610521090785
10,482,328.84057971014494,symptoms,69,10,482,symptoms,9935013,8,6.997168439722087
10,483,362.75714285714287,Tourette's,70,10,483,Tourette 's,67892,10,4.831818602549336
10,484,381.5774647887324,patients,71,10,484,patients,32440708,8,7.511090323872591
10,485,423.5633802816901,experience,71,10,485,experience,43388158,10,7.637371212991245
10,486,356.9154929577465,usually,71,10,486,usually,36429163,7,7.561449192964197
10,487,348.14084507042253,occur,71,10,487,occur,17914283,5,7.253199430678242
10,488,316.63380281690144,in,71,10,488,in,3271087682,2,9.514692185610274
10,489,311.9166666666667,the,72,10,489,the,9819942513,3,9.992108945387768
10,490,310.4428571428571,head,70,10,490,head,48252042,4,7.683515697173422
10,491,322.0857142857143,and,70,10,491,and,4873010095,3,9.687797311073117
10,492,330.27142857142854,neck,70,10,492,neck,8055934,4,6.906115899507674
10,493,359.2,"area,",70,10,493,area,48310654,5,7.684042916738614
10,494,341.35714285714283,though,70,10,494,though,52696046,6,7.721778029542639
10,495,336.1830985915493,they,71,10,495,they,418953705,4,8.622166035439204
10,496,315.9718309859155,may,71,10,496,may,231873651,3,8.365251400317783
10,497,320.71830985915494,progress,71,10,497,progress,12679934,8,7.103116993016502
10,498,324.93055555555554,to,72,10,498,to,4223327232,2,9.62565473275005
10,499,328.56944444444446,include,72,10,499,include,35320768,7,7.548030138125688
10,500,326.2638888888889,muscles,72,10,500,muscles,5042961,7,6.702685609533258
10,501,340.7887323943662,of,71,10,501,of,6162371881,2,9.789747903165104
10,502,302.375,the,72,10,502,the,9819942513,3,9.992108945387768
10,503,298.5833333333333,trunk,72,10,503,trunk,2385344,5,6.377551019237209
10,504,355.59722222222223,and,72,10,504,and,4873010095,3,9.687797311073117
10,505,347.7916666666667,extremities.,72,10,505,extremities,672729,12,5.827840149651746
10,506,391.6478873239437,The,71,10,506,The,1217211729,3,9.085366128549287
10,507,356.4507042253521,symptoms,71,10,507,symptoms,9935013,8,6.997168439722087
10,508,349.14084507042253,of,71,10,508,of,6162371881,2,9.789747903165104
10,509,318.2957746478873,Tourette's,71,10,509,Tourette 's,67892,10,4.831818602549336
10,510,315.34722222222223,are,72,10,510,are,817391287,3,8.912430004028879
10,511,340.15277777777777,"involuntary,",72,10,511,involuntary,973945,12,5.988534432370469
10,512,332.40277777777777,but,72,10,512,but,422070748,3,8.625385254020305
10,513,334.27777777777777,there,72,10,513,there,243799443,5,8.38703270906619
10,514,317.3333333333333,are,72,10,514,are,817391287,3,8.912430004028879
10,515,328.80555555555554,some,72,10,515,some,212953941,4,8.328285681689485
10,516,316.90277777777777,people,72,10,516,people,149869947,6,8.175714553724845
10,517,307.5492957746479,who,71,10,517,who,294018466,3,8.46837460738514
10,518,298.2957746478873,can,71,10,518,can,416290431,3,8.619396428153989
10,519,305.49295774647885,sometimes,71,10,519,sometimes,26236599,9,7.418907537591524
10,520,336.8611111111111,"suppress,",72,10,520,suppress,1374044,9,6.138000640038848
10,521,357.34722222222223,"camouflage,",72,10,521,camouflage,350560,11,5.54476236021663
10,522,363.9166666666667,or,72,10,522,or,793525686,2,8.899560989197376
10,523,362.40277777777777,otherwise,72,10,523,otherwise,13478788,9,7.12965084260164
10,524,348.3333333333333,manage,72,10,524,manage,5938517,6,6.773678004050392
10,525,321.84722222222223,their,72,10,525,their,438887121,5,8.642352836801459
10,526,307.1666666666667,tics,72,10,526,tics,158923,4,5.201186754666413
10,527,321.98591549295776,in,71,10,527,in,3271087682,2,9.514692185610274
10,528,314.875,an,72,10,528,an,576832090,2,8.761049412810996
10,529,327.80555555555554,effort,72,10,529,effort,16657004,6,7.221596890031415
10,530,300.625,to,72,10,530,to,4223327232,2,9.62565473275005
10,531,291.55555555555554,minimize,72,10,531,minimize,2618420,8,6.418039309538134
10,532,301.8732394366197,their,71,10,532,their,438887121,5,8.642352836801459
10,533,315.84722222222223,impact,72,10,533,impact,18404514,6,7.264924353708523
10,534,304.25,on,72,10,534,on,993594775,2,8.99720929902148
10,535,329.25714285714287,functioning.,70,10,535,functioning,4371222,12,6.640602863439248
10,536,417.55555555555554,"However,",72,10,536,However,53726413,8,7.730187846220871
10,537,351.46478873239437,people,71,10,537,people,149869947,6,8.175714553724845
10,538,331.84507042253523,affected,71,10,538,affected,11155698,8,7.047496748807635
10,539,328.0281690140845,by,71,10,539,by,877228367,2,8.94311266704604
10,540,326.0571428571429,Tourette's,70,10,540,Tourette 's,67892,10,4.831818602549336
10,541,338.83098591549293,often,71,10,541,often,74180388,5,7.870289100572778
10,542,321.8732394366197,report,71,10,542,report,23570328,6,7.372365626122072
10,543,314.92957746478874,a,71,10,543,a,3213754375,1,9.507012680872096
10,544,326.95714285714286,substantial,70,10,544,substantial,8740002,11,6.94151153201528
10,545,320.65714285714284,buildup,70,10,545,buildup,475319,7,5.676985174762322
10,546,319.4714285714286,in,70,10,546,in,3271087682,2,9.514692185610274
10,547,360.9714285714286,tension,70,10,547,tension,6255605,7,6.796269318099067
10,548,324.72857142857146,when,70,10,548,when,249000060,4,8.396199451744996
10,549,332.7857142857143,suppressing,70,10,549,suppressing,475844,11,5.677464597587123
10,550,341.07246376811594,their,69,10,550,their,438887121,5,8.642352836801459
10,551,328.65714285714284,tics,70,10,551,tics,158923,4,5.201186754666413
10,552,303.3521126760563,to,71,10,552,to,4223327232,2,9.62565473275005
10,553,314.943661971831,the,71,10,553,the,9819942513,3,9.992108945387768
10,554,303.6714285714286,point,70,10,554,point,68533138,5,7.835900617778045
10,555,299.95714285714286,where,70,10,555,where,136128991,5,8.133950625501162
10,556,306.5571428571429,they,70,10,556,they,418953705,4,8.622166035439204
10,557,316.8985507246377,often,69,10,557,often,74180388,5,7.870289100572778
10,558,317.51428571428573,feel,70,10,558,feel,33877718,4,7.52991414860714
10,559,306.5211267605634,that,71,10,559,that,1746480437,4,9.24216372530116
10,560,298.19718309859155,the,71,10,560,the,9819942513,3,9.992108945387768
10,561,289.07042253521126,tic,71,10,561,tic,224142,3,5.350523242787546
10,562,305.5492957746479,must,71,10,562,must,124852809,4,8.096398317768474
10,563,302.6714285714286,be,70,10,563,be,964072174,2,8.984109548007202
10,564,323.45714285714286,expressed.,70,10,564,expressed,14200038,10,7.152289506578002
10,565,379.8550724637681,Tics,69,10,565,Tics,15066,4,4.177997963096566
10,566,376.37142857142857,in,70,10,566,in,3271087682,2,9.514692185610274
10,567,327.0,response,70,10,567,response,28758864,8,7.458771727042022
10,568,304.6857142857143,to,70,10,568,to,4223327232,2,9.62565473275005
10,569,318.2142857142857,an,70,10,569,an,576832090,2,8.761049412810996
10,570,336.77464788732397,environmental,71,10,570,environmental,14589692,13,7.164046123688356
10,571,335.9428571428571,trigger,70,10,571,trigger,2343925,7,6.369943711182549
10,572,323.2957746478873,can,71,10,572,can,416290431,3,8.619396428153989
10,573,320.2112676056338,appear,71,10,573,appear,22235113,6,7.347039340897693
10,574,363.83098591549293,to,71,10,574,to,4223327232,2,9.62565473275005
10,575,297.3285714285714,be,70,10,575,be,964072174,2,8.984109548007202
10,576,312.85714285714283,voluntary,70,10,576,voluntary,3706360,9,6.568947600201516
10,577,325.22857142857146,or,70,10,577,or,793525686,2,8.899560989197376
10,578,363.42857142857144,"purposeful,",70,10,578,purposeful,503498,11,5.701997749783999
10,579,336.6521739130435,but,69,10,579,but,422070748,3,8.625385254020305
10,580,331.77142857142854,are,70,10,580,are,817391287,3,8.912430004028879
10,581,363.14285714285717,not.,70,10,581,not,1006314753,4,9.002733839677335
10,582,328.7042253521127,Many,71,10,582,Many,22254744,4,7.34742260288604
10,583,330.6901408450704,people,71,10,583,people,149869947,6,8.175714553724845
10,584,336.76056338028167,with,71,10,584,with,1110064802,4,9.0453483322367
10,585,320.80281690140845,Tourette's,71,10,585,Tourette 's,67892,10,4.831818602549336
10,586,316.2112676056338,experience,71,10,586,experience,43388158,10,7.637371212991245
10,587,352.7042253521127,additional,71,10,587,additional,17480447,10,7.242552533970656
10,588,417.76056338028167,neurobehavioral,71,10,588,neurobehavioral,43009,15,4.6335593449132935
10,589,480.8169014084507,problems,71,10,589,problems,42582185,8,7.629227942426316
10,590,372.85915492957747,that,71,10,590,that,1746480437,4,9.24216372530116
10,591,345.15492957746477,include,71,10,591,include,35320768,7,7.548030138125688
10,592,379.7464788732394,"inattention,",71,10,592,inattention,182472,12,5.261196232198359
10,593,566.2394366197183,hyperactivity,71,10,593,hyperactivity,348828,13,5.542611337950427
10,594,438.38028169014086,and,71,10,594,and,4873010095,3,9.687797311073117
10,595,380.37142857142857,impulsivity.,70,10,595,impulsivity,126619,12,5.102498879267612
10,596,415.22535211267603,People,71,10,596,People,14255339,6,7.153977549535959
10,597,368.07042253521126,with,71,10,597,with,1110064802,4,9.0453483322367
10,598,342.8732394366197,Tourette's,71,10,598,Tourette 's,67892,10,4.831818602549336
10,599,341.38028169014086,have,71,10,599,have,593092485,4,8.773122421177646
10,600,345.3098591549296,also,71,10,600,also,248861077,4,8.395956976295276
10,601,335.0422535211268,reported,71,10,601,reported,20995896,8,7.3221344128893024
10,602,314.3098591549296,problems,71,10,602,problems,42582185,8,7.629227942426316
10,603,317.9718309859155,with,71,10,603,with,1110064802,4,9.0453483322367
10,604,332.3380281690141,depression,71,10,604,depression,6794796,10,6.832176422451258
10,605,341.943661971831,or,71,10,605,or,793525686,2,8.899560989197376
10,606,338.6619718309859,anxiety,71,10,606,anxiety,6847115,7,6.835507622075878
10,607,390.875,"disorders,",72,10,607,disorders,6663560,10,6.823706312546271
10,608,350.9718309859155,as,71,10,608,as,1139819594,2,9.056836118415085
10,609,327.12857142857143,well,70,10,609,well,134592416,4,8.129020588995349
10,610,329.8732394366197,as,71,10,610,as,1139819594,2,9.056836118415085
10,611,338.5774647887324,other,71,10,611,other,281661595,5,8.449727634289163
10,612,344.4366197183099,difficulties,71,10,612,difficulties,8064589,12,6.906582239104973
10,613,357.4507042253521,Tourette's,71,10,613,Tourette 's,67892,10,4.831818602549336
10,614,389.4788732394366,syndrome,71,10,614,syndrome,6842877,8,6.8352387336684775
10,615,326.0281690140845,may,71,10,615,may,231873651,3,8.365251400317783
10,616,309.2957746478873,or,71,10,616,or,793525686,2,8.899560989197376
10,617,322.15492957746477,may,71,10,617,may,231873651,3,8.365251400317783
10,618,312.7464788732394,not,71,10,618,not,1006314753,3,9.002733839677335
10,619,322.27142857142854,directly,70,10,619,directly,21473786,8,7.331908620773172
10,620,327.7887323943662,cause.,71,10,620,cause,30784148,6,7.48832713830694
10,621,389.80281690140845,Tourette's,71,10,621,Tourette 's,67892,10,4.831818602549336
10,622,407.28169014084506,is,71,10,622,is,1780724214,2,9.250596664206503
10,623,396.9577464788732,a,71,10,623,a,3213754375,1,9.507012680872096
10,624,342.75714285714287,diagnosis,70,10,624,diagnosis,7071535,9,6.849513695221418
10,625,355.5857142857143,doctors,70,10,625,doctors,4437051,7,6.647094420578463
10,626,433.8732394366197,make,71,10,626,make,111219711,4,8.046181762245393
10,627,373.2676056338028,after,71,10,627,after,131123106,5,8.117679228105795
10,628,320.056338028169,verifying,71,10,628,verifying,332744,9,5.522110233071176
10,629,332.4366197183099,that,71,10,629,that,1746480437,4,9.24216372530116
10,630,310.92957746478874,the,71,10,630,the,9819942513,3,9.992108945387768
10,631,317.4788732394366,patient,71,10,631,patient,26917580,7,7.430036012465422
10,632,326.2,has,70,10,632,has,336617760,3,8.527137025681766
10,633,300.77464788732397,had,71,10,633,had,537932901,3,8.730728107371226
10,634,317.9154929577465,both,71,10,634,both,116011743,4,8.064501951830184
10,635,318.4366197183099,motor,71,10,635,motor,6581690,5,6.81833742301154
10,636,323.92957746478874,and,71,10,636,and,4873010095,3,9.687797311073117
10,637,322.7,vocal,70,10,637,vocal,1919886,5,6.283275441703127
10,638,324.2857142857143,tics,70,10,638,tics,158923,4,5.201186754666413
10,639,321.74285714285713,for,70,10,639,for,1388290219,3,9.14248026391068
10,640,302.0289855072464,at,69,10,640,at,654432238,2,8.815864684979672
10,641,315.24285714285713,least,70,10,641,least,48582456,5,7.686479466012265
10,642,298.98571428571427,one,70,10,642,one,398913374,3,8.600878596743621
10,643,332.6521739130435,year.,69,10,643,year,73403129,5,7.865714573246724
10,644,378.7391304347826,The,69,10,644,The,1217211729,3,9.085366128549287
10,645,342.9130434782609,existence,69,10,645,existence,16608192,9,7.220322356884798
10,646,324.95522388059703,of,67,10,646,of,6162371881,2,9.789747903165104
10,647,309.92753623188406,other,69,10,647,other,281661595,5,8.449727634289163
10,648,328.75,neurological,68,10,648,neurological,964901,12,5.984482756494766
10,649,366.5652173913044,or,69,10,649,or,793525686,2,8.899560989197376
10,650,341.42028985507244,psychiatric,69,10,650,psychiatric,2253531,11,6.35286353668538
10,651,349.60869565217394,conditions,69,10,651,conditions,35531542,10,7.550614055436399
10,652,324.75714285714287,can,70,10,652,can,416290431,3,8.619396428153989
10,653,314.98571428571427,also,70,10,653,also,248861077,4,8.395956976295276
10,654,303.42028985507244,help,69,10,654,help,53942915,4,7.73193441141996
10,655,297.9,doctors,70,10,655,doctors,4437051,7,6.647094420578463
10,656,313.3857142857143,establish,70,10,656,establish,10794353,9,7.033196616383017
10,657,314.1142857142857,the,70,10,657,the,9819942513,3,9.992108945387768
10,658,299.48571428571427,diagnosis,70,10,658,diagnosis,7071535,9,6.849513695221418
10,659,305.536231884058,of,69,10,659,of,6162371881,2,9.789747903165104
10,660,312.74285714285713,Tourette's,70,10,660,Tourette 's,67892,10,4.831818602549336
10,661,355.51428571428573,is,70,10,661,is,1780724214,2,9.250596664206503
10,662,333.25714285714287,the,70,10,662,the,9819942513,3,9.992108945387768
10,663,336.9154929577465,correct,71,10,663,correct,13073361,7,7.1163872536943025
10,664,357.3285714285714,one.,70,10,664,one,398913374,4,8.600878596743621
10,665,446.63380281690144,Knowledgeable,71,10,665,Knowledgeable,28654,13,4.457185256553668
10,666,409.5211267605634,clinicians,71,10,666,clinicians,916464,10,5.962115409932803
10,667,458.8169014084507,consulted,71,10,667,consulted,1505383,9,6.177647007322088
10,668,387.57142857142856,by,70,10,668,by,877228367,2,8.94311266704604
10,669,326.76056338028167,patients,71,10,669,patients,32440708,8,7.511090323872591
10,670,334.5652173913044,do,69,10,670,do,256960172,2,8.409865814299964
10,671,339.3380281690141,not,71,10,671,not,1006314753,3,9.002733839677335
10,672,320.7857142857143,often,70,10,672,often,74180388,5,7.870289100572778
10,673,321.2142857142857,misdiagnose,70,10,673,misdiagnose,4813,11,3.6824158616773586
10,674,423.7464788732394,common,71,10,674,common,45510679,6,7.6581133150439324
10,675,359.19718309859155,tics.,71,10,675,tics,158923,5,5.201186754666413
10,676,371.6478873239437,"However,",71,10,676,However,53726413,8,7.730187846220871
10,677,385.09859154929575,atypical,71,10,677,atypical,639167,8,5.805614344391248
10,678,412.1830985915493,symptoms,71,10,678,symptoms,9935013,8,6.997168439722087
10,679,363.01408450704224,or,71,10,679,or,793525686,2,8.899560989197376
10,680,329.7323943661972,atypical,71,10,680,atypical,639167,8,5.805614344391248
10,681,376.36619718309856,presentation,71,10,681,presentation,6601700,12,6.8196557848678365
10,682,328.6056338028169,such,71,10,682,such,209032143,4,8.320213072973228
10,683,316.95714285714286,as,70,10,683,as,1139819594,2,9.056836118415085
10,684,318.63380281690144,onset,71,10,684,onset,3409206,5,6.5326532441037175
10,685,322.3521126760563,of,71,10,685,of,6162371881,2,9.789747903165104
10,686,318.7464788732394,symptoms,71,10,686,symptoms,9935013,8,6.997168439722087
10,687,317.59154929577466,in,71,10,687,in,3271087682,2,9.514692185610274
10,688,308.01408450704224,adulthood,71,10,688,adulthood,1240638,9,6.09364507921293
10,689,344.71830985915494,may,71,10,689,may,231873651,3,8.365251400317783
10,690,330.6478873239437,require,71,10,690,require,16766137,7,7.22443301055829
10,691,348.0281690140845,specialty,71,10,691,specialty,1197126,9,6.078139863209137
10,692,346.1830985915493,expertise,71,10,692,expertise,3645505,9,6.561757698229275
10,693,340.8169014084507,for,71,10,693,for,1388290219,3,9.14248026391068
10,694,355.943661971831,diagnosis.,71,10,694,diagnosis,7071535,10,6.849513695221418
10,695,354.6714285714286,There,70,10,695,There,98749156,5,7.994533392439164
10,696,327.9428571428571,are,70,10,696,are,817391287,3,8.912430004028879
10,697,313.8857142857143,no,70,10,697,no,236436100,2,8.373713787073193
10,698,339.7857142857143,blood,70,10,698,blood,28036740,5,7.447727514204764
10,699,317.07042253521126,or,71,10,699,or,793525686,2,8.899560989197376
10,700,345.01408450704224,laboratory,71,10,700,laboratory,5381003,10,6.730863234173065
10,701,311.9130434782609,tests,69,10,701,tests,11483917,5,7.060090044972826
10,702,318.74285714285713,needed,70,10,702,needed,29198561,6,7.465361448532015
10,703,318.34285714285716,for,70,10,703,for,1388290219,3,9.14248026391068
10,704,330.3142857142857,diagnosis.,70,10,704,diagnosis,7071535,10,6.849513695221418
10,705,358.45714285714286,"However,",70,10,705,However,53726413,8,7.730187846220871
10,706,418.84722222222223,neuroimaging,72,10,706,neuroimaging,112651,12,5.0517350512977925
10,707,476.875,"studies,",72,10,707,studies,31706820,8,7.501152687132548
10,708,420.6388888888889,which,72,10,708,which,508000647,5,8.705864265410595
10,709,378.1830985915493,include,71,10,709,include,35320768,7,7.548030138125688
10,710,353.1267605633803,magnetic,71,10,710,magnetic,5453796,8,6.736698889063759
10,711,366.9142857142857,resonance,70,10,711,resonance,2173055,9,6.337070718448561
10,712,380.75,"imaging,",72,10,712,imaging,3309980,8,6.519825369631948
10,713,405.15277777777777,computerized,72,10,713,computerized,742102,12,5.870463602034673
10,714,450.34722222222223,"tomography,",72,10,714,tomography,785175,11,5.894966463196314
10,715,438.3611111111111,and,72,10,715,and,4873010095,3,9.687797311073117
10,716,569.8823529411765,"electroencephalograms,",68,10,716,electroencephalograms,7980,22,3.902002891350729
10,717,432.9718309859155,as,71,10,717,as,1139819594,2,9.056836118415085
10,718,353.9166666666667,well,72,10,718,well,134592416,4,8.129020588995349
10,719,307.76056338028167,as,71,10,719,as,1139819594,2,9.056836118415085
10,720,318.2112676056338,certain,71,10,720,certain,43746770,7,7.6409459928335
10,721,323.5633802816901,lab,71,10,721,lab,1750462,3,6.2431526872978855
10,722,339.4225352112676,tests,71,10,722,tests,11483917,5,7.060090044972826
10,723,329.3521126760563,may,71,10,723,may,231873651,3,8.365251400317783
10,724,322.01408450704224,be,71,10,724,be,964072174,2,8.984109548007202
10,725,316.01408450704224,used,71,10,725,used,127267606,4,8.10471787477888
10,726,309.80281690140845,to,71,10,726,to,4223327232,2,9.62565473275005
10,727,309.6478873239437,rule,71,10,727,rule,22483902,4,7.351871683676941
10,728,301.04285714285714,out,70,10,728,out,242417228,3,8.384563480838569
10,729,299.60869565217394,other,69,10,729,other,281661595,5,8.449727634289163
10,730,315.3333333333333,conditions,69,10,730,conditions,35531542,10,7.550614055436399
10,731,330.07246376811594,that,69,10,731,that,1746480437,4,9.24216372530116
10,732,335.0144927536232,Tourette's,69,10,732,Tourette 's,67892,10,4.831818602549336
10,733,374.2463768115942,might,69,10,733,might,86236716,5,7.935692209690595
10,734,319.3333333333333,be,69,10,734,be,964072174,2,8.984109548007202
10,735,316.92753623188406,confused,69,10,735,confused,3857034,8,6.586253467216393
10,736,326.95652173913044,with.,69,10,736,with,1110064802,5,9.0453483322367
10,737,341.25,In,68,10,737,In,372732694,2,8.57139748827585
10,738,329.5735294117647,terms,68,10,738,terms,42771039,5,7.631149800326625
10,739,302.3235294117647,of,68,10,739,of,6162371881,2,9.789747903165104
10,740,284.7391304347826,the,69,10,740,the,9819942513,3,9.992108945387768
10,741,283.7536231884058,role,69,10,741,role,40882681,4,7.611539368176743
10,742,281.95652173913044,of,69,10,742,of,6162371881,2,9.789747903165104
10,743,302.4492753623188,genes,69,10,743,genes,5345323,5,6.727973953301453
10,744,314.2463768115942,in,69,10,744,in,3271087682,2,9.514692185610274
10,745,328.40579710144925,the,69,10,745,the,9819942513,3,9.992108945387768
10,746,325.44117647058823,"disorder,",68,10,746,disorder,6963580,9,6.842832569282884
10,747,355.20588235294116,evidence,68,10,747,evidence,34374951,8,7.536242087770835
10,748,336.75,from,68,10,748,from,708532803,4,8.850359961615387
10,749,301.8695652173913,twin,69,10,749,twin,2042436,4,6.310148456743099
10,750,326.1159420289855,and,69,10,750,and,4873010095,3,9.687797311073117
10,751,332.71014492753625,family,69,10,751,family,63998193,6,7.806167711777516
10,752,320.3623188405797,studies,69,10,752,studies,31706820,7,7.501152687132548
10,753,356.7391304347826,suggests,69,10,753,suggests,13884867,8,7.142541724097603
10,754,314.59420289855075,that,69,10,754,that,1746480437,4,9.24216372530116
10,755,311.64179104477614,Tourette's,67,10,755,Tourette 's,67892,10,4.831818602549336
10,756,320.55882352941177,is,68,10,756,is,1780724214,2,9.250596664206503
10,757,298.54411764705884,an,68,10,757,an,576832090,2,8.761049412810996
10,758,320.38235294117646,inherited,68,10,758,inherited,2707590,9,6.432582901439093
10,759,377.74626865671644,disorder.,67,10,759,disorder,6963580,9,6.842832569282884
10,760,404.9850746268657,Although,67,10,760,Although,34293908,8,7.535216978440321
10,761,329.97058823529414,early,68,10,761,early,54812804,5,7.738882019378876
10,762,337.94117647058823,family,68,10,762,family,63998193,6,7.806167711777516
10,763,357.20588235294116,studies,68,10,763,studies,31706820,7,7.501152687132548
10,764,318.0735294117647,suggested,68,10,764,suggested,15644892,9,7.194372569465853
10,765,319.8840579710145,an,69,10,765,an,576832090,2,8.761049412810996
10,766,379.4347826086956,autosomal,69,10,766,autosomal,350334,9,5.544482287748292
10,767,507.92753623188406,dominant,69,10,767,dominant,7853052,8,6.895038473198953
10,768,441.0869565217391,mode,69,10,768,mode,10964783,4,7.0400000411357375
10,769,364.8840579710145,of,69,10,769,of,6162371881,2,9.789747903165104
10,770,371.3478260869565,inheritance,69,10,770,inheritance,2551711,11,6.406831485796566
10,771,403.77941176470586,characterized,68,10,771,characterized,7084259,13,6.850294430583341
10,772,365.1304347826087,the,69,10,772,the,9819942513,3,9.992108945387768
10,773,374.6666666666667,"condition,",69,10,773,condition,20353662,10,7.308642558195843
10,774,368.3333333333333,more,69,10,774,more,329429635,4,8.517762665076773
10,775,352.15942028985506,recent,69,10,775,recent,19718055,6,7.294864073666708
10,776,336.80882352941177,studies,68,10,776,studies,31706820,7,7.501152687132548
10,777,331.27941176470586,discovered,68,10,777,discovered,10134571,10,7.005805369578015
10,778,353.7536231884058,the,69,10,778,the,9819942513,3,9.992108945387768
10,779,345.0735294117647,pattern,68,10,779,pattern,16762731,7,7.224344775726714
10,780,322.9852941176471,of,68,10,780,of,6162371881,2,9.789747903165104
10,781,346.0,inheritance,67,10,781,inheritance,2551711,11,6.406831485796566
10,782,348.42424242424244,was,66,10,782,was,1140172617,3,9.056970606543045
10,783,340.04477611940297,much,67,10,783,much,116385957,4,8.065900581986279
10,784,358.8059701492537,more,67,10,784,more,329429635,4,8.517762665076773
10,785,351.44776119402985,complex.,67,10,785,complex,23142510,8,7.364410460062287
10,786,362.55223880597015,Although,67,10,786,Although,34293908,8,7.535216978440321
10,787,364.7910447761194,there,67,10,787,there,243799443,5,8.38703270906619
10,788,323.25373134328356,may,67,10,788,may,231873651,3,8.365251400317783
10,789,324.94029850746267,be,67,10,789,be,964072174,2,8.984109548007202
10,790,322.9852941176471,a,68,10,790,a,3213754375,1,9.507012680872096
10,791,319.5507246376812,few,69,10,791,few,64575815,3,7.810069896034192
10,792,302.38235294117646,genes,68,10,792,genes,5345323,5,6.727973953301453
10,793,338.54411764705884,that,68,10,793,that,1746480437,4,9.24216372530116
10,794,317.4927536231884,have,69,10,794,have,593092485,4,8.773122421177646
10,795,317.7971014492754,substantial,69,10,795,substantial,8740002,11,6.94151153201528
10,796,331.8695652173913,"effects,",69,10,796,effects,32198969,8,7.507841965957343
10,797,340.84057971014494,it's,69,10,797,it 's,27535650,4,7.439895332790476
10,798,360.3333333333333,also,69,10,798,also,248861077,4,8.395956976295276
10,799,301.3768115942029,possible,69,10,799,possible,57560669,8,7.760125832890001
10,800,322.0,that,68,10,800,that,1746480437,4,9.24216372530116
10,801,325.60869565217394,many,69,10,801,many,138917121,4,8.142755774158092
10,802,311.5072463768116,genes,69,10,802,genes,5345323,5,6.727973953301453
10,803,311.4492753623188,with,69,10,803,with,1110064802,4,9.0453483322367
10,804,312.463768115942,smaller,69,10,804,smaller,12341270,7,7.091359853831075
10,805,323.4927536231884,effects,69,10,805,effects,32198969,7,7.507841965957343
10,806,335.2173913043478,and,69,10,806,and,4873010095,3,9.687797311073117
10,807,327.3529411764706,environmental,68,10,807,environmental,14589692,13,7.164046123688356
10,808,351.8695652173913,factors,69,10,808,factors,25057224,7,7.398932955394706
10,809,335.0882352941176,may,68,10,809,may,231873651,3,8.365251400317783
10,810,318.94202898550725,play,69,10,810,play,29832939,4,7.474696040107226
10,811,311.39130434782606,a,69,10,811,a,3213754375,1,9.507012680872096
10,812,292.40579710144925,role,69,10,812,role,40882681,4,7.611539368176743
10,813,297.8840579710145,in,69,10,813,in,3271087682,2,9.514692185610274
10,814,289.27536231884056,the,69,10,814,the,9819942513,3,9.992108945387768
10,815,301.3623188405797,development,69,10,815,development,59678974,11,7.7758213481447624
10,816,309.7536231884058,of,69,10,816,of,6162371881,2,9.789747903165104
10,817,351.6617647058824,Tourette's.,68,10,817,Tourette 's,67892,11,4.831818602549336
10,818,386.75,Genetic,68,10,818,Genetic,1362196,7,6.1342396006709485
10,819,346.6521739130435,studies,69,10,819,studies,31706820,7,7.501152687132548
10,820,327.71014492753625,also,69,10,820,also,248861077,4,8.395956976295276
10,821,321.11764705882354,suggest,68,10,821,suggest,14130457,7,7.150156207805299
10,822,306.1449275362319,that,69,10,822,that,1746480437,4,9.24216372530116
10,823,309.0285714285714,some,70,10,823,some,212953941,4,8.328285681689485
10,824,304.4852941176471,forms,68,10,824,forms,27463164,5,7.438750570358239
10,825,294.6764705882353,of,68,10,825,of,6162371881,2,9.789747903165104
10,826,324.5,Attention,68,10,826,Attention,813466,9,5.910339405679806
10,827,351.6376811594203,Deficit,69,10,827,Deficit,250805,7,5.399336190255825
10,828,386.7826086956522,Hyperactivity,69,10,828,Hyperactivity,71521,13,4.854433578095548
10,829,380.3970588235294,Disorder,68,10,829,Disorder,795227,8,5.900491117053173
10,830,385.2173913043478,and,69,10,830,and,4873010095,3,9.687797311073117
10,831,327.2173913043478,Obsessive,69,10,831,Obsessive,98879,9,4.995104065585781
10,832,329.82608695652175,Compulsive,69,10,832,Compulsive,89300,10,4.950851458888547
10,833,341.0144927536232,Disorder,69,10,833,Disorder,795227,8,5.900491117053173
10,834,339.0289855072464,are,69,10,834,are,817391287,3,8.912430004028879
10,835,314.54411764705884,genetically,68,10,835,genetically,1011585,11,6.005002380908106
10,836,316.9130434782609,related,69,10,836,related,32471782,7,7.5115061226737625
10,837,322.0869565217391,to,69,10,837,to,4223327232,2,9.62565473275005
10,838,313.57971014492756,"Tourette's,",69,10,838,Tourette 's,67892,11,4.831818602549336
10,839,329.9710144927536,but,69,10,839,but,422070748,3,8.625385254020305
10,840,314.15942028985506,there,69,10,840,there,243799443,5,8.38703270906619
10,841,291.9855072463768,is,69,10,841,is,1780724214,2,9.250596664206503
10,842,308.39130434782606,less,69,10,842,less,66492927,4,7.822775450893482
10,843,304.1159420289855,evidence,69,10,843,evidence,34374951,8,7.536242087770835
10,844,294.3333333333333,for,69,10,844,for,1388290219,3,9.14248026391068
10,845,295.4492753623188,a,69,10,845,a,3213754375,1,9.507012680872096
10,846,308.7391304347826,genetic,69,10,846,genetic,6632840,7,6.821699521200804
10,847,303.5507246376812,relationship,69,10,847,relationship,33122694,12,7.520125652441134
10,848,319.3188405797101,between,69,10,848,between,169905876,7,8.2302083987057
10,849,319.40579710144925,Tourette's,69,10,849,Tourette 's,67892,10,4.831818602549336
10,850,320.4492753623188,and,69,10,850,and,4873010095,3,9.687797311073117
10,851,301.40579710144925,other,69,10,851,other,281661595,5,8.449727634289163
10,852,320.1304347826087,neurobehavioral,69,10,852,neurobehavioral,43009,15,4.6335593449132935
10,853,375.1304347826087,problems,69,10,853,problems,42582185,8,7.629227942426316
10,854,321.4927536231884,that,69,10,854,that,1746480437,4,9.24216372530116
10,855,326.5652173913044,Tourette's,69,10,855,Tourette 's,67892,10,4.831818602549336
10,856,335.3333333333333,commonly,69,10,856,commonly,8554298,8,6.93218437539254
10,857,364.01428571428573,co-occurs,70,10,857,co - occurs,9639,9,3.9840319802711806
10,858,400.04285714285714,with.,70,10,858,with,1110064802,5,9.0453483322367
10,859,363.1304347826087,An,69,10,859,An,45353314,2,7.656609026772699
10,860,322.3,important,70,10,860,important,77762315,9,7.8907691811461005
10,861,365.6231884057971,role,69,10,861,role,40882681,4,7.611539368176743
10,862,324.39130434782606,in,69,10,862,in,3271087682,2,9.514692185610274
10,863,316.0,Tourette's,69,10,863,Tourette 's,67892,10,4.831818602549336
10,864,364.7857142857143,gene,70,10,864,gene,7687339,4,6.885776033220054
10,865,347.6376811594203,expression,69,10,865,expression,20601318,10,7.313895005894235
10,866,339.2857142857143,is,70,10,866,is,1780724214,2,9.250596664206503
10,867,324.0289855072464,played,69,10,867,played,13062452,6,7.116024707575823
10,868,309.0144927536232,by,69,10,868,by,877228367,2,8.94311266704604
10,869,297.2173913043478,the,69,10,869,the,9819942513,3,9.992108945387768
10,870,313.07142857142856,sex,70,10,870,sex,14316212,3,7.155828120966112
10,871,307.0,of,71,10,871,of,6162371881,2,9.789747903165104
10,872,335.42857142857144,the,70,10,872,the,9819942513,3,9.992108945387768
10,873,322.4507042253521,person.,71,10,873,person,54204685,7,7.7340368249464175
10,874,325.15492957746477,In,71,10,874,In,372732694,2,8.57139748827585
10,875,309.9583333333333,"particular,",72,10,875,particular,45358301,11,7.656656778685912
10,876,302.5774647887324,males,71,10,876,males,4814665,5,6.682566074697769
10,877,322.44444444444446,affected,72,10,877,affected,11155698,8,7.047496748807635
10,878,308.63380281690144,by,71,10,878,by,877228367,2,8.94311266704604
10,879,299.55555555555554,the,72,10,879,the,9819942513,3,9.992108945387768
10,880,293.22222222222223,gene,72,10,880,gene,7687339,4,6.885776033220054
10,881,301.1267605633803,are,71,10,881,are,817391287,3,8.912430004028879
10,882,306.1388888888889,more,72,10,882,more,329429635,4,8.517762665076773
10,883,289.84507042253523,likely,71,10,883,likely,31832191,6,7.502866532006552
10,884,285.85915492957747,to,71,10,884,to,4223327232,2,9.62565473275005
10,885,293.056338028169,have,71,10,885,have,593092485,4,8.773122421177646
10,886,301.67605633802816,tics,71,10,886,tics,158923,4,5.201186754666413
10,887,308.7536231884058,and,69,10,887,and,4873010095,3,9.687797311073117
10,888,315.92957746478874,females,71,10,888,females,4184991,7,6.621694528361647
10,889,310.55555555555554,who,72,10,889,who,294018466,3,8.46837460738514
10,890,288.7638888888889,have,72,10,890,have,593092485,4,8.773122421177646
10,891,294.0571428571429,a,70,10,891,a,3213754375,1,9.507012680872096
10,892,317.28169014084506,genetic,71,10,892,genetic,6632840,7,6.821699521200804
10,893,343.1142857142857,predisposition,70,10,893,predisposition,399370,14,5.601375438291828
10,894,350.34285714285716,are,70,10,894,are,817391287,3,8.912430004028879
10,895,317.50704225352115,more,71,10,895,more,329429635,4,8.517762665076773
10,896,298.2957746478873,likely,71,10,896,likely,31832191,6,7.502866532006552
10,897,300.49295774647885,to,71,10,897,to,4223327232,2,9.62565473275005
10,898,300.12857142857143,have,70,10,898,have,593092485,4,8.773122421177646
10,899,423.4428571428571,obsessive-compulsive,70,10,899,obsessive - compulsive,161252,20,5.207505109872126
10,900,510.6212121212121,symptoms.,66,10,900,symptoms,9935013,9,6.997168439722087
10,901,422.1159420289855,Much,69,10,901,Much,4642375,4,6.666740218811152
10,902,357.27142857142854,current,70,10,902,current,30595808,7,7.485661926900465
10,903,469.4714285714286,research,70,10,903,research,44020920,8,7.6436591146995685
10,904,372.7,is,70,10,904,is,1780724214,2,9.250596664206503
10,905,323.3142857142857,aimed,70,10,905,aimed,4404246,5,6.643871568578281
10,906,316.62857142857143,at,70,10,906,at,654432238,2,8.815864684979672
10,907,305.34285714285716,better,70,10,907,better,48996201,6,7.690162407606098
10,908,337.34285714285716,understanding,70,10,908,understanding,25680525,13,7.409603897989976
10,909,338.4428571428571,the,70,10,909,the,9819942513,3,9.992108945387768
10,910,311.74285714285713,genetic,70,10,910,genetic,6632840,7,6.821699521200804
10,911,320.72857142857146,basis,70,10,911,basis,27563419,5,7.440333086992422
10,912,304.6857142857143,and,70,10,912,and,4873010095,3,9.687797311073117
10,913,357.84285714285716,symptomology,70,10,913,symptomology,12058,12,4.081275279529334
10,914,394.4,of,70,10,914,of,6162371881,2,9.789747903165104
10,915,417.8857142857143,"Tourette's,",70,10,915,Tourette 's,67892,11,4.831818602549336
10,916,359.76056338028167,as,71,10,916,as,1139819594,2,9.056836118415085
10,917,315.0281690140845,well,71,10,917,well,134592416,4,8.129020588995349
10,918,299.7,as,70,10,918,as,1139819594,2,9.056836118415085
10,919,309.9714285714286,its,70,10,919,its,259806050,3,8.414649260097374
10,920,338.04347826086956,relationship,69,10,920,relationship,33122694,12,7.520125652441134
10,921,330.12857142857143,to,70,10,921,to,4223327232,2,9.62565473275005
10,922,316.9142857142857,related,70,10,922,related,32471782,7,7.5115061226737625
10,923,311.14285714285717,disorders.,70,10,923,disorders,6663560,10,6.823706312546271
10,924,338.4492753623188,The,69,10,924,The,1217211729,3,9.085366128549287
10,925,317.3098591549296,hope,71,10,925,hope,18868214,4,7.275730793294041
10,926,313.80281690140845,is,71,10,926,is,1780724214,2,9.250596664206503
10,927,321.3380281690141,that,71,10,927,that,1746480437,4,9.24216372530116
10,928,296.9577464788732,this,71,10,928,this,599554050,4,8.777828340993896
10,929,313.0422535211268,research,71,10,929,research,44020920,8,7.6436591146995685
10,930,316.14084507042253,leads,71,10,930,leads,10129834,5,7.005602328531584
10,931,313.09859154929575,to,71,10,931,to,4223327232,2,9.62565473275005
10,932,301.2957746478873,better,71,10,932,better,48996201,6,7.690162407606098
10,933,304.8550724637681,diagnostic,69,10,933,diagnostic,3176470,10,6.501944758019783
10,934,351.50704225352115,tools,71,10,934,tools,10121943,5,7.005263887324165
10,935,323.5857142857143,and,70,10,935,and,4873010095,3,9.687797311073117
10,936,317.4142857142857,better,70,10,936,better,48996201,6,7.690162407606098
10,937,335.2676056338028,treatments,71,10,937,treatments,3207800,10,6.506207283052255
10,938,359.8611111111111,for,72,10,938,for,1388290219,3,9.14248026391068
10,939,506.72857142857146,Tourette's.,70,10,939,Tourette 's,67892,11,4.831818602549336
